Filename,Anomaly_Score,MSE,SSIM_Delta,KLD,Is_Anomaly
tile_27039.npy,0.5442908,0.08805688,0.99973637,0.3941923,True
tile_20780.npy,0.53868544,0.072348684,0.9997556,2.633245,True
tile_13970.npy,0.53750974,0.070058875,0.9998008,2.5799448,True
tile_7923.npy,0.53748226,0.06494537,0.99983406,5.0925684,True
tile_9125.npy,0.5365887,0.06807943,0.99981403,2.6420014,True
tile_6518.npy,0.5359325,0.06511579,0.9997986,3.4753206,True
tile_8574.npy,0.53582865,0.065485835,0.99944305,3.3641908,True
tile_24506.npy,0.5352011,0.069857195,0.99974847,0.3982464,True
tile_10496.npy,0.5350431,0.06483843,0.9998788,2.6844637,True
tile_9632.npy,0.5348308,0.06444086,0.9997305,2.7451212,True
tile_5983.npy,0.53426486,0.06364963,0.9998138,2.5331583,True
tile_9431.npy,0.5340181,0.0630254,0.99980724,2.6017787,True
tile_13111.npy,0.5339815,0.0630107,0.99977916,2.586543,True
tile_5638.npy,0.53396624,0.062990665,0.99976254,2.5896606,True
tile_10173.npy,0.5338885,0.06262336,0.99985456,2.6495576,True
tile_11195.npy,0.53337336,0.061548825,0.99976015,2.71889,True
tile_9474.npy,0.53320765,0.061233126,0.99980277,2.6896935,True
tile_5990.npy,0.5329771,0.060966223,0.9997489,2.619574,True
tile_9971.npy,0.53297603,0.06097297,0.99980044,2.5893652,True
tile_13492.npy,0.53287566,0.06035675,0.9995798,2.907384,True
tile_10326.npy,0.5327826,0.06042342,0.9997995,2.6711547,True
tile_8956.npy,0.5327527,0.060244016,0.99981284,2.7243047,True
tile_26501.npy,0.53252774,0.06458375,0.9996585,0.40662697,True
tile_10344.npy,0.5324681,0.060002837,0.9997555,2.5889404,True
tile_13620.npy,0.5324164,0.05981807,0.99972314,2.6458175,True
tile_8083.npy,0.5324138,0.059844363,0.9997835,2.5998085,True
tile_11382.npy,0.5322299,0.059269175,0.9997328,2.728919,True
tile_8075.npy,0.5321523,0.058942564,0.9997376,2.8122344,True
tile_8752.npy,0.5321328,0.058956146,0.99984497,2.732218,True
tile_12063.npy,0.5320424,0.0587892,0.9998236,2.7359846,True
tile_9128.npy,0.53196985,0.058968414,0.9997746,2.598349,True
tile_9625.npy,0.5319334,0.058692217,0.9998293,2.672683,True
tile_7203.npy,0.5318397,0.058670223,0.99981,2.599606,True
tile_5114.npy,0.53178644,0.05852269,0.99979264,2.6287978,True
tile_9105.npy,0.5316734,0.058276415,0.99976075,2.6547925,True
tile_8435.npy,0.5314738,0.057980277,0.9998245,2.5714111,True
tile_9961.npy,0.5314211,0.057937868,0.9997857,2.559284,True
tile_10664.npy,0.5313674,0.057848167,0.9997837,2.551517,True
tile_8753.npy,0.53133583,0.057553474,0.99982435,2.6468976,True
tile_11377.npy,0.53133357,0.057614684,0.9998092,2.6216495,True
tile_13969.npy,0.5311664,0.05690644,0.99976087,2.8326874,True
tile_8399.npy,0.5311349,0.055452816,0.99977595,3.5205731,True
tile_5816.npy,0.5310502,0.056919448,0.99983275,2.6740847,True
tile_11712.npy,0.53103256,0.057024986,0.9997943,2.622874,True
tile_9969.npy,0.5310227,0.05650443,0.9997214,2.9098148,True
tile_14547.npy,0.53096336,0.05621303,0.99972326,2.9951968,True
tile_12057.npy,0.5309394,0.056691587,0.99973905,2.7241213,True
tile_7394.npy,0.53092736,0.05696199,0.9997727,2.5600195,True
tile_8228.npy,0.53080755,0.05669015,0.9998485,2.5382383,True
tile_6519.npy,0.5307818,0.05596466,0.9997369,2.9310176,True
tile_5629.npy,0.5307453,0.056336835,0.99983,2.661866,True
tile_5459.npy,0.53065485,0.05625099,0.99978256,2.6380417,True
tile_11535.npy,0.530651,0.056117944,0.99975884,2.712583,True
tile_6861.npy,0.5306288,0.05609755,0.99971604,2.7220116,True
tile_11366.npy,0.5306242,0.056319095,0.99977905,2.5751374,True
tile_9477.npy,0.5306013,0.056214683,0.99976975,2.6091511,True
tile_8431.npy,0.5305919,0.056031913,0.9998706,2.6406884,True
tile_7211.npy,0.5305901,0.056347914,0.9997593,2.536463,True
tile_10303.npy,0.53055596,0.056061327,0.99967307,2.6887522,True
tile_9619.npy,0.53049827,0.055360638,0.9997123,2.9618235,True
tile_6340.npy,0.5304182,0.055873588,0.9997764,2.5932038,True
tile_8779.npy,0.5303498,0.055707105,0.99979216,2.6001587,True
tile_6527.npy,0.5302972,0.05575145,0.9997472,2.5478895,True
tile_10838.npy,0.5302956,0.055663437,0.9997844,2.571702,True
tile_7733.npy,0.53022575,0.055390093,0.9997526,2.6544163,True
tile_8568.npy,0.5302094,0.05528341,0.9998025,2.6664448,True
tile_6692.npy,0.530137,0.05506611,0.99971515,2.7463899,True
tile_10145.npy,0.5300588,0.055111002,0.99981993,2.5933614,True
tile_9615.npy,0.530042,0.055250987,0.9997292,2.5519338,True
tile_8084.npy,0.5299634,0.05472798,0.99984926,2.6747339,True
tile_8401.npy,0.5299176,0.05454106,0.99968255,2.8057475,True
tile_8096.npy,0.5297896,0.054759145,0.99979436,2.5128543,True
tile_8256.npy,0.5297734,0.05451594,0.9997596,2.6356673,True
tile_9094.npy,0.52976453,0.054254286,0.999796,2.7394214,True
tile_15568.npy,0.52975476,0.05327452,0.9995678,3.333585,True
tile_11551.npy,0.52972925,0.05439584,0.99975616,2.6532323,True
tile_20579.npy,0.5297152,0.05384031,0.9998395,2.8752642,True
tile_19020.npy,0.52967244,0.05405567,0.9997357,2.77677,True
tile_15380.npy,0.529636,0.0541555,0.99985445,2.6310396,True
tile_9644.npy,0.5296199,0.054375637,0.9997105,2.576812,True
tile_5994.npy,0.5295634,0.054236434,0.99976885,2.5607834,True
tile_12938.npy,0.52951163,0.054057684,0.99976695,2.5992808,True
tile_8757.npy,0.5295105,0.054078035,0.9996869,2.628008,True
tile_9780.npy,0.5294687,0.05362564,0.999839,2.736375,True
tile_5467.npy,0.529456,0.053853646,0.99976,2.6491747,True
tile_15567.npy,0.5294237,0.053356983,0.9997341,2.8781817,True
tile_5117.npy,0.52937865,0.053866666,0.9997912,2.5496933,True
tile_11008.npy,0.5293558,0.053816073,0.9998014,2.5471044,True
tile_9977.npy,0.5293323,0.053713672,0.9998401,2.555413,True
tile_9271.npy,0.52930903,0.053438306,0.99978775,2.6960115,True
tile_8396.npy,0.52929217,0.053527944,0.9997363,2.6600237,True
tile_12055.npy,0.5292794,0.05351323,0.99976355,2.6410408,True
tile_16087.npy,0.5292538,0.053566046,0.9997252,2.6081448,True
tile_10134.npy,0.5291631,0.053153135,0.99976146,2.7058058,True
tile_6330.npy,0.5291118,0.053183764,0.99979645,2.6217124,True
tile_10750.npy,0.5289959,0.05753616,0.9996455,0.40509477,True
tile_4770.npy,0.528947,0.0528254,0.99975926,2.6546469,True
tile_11361.npy,0.52891576,0.05290427,0.9997904,2.5683987,True
tile_9613.npy,0.5289049,0.05270283,0.9997119,2.697609,True
tile_12572.npy,0.52887785,0.05269696,0.9997495,2.6546373,True
tile_5646.npy,0.5288746,0.05261813,0.9998203,2.6553879,True
tile_15029.npy,0.52882713,0.05277527,0.99976665,2.5561352,False
tile_10830.npy,0.5288258,0.052583948,0.9997678,2.6499603,False
tile_9315.npy,0.5287863,0.05252563,0.99978995,2.628481,False
tile_8925.npy,0.528746,0.052312605,0.99978197,2.6986904,False
tile_20422.npy,0.52870727,0.05205731,0.9997421,2.8075373,False
tile_20600.npy,0.5286928,0.0523815,0.9997339,2.6350634,False
tile_20138.npy,0.5285781,0.050715834,0.9995917,3.4243543,False
tile_9445.npy,0.528509,0.05164841,0.9998197,2.7749376,False
tile_11036.npy,0.52850765,0.052017618,0.9997391,2.629282,False
tile_19194.npy,0.5285015,0.05196474,0.9998047,2.6168258,False
tile_8618.npy,0.52848935,0.05201484,0.9996434,2.660226,False
tile_11528.npy,0.5284805,0.05196495,0.9997115,2.6422918,False
tile_5641.npy,0.52847445,0.051753208,0.9998173,2.6892068,False
tile_11373.npy,0.5284744,0.051744193,0.9997673,2.7186532,False
tile_7552.npy,0.52839917,0.05171035,0.9997996,2.6441674,False
tile_9265.npy,0.5283989,0.051678166,0.9997347,2.6924365,False
tile_5996.npy,0.5283897,0.05180993,0.99974865,2.6103923,False
tile_11715.npy,0.52830243,0.051313438,0.9998155,2.7379327,False
tile_8056.npy,0.52818054,0.051236726,0.9997761,2.674087,False
tile_7039.npy,0.52815676,0.051063158,0.99969363,2.7783759,False
tile_8945.npy,0.52811116,0.05124468,0.9998087,2.5844672,False
tile_13968.npy,0.52809083,0.05126018,0.99975896,2.581225,False
tile_8576.npy,0.5280357,0.051128007,0.9998304,2.5565064,False
tile_14022.npy,0.52802473,0.05059684,0.9997396,2.8565156,False
tile_5631.npy,0.5279924,0.05085351,0.999718,2.706634,False
tile_11723.npy,0.527987,0.051115334,0.9997865,2.5360537,False
tile_9642.npy,0.52794063,0.05101309,0.9996989,2.5846593,False
tile_14853.npy,0.5279403,0.050797768,0.9996986,2.6921115,False
tile_4771.npy,0.5278175,0.050587468,0.9997086,2.6694832,False
tile_7193.npy,0.5278041,0.05063902,0.9997253,2.6219616,False
tile_10826.npy,0.5278031,0.05035343,0.9997351,2.758865,False
tile_8919.npy,0.5277615,0.05053149,0.9997042,2.6437178,False
tile_21459.npy,0.52774006,0.050424494,0.99976534,2.645154,False
tile_10304.npy,0.52771354,0.05043837,0.99966156,2.663538,False
tile_7047.npy,0.52770746,0.050332934,0.99983597,2.6230223,False
tile_7221.npy,0.5276561,0.05027227,0.9997433,2.648293,False
tile_21293.npy,0.52762115,0.050357625,0.99967575,2.6044722,False
tile_5127.npy,0.52759117,0.05008338,0.99971604,2.6914682,False
tile_11026.npy,0.52751565,0.0500376,0.9997095,2.642121,False
tile_9484.npy,0.52750605,0.050099943,0.9997584,2.5768955,False
tile_19734.npy,0.52749217,0.049956266,0.99976504,2.6314662,False
tile_9470.npy,0.52748144,0.049815007,0.99973315,2.7073743,False
tile_18527.npy,0.5274733,0.049992234,0.9997472,2.603517,False
tile_20261.npy,0.5274616,0.049954947,0.999766,2.6011474,False
tile_12402.npy,0.5273696,0.04985132,0.9997755,2.5562246,False
tile_8069.npy,0.5273578,0.048490748,0.99965245,3.2862124,False
tile_8617.npy,0.5273575,0.0497877,0.99975264,2.587384,False
tile_5480.npy,0.5273444,0.04968507,0.9997472,2.6282818,False
tile_12283.npy,0.52732015,0.049819633,0.9996401,2.590269,False
tile_19198.npy,0.5272972,0.04967405,0.99971473,2.6028225,False
tile_19209.npy,0.52717954,0.049644746,0.99967825,2.518064,False
tile_14373.npy,0.52711296,0.048718087,0.9997171,2.8953648,False
tile_11253.npy,0.5270384,0.048626345,0.99973726,2.8566122,False
tile_18333.npy,0.5270055,0.049202215,0.9996785,2.5651422,False
tile_14684.npy,0.5270052,0.048791975,0.9997664,2.7260473,False
tile_19029.npy,0.5269726,0.048947502,0.9997823,2.6076884,False
tile_16431.npy,0.5269644,0.048986882,0.9996656,2.6381328,False
tile_12952.npy,0.5269552,0.04900537,0.999766,2.569525,False
tile_18222.npy,0.526953,0.048792258,0.9997369,2.6884124,False
tile_13288.npy,0.52694726,0.048940737,0.99972165,2.6160436,False
tile_11384.npy,0.5269279,0.04898356,0.9996902,2.5910234,False
tile_9987.npy,0.5269217,0.048997846,0.9997335,2.5560207,False
tile_19897.npy,0.52689624,0.04876621,0.9997374,2.6444168,False
tile_15717.npy,0.52688456,0.048788104,0.9997793,2.6008708,False
tile_11706.npy,0.52683127,0.048625354,0.99964523,2.6959476,False
tile_20952.npy,0.52681345,0.048473503,0.99974936,2.701981,False
tile_20758.npy,0.5267888,0.04856532,0.9998166,2.5978055,False
tile_21124.npy,0.526784,0.048538618,0.9997295,2.6499352,False
tile_15556.npy,0.5267709,0.048441645,0.99982363,2.6383028,False
tile_16090.npy,0.5267635,0.048533533,0.9997241,2.634732,False
tile_16578.npy,0.5267364,0.053006373,0.99966705,0.3996316,False
tile_16612.npy,0.52672136,0.048328303,0.9997547,2.6798048,False
tile_11237.npy,0.526693,0.047926176,0.99968976,2.8850214,False
tile_5472.npy,0.526675,0.048397176,0.999862,2.545419,False
tile_21302.npy,0.52664715,0.04819125,0.999801,2.651043,False
tile_14374.npy,0.5266377,0.047852524,0.99972826,2.8472269,False
tile_10131.npy,0.5266239,0.048303,0.999759,2.5929387,False
tile_11030.npy,0.5266054,0.048083663,0.9997693,2.678956,False
tile_19705.npy,0.52659583,0.048349533,0.9996622,2.5899494,False
tile_16966.npy,0.5265958,0.048130967,0.9997261,2.6672208,False
tile_7225.npy,0.5265866,0.04827286,0.9996562,2.6220956,False
tile_12926.npy,0.5265611,0.04817632,0.9997747,2.5856028,False
tile_21454.npy,0.5265401,0.047347434,0.99962217,3.0552845,False
tile_13016.npy,0.5264925,0.047870595,0.9997323,2.6910164,False
tile_5132.npy,0.5264613,0.04799693,0.99975824,2.5837164,False
tile_20245.npy,0.5264432,0.048016734,0.9997121,2.5787497,False
tile_21466.npy,0.5264298,0.047957543,0.9997831,2.5594027,False
tile_17523.npy,0.5264254,0.04734008,0.9997747,2.8680334,False
tile_13528.npy,0.52642477,0.04798723,0.999658,2.60214,False
tile_6854.npy,0.52638716,0.04772391,0.99981135,2.6195326,False
tile_13679.npy,0.5263852,0.047710776,0.99968415,2.6877198,False
tile_17487.npy,0.5263842,0.04771927,0.9997329,2.6580682,False
tile_18866.npy,0.526377,0.047995977,0.99957275,2.5926795,False
tile_18330.npy,0.5263257,0.04752659,0.99980354,2.6606421,False
tile_6873.npy,0.5263056,0.04751772,0.9997117,2.690933,False
tile_20411.npy,0.5262851,0.04782775,0.99970824,2.5171227,False
tile_13463.npy,0.5262803,0.047697775,0.9995992,2.6317534,False
tile_17477.npy,0.52626014,0.047501028,0.9996474,2.685903,False
tile_16954.npy,0.526259,0.047586605,0.9997535,2.5890093,False
tile_14154.npy,0.5262342,0.047508173,0.99969006,2.6351292,False
tile_9433.npy,0.5262317,0.04752478,0.9997292,2.6047385,False
tile_9096.npy,0.5262108,0.04724849,0.9997935,2.6898065,False
tile_20246.npy,0.5261857,0.047401916,0.99978536,2.5920398,False
tile_12778.npy,0.52616507,0.047612317,0.9996313,2.5432968,False
tile_13671.npy,0.5261625,0.04743868,0.9997093,2.5885053,False
tile_18576.npy,0.5261234,0.047390778,0.9997068,2.574635,False
tile_5124.npy,0.52611727,0.0470827,0.9998007,2.6756144,False
tile_10832.npy,0.52609855,0.047219407,0.9997315,2.6230595,False
tile_19894.npy,0.5260909,0.04713305,0.9996071,2.7208607,False
tile_4776.npy,0.52603453,0.047161594,0.99976087,2.573289,False
tile_11526.npy,0.52600354,0.04658912,0.99982464,2.7966409,False
tile_19191.npy,0.5259881,0.04691503,0.9997442,2.658492,False
tile_18036.npy,0.525973,0.047101166,0.9997012,2.5718408,False
tile_16437.npy,0.52595663,0.04693874,0.9997376,2.618404,False
tile_15023.npy,0.5259126,0.046665452,0.9997604,2.6996698,False
tile_18918.npy,0.5259072,0.046926916,0.99975044,2.5685513,False
tile_29645.npy,0.5258673,0.051282965,0.9996693,0.3911334,False
tile_12994.npy,0.52583086,0.04679722,0.99973416,2.5651212,False
tile_19265.npy,0.5257835,0.0465095,0.99970394,2.676809,False
tile_11725.npy,0.52576584,0.046785068,0.9997406,2.5030046,False
tile_18232.npy,0.52575964,0.04657629,0.99969965,2.6216352,False
tile_21452.npy,0.52569854,0.04630989,0.9996983,2.6944952,False
tile_20778.npy,0.5256729,0.04628568,0.9997417,2.659267,False
tile_19555.npy,0.52564585,0.04601068,0.9996636,2.8087177,False
tile_12399.npy,0.52563846,0.046378113,0.9997994,2.549687,False
tile_5131.npy,0.5256204,0.04626758,0.9997006,2.636319,False
tile_22158.npy,0.5256087,0.046421953,0.99967843,2.558549,False
tile_19365.npy,0.52558017,0.046105534,0.9997023,2.676249,False
tile_13535.npy,0.5255791,0.046291918,0.9997395,2.5633678,False
tile_15897.npy,0.52556574,0.046088953,0.99968874,2.6769025,False
tile_18504.npy,0.5255643,0.046142053,0.99971396,2.6363292,False
tile_20488.npy,0.52555174,0.04595085,0.99952114,2.8157475,False
tile_15287.npy,0.5255189,0.046050448,0.99974644,2.620479,False
tile_4952.npy,0.525506,0.045954555,0.99978954,2.6339762,False
tile_21274.npy,0.525504,0.04614049,0.99966365,2.6019247,False
tile_15578.npy,0.52548426,0.04600618,0.9997328,2.6148186,False
tile_15050.npy,0.5254753,0.045827754,0.9996671,2.7278395,False
tile_12660.npy,0.5254443,0.04584855,0.9996817,2.679178,False
tile_8766.npy,0.52543694,0.046025403,0.99969935,2.574561,False
tile_20478.npy,0.52541405,0.045986533,0.9996724,2.5845873,False
tile_8587.npy,0.525395,0.045955762,0.99976504,2.5345888,False
tile_8595.npy,0.5253728,0.045748822,0.9996307,2.6830335,False
tile_11238.npy,0.52535605,0.045893967,0.9996932,2.5624802,False
tile_12680.npy,0.5253499,0.04539548,0.999636,2.8342285,False
tile_15444.npy,0.5253339,0.045649923,0.9997099,2.653941,False
tile_8917.npy,0.5253177,0.045671664,0.99971706,2.6233659,False
tile_13019.npy,0.52530617,0.045739688,0.9997309,2.57088,False
tile_14761.npy,0.52529436,0.045481827,0.9997508,2.6780112,False
tile_20072.npy,0.52526844,0.045456283,0.9997203,2.680166,False
tile_15981.npy,0.5252609,0.045599885,0.9997004,2.610765,False
tile_13989.npy,0.5252468,0.04568241,0.9996556,2.5777564,False
tile_11776.npy,0.5252421,0.045570057,0.9996605,2.6268308,False
tile_19725.npy,0.52522063,0.045570564,0.9996748,2.597945,False
tile_21805.npy,0.5252146,0.04537336,0.9996364,2.709737,False
tile_20086.npy,0.52519697,0.04556275,0.99960905,2.6110284,False
tile_6845.npy,0.52519584,0.045484602,0.9997104,2.5983493,False
tile_16244.npy,0.5251819,0.04543598,0.9997178,2.6050181,False
tile_15560.npy,0.52515775,0.045378722,0.9997465,2.595134,False
tile_15206.npy,0.52515763,0.045387167,0.9997597,2.5842047,False
tile_19429.npy,0.5251566,0.045245267,0.99978113,2.6433883,False
tile_12634.npy,0.52514297,0.04469729,0.9997057,2.941507,False
tile_14007.npy,0.5251225,0.045436013,0.99967766,2.5656872,False
tile_14712.npy,0.5251199,0.045278363,0.99968195,2.6397848,False
tile_13502.npy,0.52510947,0.04511057,0.9997203,2.694082,False
tile_13647.npy,0.5250954,0.045245253,0.9996594,2.6430602,False
tile_20773.npy,0.525065,0.045080118,0.99977034,2.6397867,False
tile_18579.npy,0.52506477,0.045215018,0.99967384,2.620313,False
tile_17476.npy,0.5250584,0.044389844,0.999904,2.9114695,False
tile_12599.npy,0.5250372,0.045178026,0.9997389,2.5787878,False
tile_9267.npy,0.5250325,0.045357622,0.99966913,2.5191548,False
tile_15108.npy,0.5250156,0.045156706,0.9996829,2.595774,False
tile_15565.npy,0.52501255,0.0451895,0.99970526,2.565228,False
tile_12401.npy,0.52498794,0.045084745,0.999765,2.5630722,False
tile_15393.npy,0.52496135,0.04498545,0.9997394,2.5989392,False
tile_14353.npy,0.5249408,0.044976003,0.999577,2.664268,False
tile_14517.npy,0.5248917,0.04479091,0.9997399,2.6262767,False
tile_17369.npy,0.5248868,0.044848803,0.99963725,2.6437843,False
tile_20255.npy,0.5248854,0.044680424,0.99961036,2.740046,False
tile_9812.npy,0.5248483,0.044775005,0.99974805,2.586784,False
tile_19539.npy,0.5248252,0.044577904,0.9997299,2.6713002,False
tile_7223.npy,0.52482206,0.044608697,0.99969107,2.6722136,False
tile_22681.npy,0.52480394,0.04434095,0.9996324,2.8172703,False
tile_18397.npy,0.524787,0.044646893,0.999701,2.6130786,False
tile_15071.npy,0.52476436,0.04409756,0.9997307,2.8502448,False
tile_15400.npy,0.5247527,0.044503868,0.999703,2.6492407,False
tile_15228.npy,0.5247441,0.044477187,0.99971443,2.6483219,False
tile_18404.npy,0.5247355,0.044415645,0.99974614,2.6546009,False
tile_14004.npy,0.52473074,0.044550784,0.99970454,2.603026,False
tile_13853.npy,0.52472526,0.044535875,0.99976563,2.5745094,False
tile_19195.npy,0.52469194,0.04416855,0.99974275,2.736288,False
tile_19380.npy,0.5246895,0.044382986,0.99974567,2.6251624,False
tile_15261.npy,0.52465296,0.044824097,0.9996598,2.4110222,False
tile_8419.npy,0.5246401,0.04461821,0.99969035,2.4858203,False
tile_13513.npy,0.52462924,0.044339046,0.9997324,2.5935256,False
tile_14218.npy,0.52459687,0.044191323,0.9997347,2.633858,False
tile_12316.npy,0.5245814,0.044388697,0.99966085,2.5566196,False
tile_11702.npy,0.5245694,0.044265278,0.9997127,2.5803835,False
tile_18729.npy,0.5245549,0.044425085,0.99963367,2.5254986,False
tile_19892.npy,0.524527,0.044114236,0.9996263,2.6567585,False
tile_20239.npy,0.52452695,0.043899808,0.99972737,2.7133653,False
tile_17115.npy,0.52451456,0.0442701,0.999651,2.553978,False
tile_12475.npy,0.5245069,0.04451503,0.99961865,2.440099,False
tile_19188.npy,0.52450275,0.04399713,0.99967873,2.6648023,False
tile_21112.npy,0.5244889,0.04406128,0.9997156,2.6005147,False
tile_22685.npy,0.5244788,0.044130348,0.99968255,2.5723433,False
tile_19620.npy,0.5244142,0.043810226,0.9996527,2.6827173,False
tile_18046.npy,0.5243893,0.04378856,0.9995736,2.708252,False
tile_8593.npy,0.5243544,0.04387428,0.99968475,2.574883,False
tile_8062.npy,0.5243497,0.043883376,0.9996656,2.5752404,False
tile_12637.npy,0.5243495,0.043952987,0.9996662,2.539909,False
tile_18555.npy,0.52434605,0.043865122,0.9996534,2.5867832,False
tile_13808.npy,0.5243349,0.043830663,0.9995936,2.6227922,False
tile_15544.npy,0.52431893,0.043682538,0.999638,2.6586578,False
tile_18865.npy,0.524302,0.0440247,0.9996477,2.465815,False
tile_14858.npy,0.5242981,0.043491513,0.9997809,2.6618767,False
tile_5300.npy,0.5242959,0.04351834,0.9997579,2.65786,False
tile_15747.npy,0.5242822,0.0436533,0.999692,2.6095471,False
tile_22518.npy,0.52428025,0.04362248,0.9997807,2.5786996,False
tile_15745.npy,0.5242704,0.0436801,0.99969494,2.582911,False
tile_20136.npy,0.52426344,0.04354553,0.999739,2.6211941,False
tile_15583.npy,0.52425814,0.04353837,0.99962443,2.6767273,False
tile_19532.npy,0.5242549,0.043770306,0.9996833,2.528103,False
tile_18402.npy,0.5242387,0.043768123,0.99962896,2.5401566,False
tile_16122.npy,0.52422947,0.043467343,0.99973583,2.6279328,False
tile_4957.npy,0.52421236,0.043465346,0.9997454,2.6070094,False
tile_12944.npy,0.5242019,0.04361563,0.9996328,2.5776958,False
tile_16648.npy,0.52420086,0.04358798,0.9997535,2.5301452,False
tile_20069.npy,0.52418405,0.043340474,0.9996916,2.6680112,False
tile_10331.npy,0.52416116,0.04351324,0.99964726,2.5809598,False
tile_14528.npy,0.5241518,0.043346558,0.9996509,2.6530733,False
tile_14567.npy,0.52413976,0.043422937,0.9996398,2.6083941,False
tile_12991.npy,0.5240965,0.043258935,0.9996839,2.6250231,False
tile_11265.npy,0.5240849,0.043140084,0.9996783,2.6757183,False
tile_20930.npy,0.5240639,0.04325315,0.9996729,2.600861,False
tile_7192.npy,0.52405286,0.043203574,0.9997199,2.591162,False
tile_14720.npy,0.5240348,0.042882692,0.9996755,2.7556992,False
tile_16810.npy,0.52400553,0.043352157,0.99970245,2.4782457,False
tile_19090.npy,0.5239989,0.04319583,0.99967164,2.5651922,False
tile_10686.npy,0.52398425,0.043158256,0.999712,2.5490956,False
tile_13644.npy,0.523982,0.043121748,0.9996944,2.5738978,False
tile_13645.npy,0.5239635,0.043146033,0.9996231,2.578901,False
tile_16445.npy,0.5239313,0.042793866,0.9998166,2.6261191,False
tile_15209.npy,0.52393055,0.042913906,0.99964565,2.6508057,False
tile_13297.npy,0.52389765,0.043068442,0.99972486,2.5009828,False
tile_22333.npy,0.52388304,0.042762075,0.9997357,2.634141,False
tile_11971.npy,0.52387595,0.042904492,0.9996222,2.6125958,False
tile_14345.npy,0.523862,0.042688973,0.99961364,2.7107253,False
tile_19361.npy,0.5238581,0.042763315,0.999691,2.6308908,False
tile_9985.npy,0.52381617,0.042714015,0.9996261,2.646111,False
tile_20957.npy,0.5237991,0.042812593,0.999698,2.5438144,False
tile_14716.npy,0.5237447,0.042290278,0.99965996,2.7695646,False
tile_23209.npy,0.5237297,0.041832052,0.99955255,3.0373662,False
tile_12124.npy,0.5237031,0.042605832,0.9996741,2.5631156,False
tile_9084.npy,0.5236895,0.042476118,0.9997153,2.5937347,False
tile_13116.npy,0.5236777,0.042525668,0.9997308,2.5494423,False
tile_17132.npy,0.52367264,0.042385705,0.99973917,2.6102288,False
tile_17624.npy,0.52366567,0.042436257,0.9996946,2.6002607,False
tile_13648.npy,0.5236359,0.042386785,0.99972266,2.5811925,False
tile_20933.npy,0.52363074,0.042187795,0.99978,2.646841,False
tile_16316.npy,0.5236121,0.04259637,0.999614,2.5068932,False
tile_13127.npy,0.5235654,0.04197633,0.99974203,2.706211,False
tile_4252.npy,0.5235486,0.042284872,0.9996298,2.5912244,False
tile_13810.npy,0.5235347,0.042021252,0.9996676,2.690289,False
tile_15792.npy,0.5235343,0.042283498,0.9996669,2.5590732,False
tile_19094.npy,0.5235336,0.042098433,0.9996571,2.6558242,False
tile_12635.npy,0.5234446,0.042057075,0.99969625,2.5679417,False
tile_15460.npy,0.5234379,0.042061746,0.99971545,2.5493443,False
tile_14896.npy,0.5234349,0.041891966,0.99976397,2.6068997,False
tile_16938.npy,0.5234106,0.042063154,0.9996692,2.5444381,False
tile_7888.npy,0.5234103,0.041910548,0.9997031,2.6035,False
tile_21113.npy,0.5234083,0.041925844,0.9997869,2.5519037,False
tile_15891.npy,0.52340376,0.04187387,0.99972457,2.6045418,False
tile_12947.npy,0.5233979,0.04183271,0.9997586,2.6022508,False
tile_14352.npy,0.5233898,0.041591845,0.9996277,2.7800343,False
tile_11586.npy,0.5233663,0.04211621,0.9996082,2.5040336,False
tile_14192.npy,0.52336615,0.041860625,0.99965966,2.6060438,False
tile_14403.npy,0.5233508,0.041859426,0.99963784,2.6021605,False
tile_17460.npy,0.52334934,0.042026628,0.99958664,2.542741,False
tile_10547.npy,0.5233465,0.041827217,0.9997235,2.5711117,False
tile_12943.npy,0.5233383,0.04184448,0.99971837,2.5569243,False
tile_19902.npy,0.52332723,0.041771285,0.99965405,2.614581,False
tile_15801.npy,0.52329504,0.041626178,0.9997643,2.5997508,False
tile_20572.npy,0.5232903,0.041376863,0.99971485,2.7444615,False
tile_23029.npy,0.52328575,0.041699536,0.99962187,2.625071,False
tile_11788.npy,0.5232828,0.041731693,0.9996552,2.5893755,False
tile_7876.npy,0.5232823,0.04159651,0.9996389,2.664595,False
tile_13118.npy,0.5232642,0.041676186,0.99964154,2.6054053,False
tile_18056.npy,0.5232529,0.04146953,0.99974793,2.644159,False
tile_16480.npy,0.52325255,0.042026985,0.99970317,2.3874576,False
tile_11961.npy,0.5232504,0.0416535,0.9997109,2.5682094,False
tile_12473.npy,0.52324843,0.041736394,0.99968874,2.535873,False
tile_19243.npy,0.5232356,0.041651994,0.99969774,2.5607543,False
tile_13202.npy,0.5232143,0.041562855,0.9996038,2.6309316,False
tile_14162.npy,0.5232072,0.041639753,0.99961585,2.579405,False
tile_20486.npy,0.52320486,0.041647486,0.99967587,2.5431979,False
tile_19251.npy,0.5231923,0.04155422,0.999663,2.5836716,False
tile_15577.npy,0.5231731,0.04152353,0.99958634,2.6181166,False
tile_17346.npy,0.5231606,0.041668158,0.9996535,2.4997432,False
tile_17338.npy,0.5231523,0.04147008,0.9996545,2.5900097,False
tile_16288.npy,0.52314645,0.041433264,0.9996388,2.6104696,False
tile_12681.npy,0.5231385,0.041719824,0.9995216,2.5178134,False
tile_15240.npy,0.5231258,0.04129654,0.9996759,2.6395829,False
tile_16410.npy,0.5230933,0.041459285,0.9995184,2.6044464,False
tile_13120.npy,0.52309275,0.041403875,0.999739,2.5213268,False
tile_15247.npy,0.52304024,0.041291274,0.999632,2.5786169,False
tile_16930.npy,0.5230396,0.04136572,0.99959624,2.5585752,False
tile_16308.npy,0.52303904,0.041535266,0.99971443,2.4141808,False
tile_8420.npy,0.52302605,0.041144893,0.999707,2.6001081,False
tile_20300.npy,0.5230167,0.041073408,0.9997056,2.6271932,False
tile_14692.npy,0.5230124,0.041119322,0.99966806,2.618724,False
tile_13472.npy,0.5230041,0.04118757,0.99963236,2.5942013,False
tile_15286.npy,0.5229977,0.04088802,0.99974704,2.6800938,False
tile_20826.npy,0.52297926,0.040967785,0.99969125,2.6496954,False
tile_20229.npy,0.52297276,0.041004363,0.9997231,2.608986,False
tile_12651.npy,0.5229569,0.04135076,0.99959826,2.4824142,False
tile_12463.npy,0.5229396,0.041069306,0.99965024,2.5798497,False
tile_13475.npy,0.52292955,0.041062653,0.9996406,2.577899,False
tile_11069.npy,0.52292305,0.041046795,0.99967414,2.5626101,False
tile_14513.npy,0.5228625,0.040834025,0.99966234,2.6143188,False
tile_17623.npy,0.52284485,0.040719174,0.99969363,2.6384444,False
tile_16848.npy,0.5228421,0.041000605,0.9996894,2.4971557,False
tile_14213.npy,0.5227919,0.040794075,0.9996579,2.5659292,False
tile_13504.npy,0.5227809,0.040620126,0.9996715,2.6350527,False
tile_11090.npy,0.5227751,0.04060006,0.99974126,2.6044004,False
tile_13820.npy,0.52274805,0.04047022,0.9996614,2.6822789,False
tile_13499.npy,0.52274793,0.040558577,0.99966586,2.635734,False
tile_14584.npy,0.5227455,0.040793322,0.9996025,2.5475652,False
tile_17678.npy,0.52272993,0.040578075,0.9996994,2.591215,False
tile_18027.npy,0.52271736,0.040777374,0.99958557,2.5359035,False
tile_17368.npy,0.5226928,0.04045257,0.9997262,2.6034284,False
tile_12108.npy,0.52267575,0.04053481,0.9996622,2.57724,False
tile_23733.npy,0.522666,0.040647976,0.99961066,2.5366306,False
tile_17182.npy,0.5226639,0.040403374,0.9996481,2.6381898,False
tile_14558.npy,0.5226637,0.04034057,0.9996058,2.6905248,False
tile_21097.npy,0.52265006,0.040313862,0.99967253,2.656897,False
tile_13199.npy,0.5226347,0.040424325,0.9996185,2.6132972,False
tile_12677.npy,0.5226314,0.040393867,0.99966997,2.5994585,False
tile_18053.npy,0.52262896,0.040274784,0.9996659,2.6586301,False
tile_18351.npy,0.5226154,0.04038968,0.9996527,2.5942006,False
tile_11967.npy,0.5225905,0.040291764,0.99967253,2.6083596,False
tile_15970.npy,0.52255076,0.04017545,0.99971807,2.6040359,False
tile_16240.npy,0.5225502,0.0400114,0.9996235,2.7327983,False
tile_16468.npy,0.522543,0.040621765,0.99960595,2.4291477,False
tile_18546.npy,0.52253795,0.04020509,0.99967617,2.5973132,False
tile_13855.npy,0.5225297,0.040203884,0.9996463,2.6046247,False
tile_18321.npy,0.52252555,0.040228564,0.99967754,2.5724845,False
tile_18350.npy,0.5225172,0.04031045,0.99965566,2.5341585,False
tile_16676.npy,0.5225071,0.040153123,0.9996272,2.6169395,False
tile_15953.npy,0.522492,0.039802864,0.9997411,2.720011,False
tile_18164.npy,0.52249134,0.03991527,0.9997132,2.6770556,False
tile_19783.npy,0.52244633,0.04008214,0.99966663,2.5719502,False
tile_14336.npy,0.52243835,0.039901644,0.9996768,2.6491053,False
tile_8067.npy,0.5224242,0.039843142,0.9996695,2.6678827,False
tile_18170.npy,0.52239716,0.040027536,0.9996319,2.5674534,False
tile_19715.npy,0.5223946,0.03994044,0.9996561,2.5963194,False
tile_13115.npy,0.522381,0.040052213,0.9995568,2.5765297,False
tile_14236.npy,0.52237344,0.03976681,0.99975425,2.6128685,False
tile_17478.npy,0.5223623,0.039901353,0.99959624,2.613466,False
tile_19044.npy,0.5223155,0.039890833,0.9996584,2.540862,False
tile_19879.npy,0.5223153,0.039809443,0.9996271,2.5970364,False
tile_17807.npy,0.52230364,0.039746866,0.99969774,2.581345,False
tile_9660.npy,0.5222879,0.039883688,0.9996233,2.5343695,False
tile_13867.npy,0.52226704,0.039544284,0.99965584,2.6670227,False
tile_18231.npy,0.5222604,0.03975573,0.99973994,2.5125706,False
tile_16502.npy,0.52225107,0.039738446,0.9996199,2.571858,False
tile_12601.npy,0.52223676,0.03945487,0.9997582,2.6302192,False
tile_18516.npy,0.5222309,0.039463863,0.99966824,2.6648932,False
tile_17192.npy,0.52221596,0.03963194,0.9995931,2.6034987,False
tile_11601.npy,0.52221036,0.039561175,0.9996401,2.6097012,False
tile_21666.npy,0.52218634,0.043950573,0.9996253,0.3984268,False
tile_23729.npy,0.52218413,0.03951001,0.9996284,2.614918,False
tile_18702.npy,0.52218294,0.03952149,0.99967426,2.5850806,False
tile_21996.npy,0.5221555,0.03929028,0.99967414,2.6733165,False
tile_17676.npy,0.52215505,0.03946466,0.9997412,2.5520773,False
tile_14181.npy,0.52215326,0.039465927,0.9996855,2.577537,False
tile_14700.npy,0.5221526,0.039483797,0.999684,2.5687263,False
tile_19918.npy,0.52215046,0.0393741,0.9996109,2.6579537,False
tile_16131.npy,0.5221489,0.03953197,0.9996392,2.5632951,False
tile_10392.npy,0.52213764,0.03940808,0.9996236,2.6218069,False
tile_16287.npy,0.52213484,0.039623428,0.99952304,2.5616143,False
tile_17690.npy,0.5221185,0.03934164,0.99968714,2.6041074,False
tile_18872.npy,0.52211374,0.039262965,0.99964947,2.6575167,False
tile_21280.npy,0.52209044,0.039202385,0.99968463,2.6469278,False
tile_12768.npy,0.5220714,0.039293036,0.9997299,2.55997,False
tile_12842.npy,0.52199954,0.039116032,0.9996536,2.6147602,False
tile_18412.npy,0.52199554,0.039379373,0.9995293,2.5411818,False
tile_12670.npy,0.5219417,0.038898863,0.9996612,2.6617057,False
tile_22855.npy,0.5219415,0.03905654,0.9996986,2.5638723,False
tile_6491.npy,0.52192974,0.039159436,0.9996585,2.5207682,False
tile_18006.npy,0.5219271,0.03901198,0.99971914,2.5615966,False
tile_9868.npy,0.5219264,0.043462537,0.99960047,0.3949074,False
tile_16929.npy,0.52190346,0.039124623,0.9995532,2.5645323,False
tile_16411.npy,0.521902,0.039038144,0.9996005,2.5826652,False
tile_21104.npy,0.5218792,0.03886467,0.99963754,2.6280785,False
tile_17698.npy,0.52186066,0.03886406,0.9996058,2.6257463,False
tile_19420.npy,0.52182555,0.038856078,0.99966097,2.567075,False
tile_13531.npy,0.5218231,0.038821705,0.99963146,2.5965092,False
tile_16772.npy,0.52181154,0.03881563,0.9997087,2.5493581,False
tile_14168.npy,0.52178735,0.038723703,0.9996585,2.5962598,False
tile_13003.npy,0.5217848,0.039000973,0.999651,2.4588122,False
tile_19707.npy,0.5217838,0.03864608,0.99945366,2.7339215,False
tile_7713.npy,0.5217643,0.038670152,0.9997771,2.540671,False
tile_27018.npy,0.5217478,0.043094292,0.9996387,0.3813315,False
tile_20313.npy,0.521741,0.038435183,0.9996241,2.7113628,False
tile_7000.npy,0.52168965,0.043013558,0.99956435,0.40074286,False
tile_17343.npy,0.52168936,0.038407344,0.9995755,2.6979437,False
tile_10891.npy,0.5216736,0.03868052,0.9996032,2.531792,False
tile_17875.npy,0.5216546,0.038554635,0.9996932,2.530671,False
tile_11594.npy,0.5216511,0.03844297,0.9997161,2.5715516,False
tile_14751.npy,0.52163476,0.03849317,0.9996716,2.5523775,False
tile_18739.npy,0.52159834,0.038334824,0.9996829,2.5894744,False
tile_7895.npy,0.5215743,0.03844829,0.9996471,2.526611,False
tile_13971.npy,0.5215668,0.03833822,0.99973124,2.5320818,False
tile_13511.npy,0.52149826,0.038237147,0.99964964,2.554923,False
tile_12802.npy,0.5214962,0.038041573,0.99967295,2.6389232,False
tile_19384.npy,0.5214526,0.038177982,0.99964756,2.5398262,False
tile_23382.npy,0.52144605,0.037984267,0.99970746,2.6002207,False
tile_19890.npy,0.5214227,0.038020782,0.99968606,2.5692532,False
tile_14414.npy,0.5214188,0.037962917,0.99973464,2.5700333,False
tile_12945.npy,0.52141017,0.03804324,0.999643,2.5670583,False
tile_21111.npy,0.521403,0.0379595,0.9996417,2.602397,False
tile_19419.npy,0.52139276,0.0379901,0.99964297,2.5762277,False
tile_16291.npy,0.5213609,0.03760148,0.99969894,2.710638,False
tile_16417.npy,0.5213475,0.037665337,0.9997272,2.6512847,False
tile_24461.npy,0.52133954,0.042288713,0.9995842,0.4031225,False
tile_12659.npy,0.5212867,0.037786346,0.9996032,2.5919762,False
tile_11625.npy,0.52126133,0.03753307,0.99955535,2.7171078,False
tile_18693.npy,0.5212282,0.037668854,0.9996712,2.5581567,False
tile_9497.npy,0.5212104,0.04198828,0.99962735,0.40257326,False
tile_15056.npy,0.52119213,0.037507467,0.9997007,2.5880215,False
tile_14040.npy,0.5211837,0.037798908,0.9996162,2.4761434,False
tile_17197.npy,0.5211759,0.037585385,0.99959,2.5881886,False
tile_17276.npy,0.52116835,0.03745236,0.9996547,2.6147687,False
tile_16830.npy,0.5211197,0.03747838,0.99965644,2.5523474,False
tile_19079.npy,0.52111065,0.037427373,0.9996501,2.5718777,False
tile_24316.npy,0.5210984,0.041799065,0.9995975,0.4001517,False
tile_11415.npy,0.52109236,0.037465636,0.99968684,2.5161161,False
tile_14003.npy,0.5210828,0.037421137,0.9995871,2.5786774,False
tile_11264.npy,0.5210783,0.037269443,0.9996042,2.641424,False
tile_20922.npy,0.52107763,0.03727661,0.9996541,2.6122828,False
tile_23379.npy,0.52106595,0.037157923,0.99966246,2.6557434,False
tile_16839.npy,0.52103126,0.0371393,0.9997837,2.5697606,False
tile_19247.npy,0.5210184,0.037106063,0.9996414,2.6446729,False
tile_11414.npy,0.5210035,0.0370766,0.99977696,2.5766933,False
tile_13373.npy,0.52099603,0.03708377,0.99966025,2.6240425,False
tile_19158.npy,0.5209503,0.041524895,0.9995779,0.39895523,False
tile_15715.npy,0.52093494,0.036884844,0.9995995,2.6927624,False
tile_17656.npy,0.5209294,0.036835335,0.9996655,2.6789663,False
tile_18913.npy,0.5208743,0.037024893,0.99972576,2.4989915,False
tile_8942.npy,0.52086604,0.037037812,0.9996674,2.513381,False
tile_17366.npy,0.5208074,0.036739256,0.99962837,2.6235802,False
tile_5281.npy,0.52077234,0.036570206,0.99967307,2.6506832,False
tile_3572.npy,0.5207552,0.041098922,0.99961627,0.39757973,False
tile_13800.npy,0.52074826,0.036851,0.999608,2.5187776,False
tile_20057.npy,0.5207435,0.0366326,0.99961233,2.6209705,False
tile_12831.npy,0.5207205,0.036688216,0.9995824,2.5851579,False
tile_24597.npy,0.520679,0.040959325,0.99959284,0.40295017,False
tile_18837.npy,0.5206316,0.036390953,0.9996431,2.6146164,False
tile_15956.npy,0.520585,0.036226265,0.99973273,2.6055017,False
tile_16466.npy,0.5205384,0.036059555,0.9996024,2.7074273,False
tile_10519.npy,0.5205078,0.03639974,0.9995453,2.5352664,False
tile_17340.npy,0.520504,0.036267467,0.9996295,2.5555105,False
tile_17288.npy,0.52049917,0.036558073,0.9995066,2.4668863,False
tile_18530.npy,0.52046955,0.036296718,0.9995474,2.547483,False
tile_16991.npy,0.5204677,0.036071364,0.9996365,2.6137624,False
tile_18205.npy,0.52046,0.03612339,0.9995904,2.6031017,False
tile_18336.npy,0.5204035,0.03595084,0.9996295,2.613284,False
tile_18991.npy,0.52032965,0.040227264,0.99963754,0.39726138,False
tile_17367.npy,0.52032435,0.035670705,0.9996835,2.647241,False
tile_14180.npy,0.52030474,0.035813246,0.9996379,2.5791655,False
tile_16126.npy,0.52030045,0.03627631,0.9996316,2.3465383,False
tile_13349.npy,0.520285,0.0357299,0.99958813,2.6259973,False
tile_13026.npy,0.5202684,0.035603583,0.9996636,2.6348293,False
tile_17286.npy,0.5202541,0.03593738,0.9995988,2.485981,False
tile_17185.npy,0.5202512,0.035548672,0.99962485,2.664464,False
tile_18413.npy,0.5202403,0.03586872,0.9995573,2.5272894,False
tile_16414.npy,0.52021974,0.035648562,0.9996209,2.5850055,False
tile_13549.npy,0.5202132,0.035773113,0.99949753,2.577838,False
tile_15269.npy,0.5202127,0.035580568,0.9995434,2.6507256,False
tile_15438.npy,0.520207,0.035698377,0.999615,2.550304,False
tile_15425.npy,0.5202006,0.035885528,0.9996629,2.4263973,False
tile_7959.npy,0.52013224,0.039842367,0.99960935,0.4063805,False
tile_28972.npy,0.52009743,0.03980615,0.9995794,0.40468127,False
tile_15763.npy,0.52006894,0.0353289,0.9996127,2.5981572,False
tile_21450.npy,0.52005565,0.035282947,0.9997393,2.544512,False
tile_17462.npy,0.52004546,0.03554295,0.9996105,2.4687808,False
tile_23906.npy,0.52003753,0.035114713,0.99973625,2.6120775,False
tile_29145.npy,0.5200287,0.039664976,0.9996086,0.39197138,False
tile_20588.npy,0.52000874,0.03529068,0.9996695,2.528638,False
tile_24957.npy,0.5199791,0.039561365,0.99959964,0.39866444,False
tile_14909.npy,0.51992893,0.03503614,0.999535,2.6433582,False
tile_16281.npy,0.5199008,0.039427605,0.9995658,0.40409547,False
tile_13345.npy,0.5198981,0.034903012,0.99959946,2.6468468,False
tile_12247.npy,0.5198862,0.03494945,0.9996516,2.5856404,False
tile_11968.npy,0.5198819,0.034859568,0.9996411,2.6315236,False
tile_23560.npy,0.51981914,0.03587331,0.99952114,2.121954,False
tile_11447.npy,0.5198147,0.03483153,0.9996562,2.5708659,False
tile_19330.npy,0.51978636,0.039208494,0.9995729,0.3956711,False
tile_27771.npy,0.5197731,0.03912625,0.9996217,0.39918187,False
tile_11073.npy,0.5197688,0.034606736,0.9996284,2.651237,False
tile_28623.npy,0.51976454,0.03917119,0.99956495,0.3964696,False
tile_28821.npy,0.5197581,0.039122976,0.999595,0.39909425,False
tile_10904.npy,0.51972926,0.034725837,0.99957085,2.580914,False
tile_13366.npy,0.51970744,0.034624293,0.9996394,2.575548,False
tile_17102.npy,0.51968074,0.034662776,0.99960494,2.5468953,False
tile_17360.npy,0.5196456,0.034322225,0.9996806,2.6441815,False
tile_23037.npy,0.51962227,0.03437994,0.99967754,2.5934975,False
tile_15968.npy,0.51961005,0.034862496,0.9995788,2.3894277,False
tile_13074.npy,0.51960903,0.038839962,0.9995791,0.39953712,False
tile_22428.npy,0.5196084,0.038897164,0.999518,0.40076816,False
tile_13248.npy,0.519544,0.038776796,0.999509,0.40115055,False
tile_21527.npy,0.5195438,0.03377845,0.9993095,2.9998367,False
tile_24417.npy,0.5195426,0.038683902,0.9995975,0.40187916,False
tile_16495.npy,0.51953363,0.034345776,0.99947065,2.6254077,False
tile_11442.npy,0.51951885,0.034181274,0.9996485,2.6039505,False
tile_15809.npy,0.51949203,0.034417517,0.99951774,2.524372,False
tile_13886.npy,0.5194617,0.034029208,0.99960625,2.6439495,False
tile_15617.npy,0.5194467,0.034275904,0.9995475,2.534984,False
tile_16835.npy,0.51944417,0.03404139,0.9996971,2.5749016,False
tile_23361.npy,0.519424,0.038474068,0.99956995,0.4020411,False
tile_18521.npy,0.51938903,0.034320235,0.99954194,2.457992,False
tile_23518.npy,0.5193703,0.03834845,0.99959075,0.4007407,False
tile_16768.npy,0.5193549,0.033838976,0.99960667,2.6320612,False
tile_27555.npy,0.5193539,0.038285896,0.99961996,0.40102965,False
tile_18857.npy,0.5193383,0.034032524,0.99972945,2.4573388,False
tile_12303.npy,0.51933634,0.034262024,0.99946934,2.4707017,False
tile_17869.npy,0.5193074,0.03399996,0.99967265,2.471066,False
tile_18889.npy,0.51930374,0.03824859,0.99955755,0.40068978,False
tile_14222.npy,0.51930004,0.03359367,0.9996722,2.667158,False
tile_22349.npy,0.51926243,0.038094047,0.9996271,0.40187526,False
tile_16491.npy,0.51920545,0.033632882,0.9996103,2.5838804,False
tile_22916.npy,0.5192027,0.038069557,0.9995565,0.38970625,False
tile_12462.npy,0.5191954,0.03339278,0.9997337,2.6321158,False
tile_13878.npy,0.5191753,0.033577405,0.99964046,2.5663228,False
tile_18985.npy,0.51916677,0.037980862,0.9995417,0.40548325,False
tile_28936.npy,0.51916516,0.037914015,0.9996228,0.39674824,False
tile_30704.npy,0.51914334,0.0379252,0.9995715,0.39501938,False
tile_10888.npy,0.519115,0.037855707,0.9995633,0.40547913,False
tile_20297.npy,0.51910025,0.033511944,0.9995492,2.5696871,False
tile_13171.npy,0.519021,0.0329357,0.9997623,2.6719694,False
tile_8633.npy,0.5190183,0.037635528,0.99960613,0.39742234,False
tile_16103.npy,0.5190161,0.037658196,0.9995702,0.4019389,False
tile_16303.npy,0.5190143,0.03360345,0.99964285,2.39113,False
tile_22357.npy,0.51900977,0.037677377,0.99957573,0.3832199,False
tile_17645.npy,0.51900226,0.03315568,0.9996421,2.603364,False
tile_11791.npy,0.51898646,0.033114105,0.9995571,2.6508725,False
tile_10879.npy,0.5189626,0.037478127,0.9996441,0.4014978,False
tile_18346.npy,0.5189574,0.03333003,0.99960595,2.4894161,False
tile_11976.npy,0.51891977,0.03307433,0.9996084,2.5783677,False
tile_15331.npy,0.5189051,0.03738051,0.9996253,0.4021903,False
tile_20451.npy,0.51887745,0.037393652,0.9995622,0.39954945,False
tile_26413.npy,0.51885784,0.037323296,0.9995876,0.4023994,False
tile_20853.npy,0.5188083,0.037265465,0.9995479,0.4016155,False
tile_16503.npy,0.5187857,0.032790516,0.9996763,2.552305,False
tile_4121.npy,0.5187781,0.037183054,0.9995636,0.404801,False
tile_10588.npy,0.5187718,0.037137687,0.99960095,0.40252703,False
tile_19945.npy,0.5187666,0.032831777,0.99961096,2.5452619,False
tile_23343.npy,0.51869357,0.036981173,0.999595,0.40549138,False
tile_19795.npy,0.51866585,0.032543227,0.9996359,2.576298,False
tile_20115.npy,0.5186299,0.036885124,0.9995762,0.3992433,False
tile_18549.npy,0.5186284,0.03251864,0.99960726,2.5654554,False
tile_9144.npy,0.5186099,0.03679733,0.9996194,0.4015228,False
tile_17545.npy,0.5185981,0.032412764,0.999639,2.5722463,False
tile_17013.npy,0.5185838,0.032513104,0.9995643,2.5450306,False
tile_16640.npy,0.51856226,0.032526046,0.9995484,2.525033,False
tile_17295.npy,0.51848024,0.03208165,0.9996236,2.6275854,False
tile_23344.npy,0.518457,0.036506526,0.9996269,0.39031115,False
tile_18934.npy,0.5184552,0.036535766,0.99957246,0.40108928,False
tile_21685.npy,0.5183913,0.036437336,0.9995468,0.39922032,False
tile_19777.npy,0.5183841,0.032076526,0.9995736,2.559074,False
tile_24908.npy,0.5183643,0.036370464,0.99954003,0.4090958,False
tile_11595.npy,0.5183599,0.032011814,0.9995823,2.5628464,False
tile_26830.npy,0.5183266,0.036295492,0.9995465,0.4055657,False
tile_14904.npy,0.5183144,0.031906888,0.99956393,2.5790281,False
tile_24408.npy,0.51830393,0.036282413,0.9995134,0.40600413,False
tile_10218.npy,0.5182639,0.03172894,0.9996383,2.5802312,False
tile_23601.npy,0.51824653,0.036099628,0.99958336,0.4050349,False
tile_30716.npy,0.5182376,0.036062602,0.99962825,0.39215443,False
tile_10212.npy,0.51822513,0.036056623,0.9996184,0.38762543,False
tile_16824.npy,0.51821864,0.03170212,0.99966985,2.5326684,False
tile_25032.npy,0.5181516,0.03597267,0.9995173,0.40657362,False
tile_15785.npy,0.51807874,0.03169025,0.9995845,2.4413745,False
tile_19871.npy,0.5180769,0.03579793,0.9995474,0.40423438,False
tile_16989.npy,0.5180655,0.031247765,0.99958056,2.651361,False
tile_11930.npy,0.51805955,0.031424474,0.9995789,2.5578685,False
tile_24076.npy,0.51804143,0.03582517,0.9994541,0.4017794,False
tile_16688.npy,0.5180195,0.03570734,0.99952394,0.40388864,False
tile_16469.npy,0.5180109,0.031294078,0.9996926,2.5175655,False
tile_20118.npy,0.51798475,0.035636835,0.99953467,0.39898783,False
tile_23192.npy,0.51797557,0.035598837,0.9995533,0.3994562,False
tile_23458.npy,0.51797444,0.035590068,0.99957865,0.39007092,False
tile_21838.npy,0.5179622,0.03549479,0.9996382,0.3957021,False
tile_13484.npy,0.5179287,0.035462677,0.9995903,0.402193,False
tile_11071.npy,0.5179238,0.03107396,0.9996628,2.555363,False
tile_17328.npy,0.51792276,0.031119138,0.99952406,2.601129,False
tile_26736.npy,0.51791954,0.035536095,0.9994958,0.40360522,False
tile_28808.npy,0.5179124,0.035486706,0.99954396,0.3969984,False
tile_29825.npy,0.5179064,0.035442896,0.99955845,0.40571907,False
tile_20505.npy,0.51790607,0.03546905,0.9995355,0.40381125,False
tile_30703.npy,0.51789594,0.0354596,0.9995388,0.39675477,False
tile_12668.npy,0.51785755,0.030828895,0.9996295,2.628333,False
tile_21726.npy,0.5178551,0.03530761,0.9995951,0.40375283,False
tile_22736.npy,0.5178397,0.03528436,0.9995935,0.40079182,False
tile_18811.npy,0.5178234,0.035262972,0.9995863,0.3987762,False
tile_13138.npy,0.51781756,0.035197772,0.9996341,0.4016021,False
tile_31063.npy,0.5177885,0.035254188,0.99952537,0.3987661,False
tile_22674.npy,0.5177822,0.0308121,0.9995819,2.5852025,False
tile_26520.npy,0.5177805,0.0351886,0.99955964,0.4063778,False
tile_16996.npy,0.5177768,0.031073008,0.9996329,2.4238336,False
tile_3945.npy,0.5177178,0.0352055,0.999426,0.40204144,False
tile_28278.npy,0.517677,0.03493717,0.9996075,0.40463588,False
tile_7244.npy,0.5176516,0.03505641,0.9994435,0.40167454,False
tile_25009.npy,0.5176319,0.034884043,0.9995652,0.40728715,False
tile_10881.npy,0.51762366,0.034871437,0.9995739,0.40101638,False
tile_20437.npy,0.5175933,0.030366581,0.9995402,2.6399465,False
tile_26012.npy,0.5175911,0.034836326,0.9995561,0.39487463,False
tile_30363.npy,0.51757836,0.03474509,0.99960446,0.4035722,False
tile_20460.npy,0.5175694,0.034790378,0.99953294,0.40778098,False
tile_27428.npy,0.5175652,0.034838594,0.99948984,0.40096176,False
tile_19064.npy,0.51756275,0.03474473,0.9995717,0.40451437,False
tile_21728.npy,0.51756245,0.034761406,0.9995529,0.4053368,False
tile_14296.npy,0.51754725,0.03480348,0.99947953,0.40574068,False
tile_7862.npy,0.5175173,0.0346874,0.9995363,0.40548903,False
tile_21140.npy,0.5175106,0.034676794,0.9995561,0.39413315,False
tile_26845.npy,0.5175096,0.034622196,0.99959344,0.4017479,False
tile_29336.npy,0.51749545,0.034669735,0.99950856,0.40630957,False
tile_22939.npy,0.51747113,0.03463341,0.99949366,0.40759546,False
tile_23622.npy,0.51746625,0.034627754,0.9995194,0.39266023,False
tile_25499.npy,0.51742476,0.03446748,0.9995816,0.40024132,False
tile_26367.npy,0.5174242,0.03447954,0.9995532,0.40788358,False
tile_26829.npy,0.5174215,0.03451393,0.9995139,0.40759367,False
tile_31053.npy,0.5174183,0.034477584,0.9995424,0.40832826,False
tile_16653.npy,0.5174116,0.030034095,0.99953383,2.6276178,False
tile_19401.npy,0.51740015,0.034465276,0.9995462,0.3944222,False
tile_6718.npy,0.5173683,0.034377947,0.9995622,0.3982009,False
tile_10067.npy,0.5173554,0.034324206,0.99957126,0.40763107,False
tile_29503.npy,0.5173356,0.034305163,0.99955577,0.40514457,False
tile_13974.npy,0.51732177,0.03428175,0.9995486,0.4065813,False
tile_26702.npy,0.5173002,0.03428544,0.9995046,0.4051547,False
tile_25082.npy,0.5172853,0.034237966,0.9995177,0.40742832,False
tile_21539.npy,0.5172732,0.034178402,0.9995684,0.3997793,False
tile_21478.npy,0.51724005,0.0302534,0.99942756,2.3995688,False
tile_19455.npy,0.51723874,0.0341192,0.99955165,0.40328774,False
tile_27453.npy,0.51721936,0.03412099,0.99950737,0.40516737,False
tile_25780.npy,0.51719797,0.034118675,0.999457,0.41012192,False
tile_5623.npy,0.51718605,0.029824551,0.9994647,2.5414271,False
tile_27953.npy,0.5171703,0.033998758,0.99954337,0.39920628,False
tile_23201.npy,0.51715577,0.02961136,0.9995301,2.5850341,False
tile_12485.npy,0.5171384,0.0296032,0.9995005,2.5865169,False
tile_29304.npy,0.51711714,0.033927083,0.99952877,0.38924032,False
tile_11568.npy,0.5171138,0.033884555,0.99953836,0.40234837,False
tile_15360.npy,0.5171104,0.033875808,0.99953073,0.40714622,False
tile_28970.npy,0.51708686,0.03386615,0.9995195,0.39405763,False
tile_21139.npy,0.5170773,0.033782374,0.99956053,0.4058701,False
tile_25267.npy,0.5170771,0.03381712,0.9995201,0.4084707,False
tile_18190.npy,0.51706094,0.03379686,0.99951386,0.40554073,False
tile_22358.npy,0.5170557,0.033819146,0.9994924,0.39987415,False
tile_20163.npy,0.5170492,0.033796214,0.9994998,0.4012185,False
tile_5147.npy,0.5170253,0.03372577,0.9995349,0.3949374,False
tile_8730.npy,0.5170235,0.033716355,0.9995165,0.40708163,False
tile_4113.npy,0.51700765,0.033693776,0.9995139,0.40384483,False
tile_29310.npy,0.5169985,0.03362424,0.99956626,0.40330487,False
tile_22717.npy,0.5169826,0.033605613,0.9995652,0.39718607,False
tile_13072.npy,0.5169767,0.03362052,0.99954015,0.39639428,False
tile_17416.npy,0.51696974,0.033572428,0.99955213,0.40748006,False
tile_28234.npy,0.51695955,0.0335459,0.9995636,0.40485436,False
tile_27949.npy,0.51695573,0.03361231,0.99949825,0.40044016,False
tile_16639.npy,0.51695144,0.029305493,0.99953514,2.5310926,False
tile_10035.npy,0.5169441,0.033530526,0.99956924,0.39424998,False
tile_28286.npy,0.51694405,0.0336056,0.99947065,0.40591824,False
tile_26739.npy,0.51692873,0.033498835,0.9995562,0.40119532,False
tile_16456.npy,0.5169202,0.033445813,0.99959844,0.39812565,False
tile_9335.npy,0.51690143,0.033416778,0.9995915,0.39728633,False
tile_24046.npy,0.5168926,0.03338444,0.99961424,0.39328605,False
tile_25132.npy,0.5168858,0.03343435,0.99954444,0.39642173,False
tile_26162.npy,0.5168752,0.03341091,0.9995354,0.4020578,False
tile_17943.npy,0.5168739,0.0333625,0.99958086,0.4022375,False
tile_23445.npy,0.5168474,0.033399187,0.9994882,0.4037204,False
tile_28250.npy,0.51684684,0.033349935,0.9995447,0.39952803,False
tile_30367.npy,0.51684475,0.03339196,0.99949753,0.39998057,False
tile_26871.npy,0.51680213,0.033246487,0.9995516,0.40311202,False
tile_19863.npy,0.51679695,0.033246987,0.9995463,0.40028208,False
tile_16568.npy,0.5167725,0.03317738,0.99956316,0.40221438,False
tile_11397.npy,0.516762,0.033136472,0.99957275,0.40739718,False
tile_17776.npy,0.51676035,0.033209443,0.99950904,0.40113434,False
tile_13664.npy,0.51673347,0.033083025,0.9995809,0.40151703,False
tile_22053.npy,0.51672626,0.033080388,0.9995636,0.40430048,False
tile_21733.npy,0.51672447,0.033143558,0.99949527,0.40506652,False
tile_17327.npy,0.5167224,0.03306785,0.9995635,0.40667072,False
tile_15879.npy,0.51672184,0.033005673,0.9996227,0.40766114,False
tile_27269.npy,0.51672095,0.033129893,0.9994969,0.40755832,False
tile_9885.npy,0.51671284,0.033097386,0.9995148,0.40671575,False
tile_22140.npy,0.5167062,0.033054225,0.9995467,0.40581256,False
tile_23887.npy,0.5167034,0.03308101,0.9995192,0.40330485,False
tile_29016.npy,0.5166866,0.033063512,0.9994916,0.4090678,False
tile_25105.npy,0.516682,0.033047076,0.999512,0.4025279,False
tile_19005.npy,0.51668036,0.033013344,0.99953437,0.4064997,False
tile_11113.npy,0.51666945,0.032979403,0.99954605,0.40672868,False
tile_28447.npy,0.5166679,0.032989457,0.9995392,0.40357184,False
tile_28805.npy,0.51664656,0.0329344,0.9995454,0.40670422,False
tile_11348.npy,0.51663595,0.028639447,0.999501,2.5657187,False
tile_28987.npy,0.5166344,0.032982875,0.999481,0.40246856,False
tile_27355.npy,0.5166306,0.03291387,0.9995387,0.40429375,False
tile_29662.npy,0.5166291,0.033003323,0.9994571,0.398853,False
tile_18884.npy,0.51662606,0.032923646,0.99951774,0.40534937,False
tile_4287.npy,0.51661485,0.032907665,0.99952906,0.39646995,False
tile_22212.npy,0.51660424,0.03290221,0.99949795,0.40419555,False
tile_8101.npy,0.5165914,0.032851927,0.9995259,0.40253595,False
tile_27610.npy,0.5165802,0.03280186,0.99955994,0.39936796,False
tile_21379.npy,0.51656044,0.03280172,0.99951524,0.4019835,False
tile_6356.npy,0.51654714,0.0327823,0.9995046,0.40371463,False
tile_29508.npy,0.516543,0.03274446,0.9995329,0.40431896,False
tile_22024.npy,0.51653385,0.03271153,0.99955034,0.40292197,False
tile_21790.npy,0.5165261,0.03269734,0.99954635,0.40426546,False
tile_18704.npy,0.5165202,0.028219447,0.9994729,2.6740522,False
tile_28929.npy,0.51651925,0.03268727,0.99954134,0.40494114,False
tile_20108.npy,0.5165191,0.032703605,0.9995325,0.4011055,False
tile_23960.npy,0.516518,0.032716066,0.9995057,0.40709502,False
tile_7411.npy,0.51651376,0.032741625,0.9994835,0.40120518,False
tile_25617.npy,0.51651233,0.032702394,0.99950635,0.40794998,False
tile_23274.npy,0.5164819,0.032597184,0.9995602,0.4031636,False
tile_7087.npy,0.51647484,0.032633804,0.999511,0.402421,False
tile_28415.npy,0.51647127,0.032640815,0.9994991,0.4013167,False
tile_20319.npy,0.516459,0.032551024,0.99955624,0.40537503,False
tile_30894.npy,0.51645666,0.032555476,0.9995703,0.39376923,False
tile_21712.npy,0.51644653,0.032532632,0.9995537,0.40333006,False
tile_20736.npy,0.5164451,0.032508995,0.9995858,0.39769763,False
tile_19861.npy,0.5164363,0.032525085,0.9995386,0.40442142,False
tile_26378.npy,0.5164353,0.03246267,0.9995996,0.4042003,False
tile_23003.npy,0.5164295,0.032576565,0.9994811,0.4006487,False
tile_19637.npy,0.51641744,0.032569036,0.9994653,0.40029043,False
tile_23065.npy,0.5164174,0.032488305,0.9995501,0.39818215,False
tile_24233.npy,0.5163921,0.032491747,0.9995019,0.39531967,False
tile_25810.npy,0.51638925,0.032443453,0.9995275,0.40374824,False
tile_6131.npy,0.5163864,0.03250638,0.99945855,0.40394837,False
tile_25793.npy,0.51638037,0.032420486,0.9995401,0.4000878,False
tile_18706.npy,0.51636237,0.032394692,0.9995372,0.39641258,False
tile_28830.npy,0.51636225,0.032404095,0.99953043,0.3949977,False
tile_29182.npy,0.5163316,0.03234128,0.9995138,0.40405375,False
tile_18301.npy,0.51631725,0.03236641,0.99946135,0.4033337,False
tile_7407.npy,0.51631033,0.03223423,0.9995865,0.39995527,False
tile_27220.npy,0.5163079,0.03228056,0.9995407,0.39726132,False
tile_16384.npy,0.51630193,0.03227205,0.99953187,0.39996716,False
tile_27395.npy,0.5162993,0.032280564,0.99950206,0.4079703,False
tile_12429.npy,0.5162952,0.03225059,0.9995293,0.405234,False
tile_8218.npy,0.5162841,0.027839176,0.9995338,2.5976028,False
tile_24165.npy,0.516272,0.03220144,0.9995304,0.4060781,False
tile_3195.npy,0.5162282,0.032195307,0.9994475,0.4067889,False
tile_28148.npy,0.5162239,0.032100067,0.9995358,0.4059416,False
tile_28954.npy,0.5162195,0.032116402,0.9995049,0.40885755,False
tile_16279.npy,0.5162148,0.032113727,0.9995042,0.4058483,False
tile_24853.npy,0.5162082,0.03210923,0.99952334,0.39188173,False
tile_29309.npy,0.5161894,0.032053396,0.9995179,0.40377045,False
tile_15888.npy,0.51618797,0.02761909,0.9995444,2.606236,False
tile_9334.npy,0.5161866,0.03204979,0.9995111,0.40617263,False
tile_27036.npy,0.51618266,0.032084912,0.9994684,0.40602022,False
tile_7421.npy,0.51617694,0.032022685,0.9995148,0.40817422,False
tile_24619.npy,0.51616704,0.032009162,0.9995081,0.4084008,False
tile_23436.npy,0.5161665,0.03204268,0.99950033,0.3950175,False
tile_16549.npy,0.51615435,0.032066498,0.99943715,0.40253645,False
tile_23691.npy,0.51613414,0.031963874,0.999495,0.40470073,False
tile_23520.npy,0.5161179,0.03195502,0.9994746,0.40303984,False
tile_19512.npy,0.5161143,0.031901874,0.99951524,0.40574503,False
tile_24922.npy,0.5160996,0.03183084,0.9995589,0.40472662,False
tile_4594.npy,0.5160986,0.027687665,0.99942315,2.5432065,False
tile_22226.npy,0.5160887,0.03185317,0.9995221,0.4010901,False
tile_24103.npy,0.5160833,0.03184744,0.99951494,0.40210587,False
tile_10715.npy,0.5160624,0.027309716,0.9996268,2.594127,False
tile_23336.npy,0.51605725,0.031835828,0.9994608,0.40893078,False
tile_18769.npy,0.51604176,0.03174012,0.99954927,0.39707378,False
tile_10706.npy,0.5160404,0.031785157,0.9995008,0.39741188,False
tile_15753.npy,0.51603186,0.028147133,0.9992944,2.3111064,False
tile_28792.npy,0.51602775,0.031748157,0.9995087,0.39933318,False
tile_20639.npy,0.51602644,0.03175744,0.99948615,0.4046575,False
tile_28464.npy,0.51602453,0.031702984,0.99954283,0.40164313,False
tile_22761.npy,0.51601726,0.031701915,0.9995288,0.40190354,False
tile_24433.npy,0.51600856,0.031654663,0.99954706,0.4077185,False
tile_21605.npy,0.515987,0.031598993,0.99956757,0.4036816,False
tile_7227.npy,0.5159726,0.031655148,0.9994899,0.40003794,False
tile_22524.npy,0.5159679,0.03165821,0.99948096,0.39834106,False
tile_27739.npy,0.5159678,0.03168962,0.99944794,0.39898872,False
tile_25275.npy,0.51596767,0.031667188,0.9994697,0.39922124,False
tile_7236.npy,0.51594245,0.0315722,0.9995059,0.40339193,False
tile_8471.npy,0.5159373,0.03160485,0.99947244,0.39870048,False
tile_8806.npy,0.5159336,0.031514913,0.99954194,0.40513623,False
tile_21556.npy,0.51592195,0.031605285,0.9994261,0.40627822,False
tile_19340.npy,0.5159203,0.031531066,0.99949753,0.4059629,False
tile_26670.npy,0.51591665,0.03156886,0.9994492,0.40764585,False
tile_15853.npy,0.51591164,0.031477515,0.99955136,0.39717934,False
tile_19228.npy,0.51590466,0.031485923,0.9995222,0.40063062,False
tile_24615.npy,0.5159041,0.031489544,0.9995081,0.40532446,False
tile_24061.npy,0.5158964,0.0315097,0.9994778,0.40261582,False
tile_23185.npy,0.5158828,0.03146802,0.9994913,0.4031451,False
tile_17554.npy,0.5158767,0.031451058,0.9994906,0.40584528,False
tile_6896.npy,0.51587206,0.031390883,0.9995496,0.40176916,False
tile_10700.npy,0.5158644,0.031410158,0.9995358,0.39136449,False
tile_18243.npy,0.5158601,0.031456023,0.9994632,0.40048492,False
tile_19458.npy,0.5158512,0.03137449,0.9995192,0.40438348,False
tile_19465.npy,0.5158436,0.03139943,0.9994726,0.4075227,False
tile_24122.npy,0.5158423,0.03129927,0.99960023,0.39253566,False
tile_25843.npy,0.5158417,0.03134028,0.99954253,0.40030912,False
tile_20995.npy,0.5158314,0.031293213,0.99956757,0.4010271,False
tile_26201.npy,0.5158299,0.03136719,0.9994994,0.39659092,False
tile_22359.npy,0.51582825,0.03131576,0.99955446,0.39316964,False
tile_16843.npy,0.5158273,0.027070172,0.9995087,2.5378635,False
tile_17208.npy,0.5158273,0.03132715,0.99951863,0.4044065,False
tile_14999.npy,0.5158259,0.03137336,0.9994756,0.40145823,False
tile_29827.npy,0.51582503,0.03136258,0.9994858,0.40084234,False
tile_29116.npy,0.515823,0.031334512,0.99950397,0.4037563,False
tile_14422.npy,0.51581144,0.031362534,0.99946386,0.3982631,False
tile_25011.npy,0.51580876,0.031304646,0.9995163,0.3983058,False
tile_26886.npy,0.515808,0.03139141,0.9994105,0.40701455,False
tile_25344.npy,0.5158046,0.03128348,0.9995119,0.40692353,False
tile_31074.npy,0.51580215,0.03127831,0.9995153,0.40534985,False
tile_28459.npy,0.5158015,0.031315736,0.9995057,0.39078134,False
tile_25358.npy,0.51579976,0.031315602,0.9994726,0.40565604,False
tile_6564.npy,0.5157785,0.031288937,0.9994505,0.40879217,False
tile_9846.npy,0.51577544,0.031210685,0.99952906,0.4055553,False
tile_26026.npy,0.5157675,0.031245152,0.9995003,0.39481062,False
tile_15819.npy,0.51576287,0.031243782,0.9994916,0.39517227,False
tile_24801.npy,0.51575637,0.031194013,0.99952555,0.3966317,False
tile_19941.npy,0.51575553,0.031230656,0.99947417,0.40313157,False
tile_2525.npy,0.5157464,0.031183919,0.99949056,0.4091798,False
tile_16225.npy,0.51574475,0.031234382,0.99944305,0.40605262,False
tile_16223.npy,0.51574415,0.031235512,0.9994449,0.4039356,False
tile_21375.npy,0.51573896,0.031175118,0.9994922,0.4053212,False
tile_28094.npy,0.51573867,0.031149212,0.9995237,0.40223694,False
tile_7580.npy,0.51573795,0.031157462,0.9995156,0.40141433,False
tile_25171.npy,0.51573473,0.031208932,0.99947333,0.39356193,False
tile_10870.npy,0.5157278,0.031183738,0.9994588,0.40654603,False
tile_17494.npy,0.51571006,0.03111287,0.9994935,0.40684396,False
tile_10229.npy,0.51570845,0.031152826,0.99945843,0.40283096,False
tile_28105.npy,0.5157012,0.03107712,0.99951327,0.4059932,False
tile_21839.npy,0.51569664,0.031074125,0.99950385,0.40763405,False
tile_6379.npy,0.515695,0.031070571,0.99951035,0.4045223,False
tile_13588.npy,0.51569176,0.031123653,0.9994634,0.39824256,False
tile_12620.npy,0.51568675,0.031090733,0.99948835,0.39717865,False
tile_21025.npy,0.51567304,0.030990144,0.9995459,0.40500912,False
tile_3552.npy,0.51566774,0.031060733,0.99946326,0.40570778,False
tile_26143.npy,0.5156646,0.031059332,0.99947375,0.39806864,False
tile_30906.npy,0.5156384,0.031029303,0.99944556,0.40096623,False
tile_21703.npy,0.5156159,0.027081726,0.9994139,2.3681102,False
tile_27970.npy,0.5156149,0.030916303,0.9994951,0.40922916,False
tile_22702.npy,0.51561135,0.030920804,0.99950546,0.3982133,False
tile_22663.npy,0.51561123,0.030880718,0.9995438,0.39899835,False
tile_31759.npy,0.5156075,0.030955106,0.99945384,0.40297878,False
tile_17594.npy,0.51560295,0.030918071,0.9994707,0.4085203,False
tile_11746.npy,0.515597,0.030872114,0.99951905,0.4013783,False
tile_28306.npy,0.5155946,0.030895203,0.99950093,0.39652738,False
tile_29288.npy,0.5155904,0.03085209,0.99951804,0.40534335,False
tile_21546.npy,0.51558846,0.0308153,0.999553,0.40429965,False
tile_21360.npy,0.51558113,0.030844089,0.9995152,0.40150455,False
tile_22942.npy,0.5155798,0.030887919,0.9994773,0.39720204,False
tile_24805.npy,0.515573,0.030860024,0.99949116,0.39746556,False
tile_6995.npy,0.5155601,0.030798329,0.9995088,0.40648368,False
tile_5170.npy,0.5155593,0.030821126,0.9994931,0.40220645,False
tile_21196.npy,0.5155553,0.030796997,0.9995072,0.40321425,False
tile_28136.npy,0.51554173,0.03078901,0.9994894,0.40251422,False
tile_15018.npy,0.5155279,0.030649975,0.99960715,0.39936456,False
tile_27955.npy,0.5155173,0.03075632,0.99948305,0.39764324,False
tile_3206.npy,0.5155022,0.030685501,0.99952424,0.39731807,False
tile_10125.npy,0.5154974,0.030625984,0.99956363,0.40258354,False
tile_13784.npy,0.5154859,0.030710036,0.99945664,0.40258992,False
tile_20723.npy,0.51548547,0.030626569,0.99956137,0.39149734,False
tile_26491.npy,0.51548177,0.030598335,0.99955744,0.4038981,False
tile_15189.npy,0.51547533,0.030648865,0.99949723,0.40225303,False
tile_29659.npy,0.51546794,0.030675545,0.9994655,0.3973635,False
tile_4075.npy,0.51546496,0.030668505,0.9994546,0.40342203,False
tile_30008.npy,0.5154432,0.030673709,0.99941605,0.39832953,False
tile_15684.npy,0.51543987,0.030600522,0.9994662,0.40652323,False
tile_28640.npy,0.51543576,0.030590903,0.99948,0.40028808,False
tile_18774.npy,0.5154274,0.03058495,0.99945384,0.40801492,False
tile_7515.npy,0.5154266,0.030531459,0.99950314,0.40927738,False
tile_7441.npy,0.5154262,0.030484231,0.9995639,0.40217102,False
tile_3382.npy,0.51541626,0.030497568,0.999529,0.40301508,False
tile_20804.npy,0.51541233,0.030506518,0.9995226,0.39771602,False
tile_26866.npy,0.51540554,0.030539017,0.99945533,0.4083459,False
tile_23448.npy,0.5154054,0.030519452,0.99948996,0.4007098,False
tile_28466.npy,0.51539487,0.030535463,0.9994443,0.40494633,False
tile_15335.npy,0.5153878,0.030474357,0.9994945,0.4033416,False
tile_12444.npy,0.5153849,0.030478235,0.99947715,0.40719506,False
tile_28800.npy,0.5153775,0.030452393,0.9995094,0.3965851,False
tile_24110.npy,0.51537526,0.03050661,0.999443,0.40044862,False
tile_12154.npy,0.51537436,0.026187515,0.99941844,2.5714254,False
tile_8798.npy,0.5153693,0.03042908,0.9995015,0.40397763,False
tile_25702.npy,0.5153645,0.030400427,0.9995231,0.40274283,False
tile_22868.npy,0.5153545,0.030446574,0.9994632,0.39963102,False
tile_26558.npy,0.5153378,0.030435307,0.9994345,0.40291768,False
tile_25524.npy,0.5153331,0.03036676,0.99949634,0.4015538,False
tile_23516.npy,0.5153133,0.030315492,0.99950296,0.40410268,False
tile_20219.npy,0.5153105,0.030283999,0.9995273,0.40489203,False
tile_25678.npy,0.5153098,0.030350791,0.9994539,0.40747562,False
tile_19161.npy,0.5153071,0.030334208,0.9994669,0.40659034,False
tile_10206.npy,0.51530635,0.030320335,0.99947953,0.4064403,False
tile_25310.npy,0.5152922,0.030348988,0.9994225,0.40649673,False
tile_28456.npy,0.5152896,0.030273741,0.99949574,0.40485448,False
tile_26561.npy,0.5152882,0.030282408,0.99948555,0.4041632,False
tile_20961.npy,0.5152872,0.030264277,0.9995044,0.4028764,False
tile_26539.npy,0.5152833,0.030268475,0.99948376,0.40714902,False
tile_27079.npy,0.5152826,0.030253729,0.99950355,0.40392435,False
tile_27714.npy,0.5152737,0.030276058,0.9994532,0.40908328,False
tile_18134.npy,0.5152681,0.030223772,0.9995063,0.40306503,False
tile_9835.npy,0.5152632,0.030251198,0.9994636,0.4058179,False
tile_28789.npy,0.51526266,0.030258916,0.99946946,0.39844072,False
tile_29320.npy,0.5152575,0.030192085,0.99950796,0.40747735,False
tile_6920.npy,0.5152563,0.030188806,0.999513,0.40536445,False
tile_11737.npy,0.51524913,0.030280419,0.9994143,0.40175635,False
tile_28458.npy,0.515248,0.030225065,0.99947697,0.39699608,False
tile_28116.npy,0.51522547,0.030129546,0.9995086,0.40638876,False
tile_24454.npy,0.5152163,0.030108806,0.9995107,0.4065673,False
tile_20678.npy,0.51521343,0.030129964,0.9995054,0.39575976,False
tile_5094.npy,0.5152096,0.030092126,0.9995068,0.41011882,False
tile_27436.npy,0.5151951,0.030074151,0.9995064,0.40476146,False
tile_25625.npy,0.5151909,0.030092362,0.9994851,0.40215468,False
tile_21315.npy,0.5151875,0.03011068,0.9994666,0.39884833,False
tile_28418.npy,0.51518583,0.030022083,0.99955153,0.3990734,False
tile_24310.npy,0.5151725,0.030009026,0.99953216,0.40192315,False
tile_22752.npy,0.5151515,0.030019188,0.99947894,0.40247884,False
tile_25991.npy,0.5151483,0.029965427,0.9995222,0.40447173,False
tile_21878.npy,0.51511914,0.029922524,0.99951273,0.401468,False
tile_20161.npy,0.5151151,0.029967036,0.9994551,0.40402704,False
tile_8983.npy,0.51511186,0.02991008,0.99949896,0.40731123,False
tile_25189.npy,0.5151068,0.029924618,0.99948007,0.40445203,False
tile_29694.npy,0.515101,0.03002074,0.99939835,0.39150158,False
tile_28299.npy,0.5150994,0.02990407,0.99948496,0.40486944,False
tile_19356.npy,0.5150925,0.029849613,0.9995241,0.40559176,False
tile_31055.npy,0.51508296,0.029922735,0.9994294,0.40686563,False
tile_26746.npy,0.5150804,0.029900175,0.999456,0.40232193,False
tile_19298.npy,0.51507926,0.029869417,0.99946874,0.4102271,False
tile_15119.npy,0.5150749,0.02983484,0.9995027,0.40611836,False
tile_3746.npy,0.5150717,0.029823199,0.99951524,0.40247926,False
tile_12739.npy,0.515067,0.029802643,0.99951607,0.40762153,False
tile_22021.npy,0.5150614,0.02980139,0.9995051,0.40811506,False
tile_8297.npy,0.51505977,0.029908342,0.9994137,0.39874533,False
tile_10045.npy,0.5150519,0.02981969,0.9994806,0.40172902,False
tile_10385.npy,0.51504976,0.029730603,0.99956065,0.40409026,False
tile_4242.npy,0.5150429,0.02977495,0.999507,0.4019203,False
tile_7416.npy,0.5150384,0.029782698,0.999494,0.40001875,False
tile_18988.npy,0.515033,0.029812444,0.9994506,0.4014981,False
tile_10641.npy,0.51503235,0.029739955,0.99951935,0.40267453,False
tile_8139.npy,0.5150288,0.029757455,0.9994848,0.4076654,False
tile_19407.npy,0.5150178,0.02976661,0.99947256,0.3981996,False
tile_26513.npy,0.5150152,0.02975893,0.99945617,0.40764925,False
tile_29306.npy,0.5150135,0.029792069,0.9994308,0.40207672,False
tile_21441.npy,0.5150121,0.02974331,0.99948084,0.39999762,False
tile_24460.npy,0.5150086,0.029729826,0.999494,0.3967051,False
tile_17263.npy,0.5150063,0.029774403,0.9994354,0.4013748,False
tile_21962.npy,0.5150051,0.029823247,0.9993823,0.4023556,False
tile_27541.npy,0.51500374,0.029738646,0.9994545,0.40713602,False
tile_27551.npy,0.5149961,0.029720144,0.9994588,0.4066295,False
tile_14323.npy,0.514996,0.02971188,0.99946475,0.40767854,False
tile_23634.npy,0.51499367,0.029736584,0.999446,0.4024016,False
tile_12899.npy,0.5149925,0.02970559,0.9994894,0.39492083,False
tile_27590.npy,0.5149906,0.02972049,0.9994546,0.40306106,False
tile_17902.npy,0.5149901,0.029694663,0.9994792,0.4031792,False
tile_28632.npy,0.51497537,0.029677255,0.9994604,0.4065525,False
tile_6012.npy,0.5149673,0.029660903,0.9994712,0.40124118,False
tile_30002.npy,0.5149456,0.029606678,0.99948937,0.39759925,False
tile_7356.npy,0.51494384,0.029593337,0.9994771,0.40866572,False
tile_5835.npy,0.5149396,0.029599143,0.99947304,0.403522,False
tile_30369.npy,0.5149377,0.029692432,0.999376,0.40348795,False
tile_4117.npy,0.51493365,0.029558755,0.9995044,0.40211016,False
tile_23870.npy,0.5149324,0.029634088,0.9994328,0.3989597,False
tile_19335.npy,0.5149247,0.029569032,0.99947965,0.40038806,False
tile_21895.npy,0.5149187,0.029570919,0.99946374,0.4013973,False
tile_23020.npy,0.5149178,0.029495563,0.9995437,0.39817625,False
tile_27708.npy,0.51491386,0.029504035,0.9995103,0.4066663,False
tile_10027.npy,0.5149098,0.029568132,0.9994376,0.40696478,False
tile_23771.npy,0.5149039,0.02949306,0.9995121,0.4013469,False
tile_22052.npy,0.51490223,0.029488618,0.9995152,0.40033528,False
tile_29836.npy,0.51489896,0.029491711,0.9994971,0.40456152,False
tile_12378.npy,0.5148981,0.02955902,0.9994194,0.40890798,False
tile_23871.npy,0.51489574,0.029474253,0.99950176,0.40775648,False
tile_25527.npy,0.51489073,0.02945612,0.99952626,0.39951038,False
tile_9670.npy,0.5148859,0.029514536,0.9994678,0.39475435,False
tile_23290.npy,0.5148708,0.029416407,0.99951804,0.40359065,False
tile_25532.npy,0.51485544,0.029414954,0.99949056,0.40266025,False
tile_29167.npy,0.51485467,0.029376611,0.99952364,0.40456086,False
tile_22025.npy,0.5148415,0.029396495,0.9994728,0.40685067,False
tile_28428.npy,0.5148414,0.029391503,0.99949276,0.39924607,False
tile_27965.npy,0.5148286,0.029357282,0.99948657,0.4066867,False
tile_3040.npy,0.51481944,0.029342197,0.9994887,0.40402347,False
tile_20741.npy,0.514811,0.029397652,0.99942654,0.3988957,False
tile_28669.npy,0.5148079,0.02936138,0.9994351,0.40962514,False
tile_30345.npy,0.5148078,0.029297179,0.9995236,0.397461,False
tile_27768.npy,0.5147983,0.029383522,0.9994036,0.40474486,False
tile_17596.npy,0.5147923,0.029303685,0.9994805,0.4002592,False
tile_22600.npy,0.51479197,0.029290207,0.9994786,0.40755746,False
tile_26914.npy,0.5147868,0.02933691,0.9994321,0.40228662,False
tile_29344.npy,0.5147797,0.029308397,0.99944514,0.40294623,False
tile_30005.npy,0.51477194,0.029222416,0.999508,0.40673342,False
tile_20792.npy,0.5147698,0.029321456,0.9994153,0.40141383,False
tile_25301.npy,0.51476896,0.029195027,0.9995421,0.4003494,False
tile_12029.npy,0.5147674,0.02920006,0.999517,0.40886694,False
tile_9019.npy,0.5147608,0.029354222,0.9993652,0.4010619,False
tile_16805.npy,0.5147484,0.029259004,0.99943376,0.40203905,False
tile_21889.npy,0.51474565,0.029185385,0.9995051,0.40041044,False
tile_20150.npy,0.5147406,0.029173812,0.9994946,0.4064066,False
tile_21724.npy,0.5147377,0.029137552,0.9995351,0.40135205,False
tile_22228.npy,0.5147299,0.02916716,0.99947655,0.40807906,False
tile_26039.npy,0.5147298,0.02915368,0.9994967,0.40460402,False
tile_24734.npy,0.5147285,0.029159019,0.99948746,0.40524822,False
tile_25621.npy,0.5147276,0.029186932,0.9994669,0.40064853,False
tile_20981.npy,0.51472586,0.029143611,0.99949837,0.40488523,False
tile_10880.npy,0.5147252,0.029083192,0.9995606,0.4032932,False
tile_22639.npy,0.51472396,0.029184982,0.99944466,0.40914935,False
tile_27199.npy,0.5147192,0.02917721,0.99945915,0.4010205,False
tile_25819.npy,0.514715,0.029175045,0.99944186,0.40654424,False
tile_26329.npy,0.5147136,0.029102571,0.9995301,0.3972896,False
tile_21684.npy,0.51471233,0.029097855,0.9995185,0.40411323,False
tile_27422.npy,0.51471186,0.029126823,0.9994886,0.40412727,False
tile_21559.npy,0.5147086,0.02924542,0.999354,0.40887058,False
tile_4584.npy,0.51470345,0.02914412,0.9994578,0.40249905,False
tile_15167.npy,0.5147002,0.029040856,0.9995534,0.4030283,False
tile_29485.npy,0.51469475,0.029103518,0.9994859,0.39998677,False
tile_23630.npy,0.514691,0.029154513,0.9994309,0.398282,False
tile_24464.npy,0.51468974,0.029152641,0.9994176,0.404569,False
tile_25149.npy,0.51468766,0.029110279,0.99945235,0.40635395,False
tile_6735.npy,0.5146871,0.029108804,0.9994484,0.4085332,False
tile_9362.npy,0.514682,0.02910764,0.9994481,0.40414587,False
tile_6024.npy,0.5146792,0.02908127,0.9994712,0.40297338,False
tile_6537.npy,0.5146761,0.029122878,0.99943227,0.3985322,False
tile_22215.npy,0.51467097,0.029055303,0.9994827,0.40196517,False
tile_21718.npy,0.51466584,0.029013317,0.9995156,0.40138084,False
tile_7933.npy,0.51466465,0.029033745,0.99949783,0.3988774,False
tile_26565.npy,0.5146591,0.029088562,0.99942124,0.4041953,False
tile_5346.npy,0.51465786,0.029009154,0.9994962,0.4052068,False
tile_20814.npy,0.5146577,0.029019404,0.99950236,0.39680168,False
tile_19058.npy,0.51465714,0.029099248,0.9994118,0.40160123,False
tile_25671.npy,0.5146538,0.029003069,0.99949706,0.40375742,False
tile_24976.npy,0.51464766,0.029043736,0.99945724,0.3971181,False
tile_22020.npy,0.51464623,0.02904744,0.9994395,0.4027757,False
tile_21955.npy,0.514641,0.029003456,0.9994661,0.40618977,False
tile_6046.npy,0.5146342,0.028979056,0.9994779,0.4057233,False
tile_7934.npy,0.5146253,0.029052591,0.99938595,0.4060228,False
tile_21691.npy,0.5146192,0.028942673,0.9994822,0.4067611,False
tile_28115.npy,0.5146171,0.028949656,0.99948484,0.39983994,False
tile_3895.npy,0.51461345,0.028959792,0.99945706,0.40501457,False
tile_4981.npy,0.51460725,0.028953511,0.99945366,0.40365127,False
tile_14980.npy,0.51460195,0.028973855,0.9994416,0.3942411,False
tile_15857.npy,0.51460004,0.028960112,0.99943084,0.40454614,False
tile_25474.npy,0.5145982,0.028983366,0.9994132,0.39991042,False
tile_10213.npy,0.51459646,0.028963853,0.99942654,0.40123004,False
tile_10187.npy,0.5145762,0.028845247,0.999497,0.40509403,False
tile_23898.npy,0.51457345,0.02884652,0.9995107,0.3948379,False
tile_24476.npy,0.5145719,0.028864874,0.9994867,0.39616156,False
tile_10940.npy,0.51457053,0.028847976,0.9994762,0.40846297,False
tile_20973.npy,0.5145696,0.028858123,0.9994793,0.4009085,False
tile_30207.npy,0.5145676,0.02892323,0.99939877,0.40660435,False
tile_24837.npy,0.5145618,0.028907252,0.99940455,0.4058683,False
tile_10555.npy,0.51454633,0.028799819,0.99949867,0.39709207,False
tile_30692.npy,0.51454574,0.028822843,0.9994596,0.4044827,False
tile_3591.npy,0.51453614,0.028725442,0.9995285,0.40917733,False
tile_6534.npy,0.51453173,0.028890155,0.999363,0.4051328,False
tile_11923.npy,0.514531,0.02885228,0.9994044,0.40270424,False
tile_20616.npy,0.5145306,0.02877597,0.99948114,0.40200812,False
tile_8135.npy,0.51452625,0.028763792,0.9994794,0.40463474,False
tile_25337.npy,0.5145255,0.028803928,0.9994372,0.40490597,False
tile_28068.npy,0.5145229,0.028796822,0.9994319,0.4085451,False
tile_10222.npy,0.51451755,0.02871723,0.99951094,0.40349007,False
tile_27011.npy,0.5145171,0.028767575,0.9994689,0.39887467,False
tile_26219.npy,0.5145164,0.02876674,0.999452,0.40701643,False
tile_23884.npy,0.5145123,0.02876831,0.99944186,0.40719286,False
tile_25891.npy,0.51450855,0.028721116,0.9994816,0.40714157,False
tile_28483.npy,0.5145078,0.028785491,0.9994273,0.40138346,False
tile_20156.npy,0.5144894,0.028693926,0.9994877,0.3985956,False
tile_10056.npy,0.51448715,0.02866767,0.9994953,0.40569705,False
tile_19678.npy,0.51448643,0.028724182,0.99943155,0.40859404,False
tile_25183.npy,0.5144769,0.028659306,0.9994785,0.40800303,False
tile_25106.npy,0.5144741,0.028762173,0.99937934,0.4033431,False
tile_23799.npy,0.5144641,0.028692199,0.999445,0.39545318,False
tile_19689.npy,0.5144614,0.028706685,0.99940586,0.40515697,False
tile_15158.npy,0.51445776,0.028614856,0.9994903,0.4051723,False
tile_25510.npy,0.5144461,0.02861207,0.99946964,0.40524256,False
tile_8128.npy,0.51442736,0.02849129,0.9995553,0.4040895,False
tile_18766.npy,0.51442575,0.028561773,0.99947596,0.4068823,False
tile_25981.npy,0.51441973,0.028548004,0.9994846,0.40338492,False
tile_26658.npy,0.5144161,0.02857555,0.9994598,0.398397,False
tile_23936.npy,0.51440924,0.028548818,0.9994569,0.4063836,False
tile_26198.npy,0.5143964,0.028556563,0.9994351,0.40061468,False
tile_25498.npy,0.5143921,0.028532833,0.9994547,0.39834914,False
tile_7436.npy,0.51438355,0.0285022,0.9994491,0.40792555,False
tile_17099.npy,0.51438344,0.02847681,0.99947464,0.40768903,False
tile_21437.npy,0.51438147,0.028514646,0.9994346,0.40683728,False
tile_24858.npy,0.5143772,0.028498068,0.99944764,0.404315,False
tile_24430.npy,0.51436865,0.028480422,0.9994526,0.4021504,False
tile_28131.npy,0.51436013,0.028456498,0.99946237,0.40073878,False
tile_26183.npy,0.5143593,0.028467197,0.9994396,0.40589762,False
tile_6047.npy,0.51435107,0.028464431,0.9994249,0.40642047,False
tile_13960.npy,0.51435083,0.02843538,0.9994494,0.4084903,False
tile_24123.npy,0.51434886,0.02849055,0.999404,0.40156713,False
tile_16897.npy,0.51434857,0.02840614,0.9994768,0.407101,False
tile_12787.npy,0.5143478,0.028395908,0.99951386,0.39292362,False
tile_22740.npy,0.51434636,0.028457101,0.9994298,0.4029262,False
tile_8123.npy,0.5143429,0.028421897,0.9994524,0.40572396,False
tile_30558.npy,0.51433283,0.028434608,0.99942416,0.40347955,False
tile_5323.npy,0.51433194,0.02836106,0.9994847,0.40905142,False
tile_15366.npy,0.5143179,0.028333541,0.9994844,0.40894225,False
tile_21203.npy,0.5143093,0.028318286,0.9994986,0.40084884,False
tile_8726.npy,0.5142963,0.028366556,0.99940914,0.40844646,False
tile_16558.npy,0.5142909,0.028304983,0.9994879,0.39450282,False
tile_16394.npy,0.51428777,0.028335176,0.9994328,0.40377095,False
tile_21863.npy,0.51428634,0.02829862,0.99947035,0.40184286,False
tile_30019.npy,0.5142812,0.028334085,0.9994184,0.40498263,False
tile_29147.npy,0.51427585,0.028306033,0.9994431,0.4012417,False
tile_23517.npy,0.51427305,0.028280508,0.9994541,0.40573958,False
tile_18931.npy,0.5142654,0.028221581,0.9994999,0.40466988,False
tile_23777.npy,0.5142617,0.02830258,0.99942124,0.39981323,False
tile_22249.npy,0.5142606,0.028261427,0.9994484,0.40566045,False
tile_7186.npy,0.5142545,0.028243555,0.99945766,0.40385652,False
tile_9176.npy,0.51425236,0.028203683,0.99950945,0.39580426,False
tile_25967.npy,0.5142496,0.028193027,0.9995095,0.3983397,False
tile_24254.npy,0.51424694,0.028240185,0.9994495,0.40207493,False
tile_11575.npy,0.5142448,0.028238852,0.99944955,0.40059268,False
tile_3238.npy,0.51423943,0.028299903,0.99937695,0.40099403,False
tile_5335.npy,0.5142381,0.028202677,0.9994594,0.40711966,False
tile_9535.npy,0.5142344,0.028197866,0.99946046,0.40524575,False
tile_21858.npy,0.5142114,0.02824398,0.9993719,0.40348038,False
tile_26241.npy,0.5142113,0.028180853,0.9994436,0.39906627,False
tile_17153.npy,0.5142103,0.028211549,0.99939466,0.40717283,False
tile_6880.npy,0.5142071,0.02809291,0.9995146,0.40341416,False
tile_25502.npy,0.5142018,0.028160129,0.99944395,0.3997616,False
tile_18643.npy,0.5142004,0.028116459,0.9994813,0.40148142,False
tile_9323.npy,0.51419765,0.02815498,0.9994259,0.40718967,False
tile_3549.npy,0.5141967,0.028051477,0.99952567,0.40809032,False
tile_21603.npy,0.5141956,0.028213982,0.99935836,0.40941012,False
tile_20984.npy,0.5141898,0.028081074,0.999488,0.4052455,False
tile_26891.npy,0.51418704,0.028206998,0.9993722,0.39743316,False
tile_10865.npy,0.5141863,0.028066274,0.9994954,0.40546697,False
tile_25875.npy,0.51418453,0.02807806,0.9994735,0.40874368,False
tile_20665.npy,0.5141625,0.028084317,0.99944943,0.39558443,False
tile_22739.npy,0.514161,0.028005678,0.99952793,0.39416754,False
tile_21258.npy,0.5141597,0.028147321,0.9993637,0.4041602,False
tile_18191.npy,0.51415735,0.028094692,0.9994116,0.404225,False
tile_3203.npy,0.51415604,0.02805473,0.9994618,0.3977641,False
tile_24055.npy,0.51414996,0.028020456,0.99946743,0.40605277,False
tile_10819.npy,0.51414955,0.028057124,0.9994332,0.4043677,False
tile_24789.npy,0.5141472,0.02809779,0.9994066,0.3950494,False
tile_22933.npy,0.5141441,0.028036252,0.9994374,0.40725467,False
tile_29469.npy,0.51414084,0.028010016,0.9994716,0.40001845,False
tile_7793.npy,0.5141345,0.028057043,0.9994051,0.40349275,False
tile_24468.npy,0.5141232,0.02805217,0.9993973,0.3984413,False
tile_8207.npy,0.51412123,0.027910925,0.9995155,0.40804142,False
tile_22363.npy,0.514119,0.028021712,0.9994061,0.4051332,False
tile_26361.npy,0.514111,0.027948122,0.9994669,0.40345195,False
tile_22023.npy,0.51410574,0.028022708,0.9993756,0.40653676,False
tile_6562.npy,0.5141024,0.02789091,0.99949914,0.40738136,False
tile_25161.npy,0.5141024,0.02797604,0.999423,0.4028692,False
tile_27385.npy,0.5140958,0.027901424,0.9994763,0.40692344,False
tile_9662.npy,0.51409304,0.027911482,0.9994844,0.39509952,False
tile_23174.npy,0.51409096,0.027975708,0.9993962,0.40503064,False
tile_26590.npy,0.5140787,0.027904944,0.99943256,0.4099109,False
tile_17035.npy,0.514069,0.027884332,0.99943817,0.4077709,False
tile_4973.npy,0.5140681,0.02783664,0.9995054,0.39706713,False
tile_19933.npy,0.51406765,0.027843673,0.99947983,0.40589747,False
tile_16514.npy,0.51406604,0.027890343,0.9994336,0.40404898,False
tile_18458.npy,0.51406485,0.02796572,0.9993446,0.40971348,False
tile_18248.npy,0.5140642,0.02785478,0.99946356,0.4050035,False
tile_16036.npy,0.5140637,0.027829168,0.9994901,0.40410006,False
tile_23957.npy,0.514059,0.027769338,0.99953943,0.40459588,False
tile_5143.npy,0.51405376,0.027861053,0.999445,0.4007507,False
tile_24929.npy,0.5140442,0.027817462,0.9994547,0.40815344,False
tile_27056.npy,0.5140422,0.027787048,0.99948955,0.40387705,False
tile_23530.npy,0.51403743,0.027808702,0.9994523,0.40694478,False
tile_29486.npy,0.5140264,0.027873576,0.99937373,0.4027738,False
tile_8278.npy,0.5140252,0.027862312,0.99937063,0.40870857,False
tile_11457.npy,0.5140217,0.02781492,0.9994404,0.39404708,False
tile_22640.npy,0.51402104,0.02781449,0.999429,0.3992965,False
tile_12158.npy,0.51401925,0.027776333,0.9994511,0.4055231,False
tile_22214.npy,0.5140182,0.027757887,0.999487,0.39573765,False
tile_8814.npy,0.51400906,0.027855672,0.9993536,0.40441605,False
tile_10734.npy,0.5140069,0.027781595,0.9994301,0.40107772,False
tile_3030.npy,0.5140027,0.027799774,0.9993838,0.4109116,False
tile_11459.npy,0.51399887,0.027744386,0.9994367,0.40835422,False
tile_26145.npy,0.51399547,0.027714912,0.9994572,0.4094161,False
tile_12156.npy,0.5139954,0.027732305,0.9994585,0.4000135,False
tile_26555.npy,0.5139943,0.027695322,0.99948233,0.40540734,False
tile_18314.npy,0.5139937,0.027695166,0.99947536,0.408387,False
tile_9698.npy,0.51399297,0.027715486,0.9994871,0.39167404,False
tile_12961.npy,0.5139839,0.02763543,0.99953574,0.39833227,False
tile_23357.npy,0.5139817,0.027772648,0.9993804,0.4052191,False
tile_3418.npy,0.5139749,0.02779579,0.9993304,0.41181704,False
tile_27596.npy,0.5139667,0.027736481,0.99939656,0.40020937,False
tile_27723.npy,0.5139655,0.027691592,0.9994478,0.39580357,False
tile_4274.npy,0.5139608,0.027660202,0.9994585,0.40144876,False
tile_23935.npy,0.51395476,0.02769205,0.99940723,0.40512404,False
tile_29660.npy,0.5139245,0.02757671,0.9994619,0.40519994,False
tile_22484.npy,0.5139187,0.027574208,0.99945444,0.4043422,False
tile_31227.npy,0.51391417,0.027610723,0.9993994,0.40908766,False
tile_26338.npy,0.5139043,0.027625732,0.99937975,0.4015558,False
tile_23169.npy,0.51389796,0.027633939,0.99934685,0.40759617,False
tile_25464.npy,0.51388305,0.02748074,0.99947727,0.4040524,False
tile_21700.npy,0.51386964,0.027407143,0.9995279,0.40217075,False
tile_15535.npy,0.51386815,0.027476864,0.99945116,0.4040897,False
tile_30032.npy,0.51385564,0.027392417,0.9995023,0.40828985,False
tile_10178.npy,0.51385456,0.02747408,0.99942195,0.40658298,False
tile_5447.npy,0.5138509,0.027447928,0.99945587,0.39903238,False
tile_28126.npy,0.51384544,0.027436975,0.9994419,0.40597323,False
tile_4090.npy,0.5138399,0.027452907,0.9994304,0.39824137,False
tile_20802.npy,0.5138367,0.027399462,0.999464,0.40492675,False
tile_22385.npy,0.5138306,0.027378071,0.9994703,0.40641716,False
tile_20843.npy,0.51382273,0.027328474,0.9995032,0.40694562,False
tile_21168.npy,0.51381814,0.027353171,0.99947774,0.40268037,False
tile_23347.npy,0.5138148,0.027344324,0.99947965,0.40279087,False
tile_6223.npy,0.51380926,0.027392132,0.9994159,0.4052225,False
tile_19761.npy,0.51380527,0.027353283,0.9994438,0.40673828,False
tile_25018.npy,0.5137918,0.027311567,0.99947476,0.39864576,False
tile_9702.npy,0.5137884,0.027311081,0.99944836,0.4087324,False
tile_12026.npy,0.51378334,0.027293043,0.9994529,0.41036752,False
tile_17415.npy,0.5137825,0.027348466,0.9994012,0.40764222,False
tile_4464.npy,0.5137803,0.027319834,0.9994344,0.40315604,False
tile_31583.npy,0.51377714,0.027358405,0.9993828,0.4065575,False
tile_15507.npy,0.51377684,0.027375193,0.99936825,0.40514812,False
tile_24452.npy,0.51377493,0.027272684,0.99946946,0.40387225,False
tile_11115.npy,0.51376885,0.027327977,0.9993908,0.40945628,False
tile_20469.npy,0.5137629,0.027291356,0.9994177,0.40832973,False
tile_15152.npy,0.5137607,0.027282443,0.9994185,0.4102104,False
tile_4439.npy,0.513759,0.02725176,0.9994524,0.40693736,False
tile_27557.npy,0.5137302,0.027234191,0.99941266,0.4068112,False
tile_12041.npy,0.5137273,0.027203694,0.99945396,0.3984516,False
tile_25317.npy,0.5137235,0.02726161,0.99937254,0.40644673,False
tile_24626.npy,0.5137212,0.027189914,0.99944395,0.40431887,False
tile_29277.npy,0.5137193,0.027154857,0.9994667,0.40852904,False
tile_30022.npy,0.5137072,0.027194202,0.9994209,0.39962924,False
tile_13837.npy,0.51370513,0.02718678,0.9994082,0.407664,False
tile_18654.npy,0.51370126,0.027107831,0.9995036,0.3955479,False
tile_14774.npy,0.51368433,0.027101722,0.99945945,0.40377927,False
tile_22909.npy,0.5136837,0.027079243,0.9994729,0.40759805,False
tile_20452.npy,0.5136833,0.02710794,0.99944705,0.4058637,False
tile_26850.npy,0.5136805,0.02708401,0.9994728,0.4020914,False
tile_17957.npy,0.51366955,0.027075436,0.999453,0.40532544,False
tile_7702.npy,0.5136658,0.027059063,0.99945706,0.40773463,False
tile_27792.npy,0.51366544,0.027125116,0.99939793,0.40393445,False
tile_6553.npy,0.51365596,0.027036361,0.9994766,0.39948407,False
tile_28838.npy,0.51365477,0.027037188,0.999455,0.40870446,False
tile_4095.npy,0.5136517,0.026996352,0.99949265,0.40723065,False
tile_23604.npy,0.5136413,0.026950866,0.9995251,0.40329066,False
tile_22756.npy,0.51363903,0.027011532,0.9994623,0.4020826,False
tile_24304.npy,0.5136206,0.026952509,0.99947774,0.4055027,False
tile_21775.npy,0.5136083,0.02697655,0.99943274,0.40364185,False
tile_23624.npy,0.5136067,0.026944403,0.9994573,0.4058387,False
tile_6559.npy,0.5136062,0.026929805,0.99946743,0.4075688,False
tile_17941.npy,0.5136022,0.026997656,0.9994123,0.3972208,False
tile_6205.npy,0.5135916,0.026872657,0.9994971,0.40668082,False
tile_17669.npy,0.51358926,0.026885977,0.9994895,0.4015658,False
tile_9252.npy,0.513583,0.027047995,0.99931455,0.40175465,False
tile_29633.npy,0.51358163,0.027038798,0.99931926,0.402617,False
tile_30205.npy,0.5135778,0.026927246,0.99941677,0.4057826,False
tile_24242.npy,0.51357746,0.026893955,0.9994679,0.39657676,False
tile_24258.npy,0.5135688,0.026924483,0.9994005,0.40635458,False
tile_24673.npy,0.5135647,0.026932307,0.99939644,0.40031534,False
tile_19297.npy,0.5135541,0.026890215,0.9994126,0.4027142,False
tile_24962.npy,0.51353943,0.026847243,0.99943197,0.39980486,False
tile_22835.npy,0.5135244,0.026784949,0.99945277,0.40557933,False
tile_6368.npy,0.51351804,0.02679649,0.9994331,0.40323707,False
tile_26582.npy,0.513502,0.026744742,0.999441,0.40913224,False
tile_30206.npy,0.51349896,0.026736982,0.999445,0.40794286,False
tile_27359.npy,0.51349753,0.026752716,0.9994281,0.40710738,False
tile_11511.npy,0.5134947,0.026737021,0.9994468,0.4027662,False
tile_28279.npy,0.51349336,0.026742216,0.9994256,0.40945762,False
tile_26869.npy,0.51348835,0.026738094,0.99942535,0.40663967,False
tile_22538.npy,0.51348597,0.026702229,0.99946773,0.40093082,False
tile_25506.npy,0.5134859,0.02676855,0.99939215,0.40555692,False
tile_18591.npy,0.51347667,0.026793405,0.999359,0.40047097,False
tile_23255.npy,0.5134726,0.02669335,0.99945724,0.39732757,False
tile_19236.npy,0.51346916,0.026697503,0.9994248,0.40796483,False
tile_28934.npy,0.5134683,0.026711032,0.99941945,0.4031115,False
tile_23755.npy,0.5134635,0.026669405,0.9994538,0.40190363,False
tile_21792.npy,0.5134379,0.026636926,0.9994346,0.40215838,False
tile_24289.npy,0.51343,0.026653506,0.9994026,0.40195036,False
tile_19347.npy,0.5134276,0.026713531,0.99933815,0.40177748,False
tile_12214.npy,0.5134244,0.026582351,0.9994529,0.4067823,False
tile_23981.npy,0.5134141,0.026613692,0.9994008,0.4068398,False
tile_10240.npy,0.5134132,0.026611198,0.9994119,0.40167424,False
tile_21705.npy,0.5134113,0.026564453,0.9994437,0.4072465,False
tile_26533.npy,0.51340646,0.02663882,0.9993686,0.40276977,False
tile_21836.npy,0.51340395,0.026574574,0.9994183,0.40750277,False
tile_7753.npy,0.5134021,0.02659223,0.9993934,0.4093037,False
tile_14832.npy,0.5133983,0.026533738,0.99945575,0.40352622,False
tile_22255.npy,0.5133981,0.026633242,0.999344,0.40949816,False
tile_30190.npy,0.5133954,0.026578717,0.9994146,0.39876738,False
tile_4109.npy,0.5133953,0.026512139,0.999485,0.39672723,False
tile_14846.npy,0.5133924,0.026589438,0.9993859,0.40472355,False
tile_13765.npy,0.51338875,0.026561588,0.99942076,0.39756837,False
tile_18127.npy,0.5133883,0.026587725,0.9993849,0.40200055,False
tile_20112.npy,0.51338327,0.026529282,0.99943346,0.40192664,False
tile_31225.npy,0.5133817,0.026564611,0.9993944,0.40224147,False
tile_10051.npy,0.5133743,0.026546255,0.9993922,0.405046,False
tile_25607.npy,0.51336104,0.026492434,0.9994153,0.407162,False
tile_20912.npy,0.5133546,0.026462834,0.99943274,0.40680882,False
tile_27177.npy,0.51335365,0.02648995,0.99939513,0.41111937,False
tile_28468.npy,0.5133463,0.026431555,0.9994668,0.39714086,False
tile_30217.npy,0.51334214,0.026416164,0.9994552,0.4064176,False
tile_16215.npy,0.51333576,0.02643454,0.9994203,0.40837002,False
tile_21072.npy,0.5133337,0.02643609,0.9994136,0.40880758,False
tile_23938.npy,0.51332146,0.0264765,0.999361,0.40272906,False
tile_25314.npy,0.5133177,0.026436016,0.9994125,0.39346713,False
tile_28282.npy,0.51331705,0.026429582,0.99941254,0.3960397,False
tile_14293.npy,0.5133158,0.02635359,0.9994688,0.40457356,False
tile_19759.npy,0.5133108,0.02638724,0.9994181,0.40813002,False
tile_30691.npy,0.513306,0.026426468,0.99936575,0.40989795,False
tile_17787.npy,0.51330537,0.026477091,0.9993314,0.40115282,False
tile_16927.npy,0.51329434,0.026365057,0.99940705,0.40828177,False
tile_20283.npy,0.513288,0.02638216,0.9993938,0.40001622,False
tile_27631.npy,0.51328737,0.026341286,0.9994227,0.4053607,False
tile_17723.npy,0.5132763,0.026381904,0.9993804,0.39513743,False
tile_31073.npy,0.5132663,0.026343305,0.99938345,0.4029207,False
tile_9694.npy,0.5132615,0.026363598,0.9993534,0.40298685,False
tile_27192.npy,0.5132428,0.026318658,0.9993637,0.40164053,False
tile_10535.npy,0.51323915,0.02624166,0.99942106,0.40782353,False
tile_23723.npy,0.5132326,0.026236411,0.99942166,0.4036081,False
tile_19525.npy,0.5132265,0.026198348,0.9994416,0.40648594,False
tile_22830.npy,0.5132261,0.026204443,0.99945986,0.3939476,False
tile_15518.npy,0.51322424,0.0262212,0.9994189,0.40419433,False
tile_8385.npy,0.5132223,0.026142672,0.99949366,0.4041017,False
tile_26936.npy,0.51321965,0.026251724,0.9993753,0.40614596,False
tile_11337.npy,0.5132121,0.026251629,0.9993648,0.403886,False
tile_11813.npy,0.51321036,0.026195202,0.99941075,0.40739697,False
tile_26326.npy,0.5132086,0.026203915,0.9994031,0.40510356,False
tile_19642.npy,0.5132078,0.02624952,0.9993545,0.40577537,False
tile_20449.npy,0.5132061,0.026307821,0.99928725,0.4086111,False
tile_27030.npy,0.513204,0.026203651,0.9994121,0.39609122,False
tile_26893.npy,0.51320183,0.026179377,0.9994317,0.39625418,False
tile_25955.npy,0.51320165,0.026177483,0.9994094,0.40824777,False
tile_26935.npy,0.5131916,0.026220039,0.9993671,0.39795837,False
tile_15692.npy,0.51318246,0.026115611,0.99943125,0.40899283,False
tile_25635.npy,0.5131806,0.026137017,0.99942815,0.3980586,False
tile_22716.npy,0.51316476,0.0262272,0.9993007,0.4007546,False
tile_15695.npy,0.5131616,0.026112333,0.9993931,0.4088767,False
tile_21853.npy,0.5131519,0.026069047,0.99942076,0.40700713,False
tile_21488.npy,0.51315033,0.026122142,0.99936736,0.4056238,False
tile_21843.npy,0.51314765,0.026168492,0.9993218,0.4025365,False
tile_5105.npy,0.51314586,0.026049323,0.9994251,0.4086594,False
tile_27704.npy,0.5131363,0.026085366,0.9993691,0.40910146,False
tile_10713.npy,0.5131358,0.026041187,0.999423,0.40369883,False
tile_18995.npy,0.51312894,0.026065249,0.9993855,0.4036032,False
tile_28951.npy,0.5131236,0.025997061,0.9994389,0.4055859,False
tile_21174.npy,0.513121,0.026070476,0.99935776,0.40684,False
tile_29107.npy,0.51311785,0.026043046,0.9993849,0.40389106,False
tile_21494.npy,0.51311654,0.026105486,0.9993201,0.40374094,False
tile_31247.npy,0.5131085,0.026079074,0.99933666,0.4005959,False
tile_16400.npy,0.51310813,0.02602016,0.99938565,0.40526915,False
tile_10044.npy,0.5131059,0.026023254,0.99938154,0.40351868,False
tile_10906.npy,0.5131057,0.026068138,0.9993275,0.40786663,False
tile_21158.npy,0.51310307,0.025940925,0.999446,0.40959486,False
tile_6392.npy,0.51309323,0.025903087,0.9994679,0.40774533,False
tile_21672.npy,0.5130902,0.026000103,0.99937606,0.40207073,False
tile_17067.npy,0.5130877,0.025919808,0.99944186,0.4068523,False
tile_24625.npy,0.51308745,0.025887527,0.9994779,0.40472794,False
tile_20798.npy,0.5130867,0.025893942,0.9994935,0.3929804,False
tile_17259.npy,0.5130844,0.025920134,0.9994486,0.400039,False
tile_13080.npy,0.5130804,0.02604258,0.99932474,0.39677024,False
tile_14634.npy,0.513079,0.026015652,0.99933714,0.40255976,False
tile_4413.npy,0.5130783,0.025878813,0.99946594,0.40588915,False
tile_20151.npy,0.5130695,0.025880743,0.99945956,0.39933363,False
tile_27045.npy,0.51306266,0.025836447,0.99948597,0.4014232,False
tile_30530.npy,0.51306224,0.025849001,0.9994605,0.4074441,False
tile_27945.npy,0.51306033,0.025889486,0.9994369,0.3971375,False
tile_17793.npy,0.51304185,0.025834177,0.99943876,0.40538475,False
tile_6014.npy,0.5130299,0.025834773,0.9994116,0.40667933,False
tile_23118.npy,0.5130258,0.02587952,0.9993519,0.4100961,False
tile_28269.npy,0.51302314,0.02584282,0.9994167,0.39341936,False
tile_21037.npy,0.5130152,0.025783416,0.9994303,0.40837228,False
tile_23718.npy,0.5130063,0.025850177,0.99934465,0.40888765,False
tile_5168.npy,0.5130041,0.025828063,0.9993639,0.40811023,False
tile_4244.npy,0.5129997,0.02570945,0.9994843,0.4028859,False
tile_3368.npy,0.51299703,0.0258158,0.9993583,0.40995625,False
tile_12557.npy,0.51299566,0.02574432,0.99942976,0.40858996,False
tile_21015.npy,0.5129828,0.025727902,0.99942654,0.40553108,False
tile_21036.npy,0.5129823,0.025722211,0.9994271,0.40764782,False
tile_9154.npy,0.51297915,0.025732618,0.99940956,0.40805507,False
tile_10124.npy,0.5129755,0.025714552,0.99944025,0.39812195,False
tile_11563.npy,0.51297206,0.025694216,0.99943686,0.40649515,False
tile_25458.npy,0.51296186,0.025665287,0.9994441,0.4071593,False
tile_24561.npy,0.5129563,0.025643758,0.9994589,0.40499547,False
tile_16719.npy,0.5129477,0.02567062,0.99940354,0.41059586,False
tile_24250.npy,0.512944,0.02567357,0.9994007,0.4068381,False
tile_21030.npy,0.51294017,0.02569253,0.99938506,0.40137017,False
tile_24105.npy,0.5129377,0.025614254,0.999448,0.4066192,False
tile_26882.npy,0.5129361,0.02558459,0.9994732,0.40724188,False
tile_18368.npy,0.5129306,0.025581088,0.9994852,0.3974575,False
tile_28597.npy,0.51291734,0.0256154,0.99941593,0.40164927,False
tile_10235.npy,0.5129156,0.025653427,0.99936646,0.40568647,False
tile_26030.npy,0.5129137,0.025675638,0.9993414,0.4051745,False
tile_23373.npy,0.512901,0.025536705,0.99945486,0.40525237,False
tile_20162.npy,0.5128766,0.025476485,0.9994667,0.40495536,False
tile_25870.npy,0.5128762,0.025539923,0.9994113,0.40057915,False
tile_11862.npy,0.5128726,0.025508448,0.9994177,0.40946892,False
tile_26668.npy,0.5128699,0.025482072,0.99945015,0.40378892,False
tile_25851.npy,0.512862,0.025562627,0.9993545,0.4034588,False
tile_24228.npy,0.5128602,0.025539624,0.99938023,0.4002201,False
tile_22651.npy,0.5128486,0.02552345,0.99936134,0.40619293,False
tile_21520.npy,0.5128458,0.025552936,0.9993369,0.40090534,False
tile_20994.npy,0.5128283,0.025413832,0.9994444,0.39919057,False
tile_6836.npy,0.5128252,0.025434302,0.99940574,0.40521795,False
tile_26752.npy,0.5128241,0.025482675,0.9993486,0.40849444,False
tile_26556.npy,0.5128205,0.025442395,0.9993921,0.40322927,False
tile_4919.npy,0.51281744,0.025439288,0.99938893,0.40333837,False
tile_19285.npy,0.5128163,0.02554953,0.99927545,0.40382755,False
tile_19675.npy,0.5128157,0.025423307,0.999395,0.4065704,False
tile_5866.npy,0.5128146,0.02550242,0.9993328,0.39698845,False
tile_26681.npy,0.51281327,0.025430366,0.9993861,0.40507776,False
tile_27628.npy,0.5128111,0.025327118,0.99948275,0.40623263,False
tile_16164.npy,0.51280886,0.025375083,0.99942714,0.4077461,False
tile_27915.npy,0.5128059,0.025426999,0.9993776,0.40356827,False
tile_24558.npy,0.5128059,0.02536757,0.9994303,0.40689793,False
tile_7521.npy,0.5127974,0.025326561,0.99945706,0.4056393,False
tile_5961.npy,0.5127961,0.025309384,0.9994717,0.40553406,False
tile_18076.npy,0.5127954,0.025494281,0.99929154,0.4024773,False
tile_23868.npy,0.5127926,0.025303528,0.99947435,0.40362802,False
tile_14477.npy,0.51279014,0.025410052,0.9993687,0.40078437,False
tile_15883.npy,0.5127881,0.025346098,0.99942154,0.40429825,False
tile_5174.npy,0.5127857,0.025381655,0.9993743,0.40770122,False
tile_22197.npy,0.5127798,0.025356483,0.99939436,0.40438312,False
tile_9531.npy,0.5127722,0.025389278,0.9993769,0.38908237,False
tile_26856.npy,0.5127717,0.02532209,0.99940985,0.40575126,False
tile_18195.npy,0.5127697,0.025374617,0.9993557,0.4045088,False
tile_26007.npy,0.5127661,0.02529686,0.99942124,0.40707153,False
tile_29326.npy,0.51276046,0.025202548,0.9995204,0.39901188,False
tile_29317.npy,0.51275814,0.025281664,0.99943155,0.40156823,False
tile_28813.npy,0.5127564,0.025283668,0.9994176,0.40576288,False
tile_5850.npy,0.5127454,0.025399141,0.99928474,0.40346608,False
tile_14979.npy,0.5127453,0.02520748,0.99947035,0.40636227,False
tile_23093.npy,0.51274145,0.025239613,0.9994396,0.40183663,False
tile_10761.npy,0.5127291,0.02517114,0.9994768,0.40511975,False
tile_25265.npy,0.512728,0.025290608,0.99934924,0.40803292,False
tile_23054.npy,0.51271963,0.025218282,0.9994108,0.4050808,False
tile_3736.npy,0.5127125,0.02517011,0.9994534,0.40074855,False
tile_11629.npy,0.51271206,0.025342047,0.99928457,0.39877304,False
tile_23623.npy,0.5127096,0.025214152,0.9993928,0.40612128,False
tile_9718.npy,0.5127083,0.025238771,0.9993798,0.39897755,False
tile_11504.npy,0.51269406,0.025190547,0.99938416,0.4066756,False
tile_9004.npy,0.5126872,0.025173228,0.99939805,0.4015348,False
tile_28246.npy,0.5126821,0.02515908,0.99938834,0.4083663,False
tile_20816.npy,0.51267207,0.02522101,0.999322,0.40054145,False
tile_21967.npy,0.51266855,0.025062371,0.9994647,0.40500826,False
tile_23912.npy,0.51266545,0.025135942,0.9993853,0.4048564,False
tile_21882.npy,0.51266235,0.025179623,0.9993586,0.39327112,False
tile_18072.npy,0.51265746,0.025084091,0.9994185,0.406119,False
tile_23974.npy,0.5126554,0.025146522,0.9993519,0.40611893,False
tile_6745.npy,0.512647,0.025117056,0.9993626,0.40713486,False
tile_9601.npy,0.51264656,0.025064955,0.9994187,0.40468928,False
tile_22595.npy,0.51264316,0.025071986,0.99940723,0.403541,False
tile_7578.npy,0.5126387,0.025080534,0.9993827,0.40710244,False
tile_15187.npy,0.51263726,0.025080435,0.99938184,0.40617138,False
tile_26203.npy,0.5126292,0.025087204,0.99936575,0.40275094,False
tile_11810.npy,0.5126256,0.025122907,0.9993158,0.40618148,False
tile_25882.npy,0.5126181,0.025049094,0.99938387,0.40163592,False
tile_11342.npy,0.512618,0.02500714,0.99941677,0.40601867,False
tile_11685.npy,0.5126116,0.02500958,0.9994137,0.399927,False
tile_26665.npy,0.51260597,0.024996938,0.9994,0.40748587,False
tile_17667.npy,0.5126038,0.025025614,0.99937767,0.40216026,False
tile_20642.npy,0.5125956,0.025019895,0.9993556,0.4078179,False
tile_23266.npy,0.51258665,0.024991982,0.99937737,0.4019522,False
tile_28995.npy,0.51258326,0.025021004,0.9993381,0.40371966,False
tile_27255.npy,0.5125819,0.024956228,0.9993895,0.40901956,False
tile_26419.npy,0.5125814,0.024999246,0.9993605,0.40156287,False
tile_22202.npy,0.51256865,0.024956625,0.9993684,0.40614858,False
tile_21877.npy,0.5125587,0.024887938,0.99943036,0.39954117,False
tile_23713.npy,0.51255363,0.024923977,0.99936557,0.4088797,False
tile_9491.npy,0.51254934,0.024929918,0.9993623,0.40321285,False
tile_27063.npy,0.51254547,0.024888206,0.99938923,0.40676102,False
tile_8796.npy,0.5125429,0.024900246,0.99936926,0.40815088,False
tile_21515.npy,0.5125296,0.024852209,0.9994021,0.4024632,False
tile_28941.npy,0.51252913,0.02483881,0.99941957,0.39992255,False
tile_25322.npy,0.5125255,0.024795182,0.99946165,0.3970934,False
tile_18767.npy,0.51251817,0.024944108,0.99928576,0.403226,False
tile_26397.npy,0.51251656,0.024754135,0.9994629,0.40804726,False
tile_14301.npy,0.5125111,0.024879593,0.9993374,0.402567,False
tile_25784.npy,0.5125071,0.024834566,0.9993609,0.4093454,False
tile_23100.npy,0.5125054,0.02474865,0.99944973,0.40622365,False
tile_26176.npy,0.51250434,0.024846558,0.9993602,0.40098077,False
tile_22883.npy,0.51249844,0.02473287,0.9994584,0.4028279,False
tile_23370.npy,0.51249325,0.024829037,0.9993467,0.40539718,False
tile_4583.npy,0.51249075,0.024745513,0.99942034,0.40781042,False
tile_11218.npy,0.51248485,0.024770953,0.9993807,0.40901121,False
tile_21717.npy,0.5124829,0.024846513,0.9993087,0.4052458,False
tile_28251.npy,0.51247525,0.024747781,0.9993928,0.40492895,False
tile_28266.npy,0.51246804,0.024685657,0.9994376,0.40645838,False
tile_21011.npy,0.5124577,0.024720427,0.9993923,0.40138885,False
tile_25642.npy,0.512433,0.024733357,0.9993255,0.40357634,False
tile_29672.npy,0.5124266,0.02460159,0.9994395,0.40610948,False
tile_11343.npy,0.51242644,0.024696756,0.9993446,0.40581796,False
tile_15536.npy,0.51241726,0.024570748,0.99944884,0.40748322,False
tile_24306.npy,0.51241386,0.024623817,0.99938846,0.4076957,False
tile_7092.npy,0.51241297,0.02458686,0.9994204,0.40928653,False
tile_30870.npy,0.51240474,0.024618102,0.9993747,0.40833205,False
tile_23171.npy,0.5123975,0.024576006,0.99940205,0.40854633,False
tile_4285.npy,0.51239383,0.024617616,0.9993552,0.40741292,False
tile_21496.npy,0.5123907,0.024626091,0.9993439,0.40568814,False
tile_9719.npy,0.5123865,0.024679517,0.9992744,0.4095449,False
tile_3558.npy,0.51236856,0.024522148,0.99940217,0.40638572,False
tile_25449.npy,0.51236767,0.02450876,0.99941194,0.40731567,False
tile_13417.npy,0.5123598,0.02465905,0.9992571,0.4017253,False
tile_13948.npy,0.51235425,0.024577715,0.9993278,0.4015206,False
tile_25440.npy,0.5123529,0.024581263,0.9993075,0.4084902,False
tile_26537.npy,0.5123466,0.024566853,0.9993292,0.3985733,False
tile_14489.npy,0.51234347,0.024496041,0.9993724,0.40925685,False
tile_4918.npy,0.51233876,0.024502309,0.9993662,0.4044541,False
tile_25530.npy,0.5123377,0.024493469,0.99936634,0.40776497,False
tile_2513.npy,0.51233625,0.024471266,0.9993789,0.4111697,False
tile_10016.npy,0.51233,0.024447687,0.9994234,0.39448726,False
tile_23551.npy,0.51232564,0.02445009,0.99939466,0.40330854,False
tile_22248.npy,0.5123231,0.02448531,0.99935985,0.4004773,False
tile_24777.npy,0.5123218,0.024509147,0.99931866,0.40792057,False
tile_25867.npy,0.5123205,0.024479907,0.9993428,0.40918067,False
tile_7618.npy,0.51228786,0.024415769,0.9993529,0.4035365,False
tile_22584.npy,0.51228654,0.024351591,0.99941355,0.40399575,False
tile_23706.npy,0.51227814,0.024402944,0.99934024,0.4065884,False
tile_10820.npy,0.51227266,0.024349429,0.999379,0.4084556,False
tile_29707.npy,0.5122633,0.024363615,0.99935734,0.4028082,False
tile_5694.npy,0.51225424,0.024343677,0.99936336,0.40074405,False
tile_7070.npy,0.512243,0.024259089,0.9994094,0.4087863,False
tile_11212.npy,0.5122377,0.024300907,0.99936974,0.40241966,False
tile_4411.npy,0.5122331,0.02429107,0.9993652,0.40492734,False
tile_17318.npy,0.51222354,0.02420931,0.9994597,0.38902375,False
tile_25093.npy,0.51221865,0.024316423,0.99930584,0.40750214,False
tile_28321.npy,0.51220226,0.024212472,0.99937564,0.40821013,False
tile_30199.npy,0.51218647,0.024142653,0.9994174,0.40646693,False
tile_18194.npy,0.51218116,0.024243586,0.9993095,0.40464357,False
tile_27725.npy,0.51217884,0.024233326,0.9993094,0.40744442,False
tile_11333.npy,0.51217335,0.024194304,0.9993332,0.40959147,False
tile_22308.npy,0.51216614,0.024220949,0.99929285,0.40926844,False
tile_19684.npy,0.5121659,0.024156056,0.99936163,0.4070113,False
tile_27796.npy,0.5121608,0.024040263,0.99946624,0.40754595,False
tile_28425.npy,0.5121564,0.024111075,0.99938494,0.40840253,False
tile_23645.npy,0.51214725,0.0241323,0.99935347,0.40434977,False
tile_7420.npy,0.5121457,0.024247903,0.9992331,0.40520397,False
tile_29178.npy,0.5121303,0.024152648,0.9992957,0.4061453,False
tile_8834.npy,0.5121275,0.024036396,0.9994081,0.40524927,False
tile_23005.npy,0.5121208,0.024097802,0.99932843,0.40761358,False
tile_6539.npy,0.5121132,0.024074228,0.99934584,0.40317872,False
tile_8146.npy,0.51210916,0.02404463,0.9993623,0.40572447,False
tile_20273.npy,0.5121053,0.0240256,0.99937016,0.407414,False
tile_23170.npy,0.51210153,0.024053052,0.99934417,0.4029428,False
tile_29860.npy,0.5121014,0.023951372,0.9994394,0.40602022,False
tile_20044.npy,0.51209897,0.023992438,0.99939007,0.4076966,False
tile_18067.npy,0.51209277,0.023950588,0.99942285,0.4060305,False
tile_11508.npy,0.51208967,0.023988828,0.9993847,0.4029044,False
tile_10872.npy,0.5120797,0.024002723,0.9993437,0.40651345,False
tile_8148.npy,0.5120782,0.024030127,0.99931765,0.40432864,False
tile_8728.npy,0.5120761,0.024003226,0.9993286,0.41014475,False
tile_20317.npy,0.5120749,0.023986468,0.99936044,0.40143046,False
tile_8843.npy,0.51207,0.023887236,0.99943715,0.40780017,False
tile_20382.npy,0.51206243,0.023921803,0.9993999,0.40156835,False
tile_17038.npy,0.5120586,0.023919668,0.9993758,0.41087034,False
tile_11463.npy,0.5120521,0.023981374,0.9993358,0.39348277,False
tile_6999.npy,0.5120516,0.023963489,0.99933004,0.4048481,False
tile_26655.npy,0.5120512,0.023954185,0.99933887,0.4047123,False
tile_27625.npy,0.5120272,0.023879942,0.99936163,0.40644225,False
tile_9952.npy,0.51202416,0.023852307,0.9993912,0.40240186,False
tile_24419.npy,0.51201755,0.023889083,0.9993386,0.40369868,False
tile_7077.npy,0.51201683,0.023856942,0.9993836,0.39657113,False
tile_3229.npy,0.5120114,0.023870379,0.99933666,0.4078566,False
tile_11990.npy,0.51200485,0.02393403,0.99925894,0.40833673,False
tile_5339.npy,0.5120009,0.023842264,0.9993412,0.4091964,False
tile_22417.npy,0.5119917,0.023780826,0.9993915,0.40549037,False
tile_23990.npy,0.5119849,0.023788683,0.99936163,0.40970618,False
tile_15347.npy,0.51197994,0.023826633,0.9993207,0.4062537,False
tile_3718.npy,0.5119763,0.023770481,0.99937403,0.4040714,False
tile_14638.npy,0.5119745,0.023773028,0.99936146,0.4072779,False
tile_19982.npy,0.511969,0.023825977,0.999303,0.4044749,False
tile_23017.npy,0.5119628,0.023886833,0.999221,0.4088575,False
tile_27790.npy,0.51196206,0.023803899,0.9993006,0.40979737,False
tile_27732.npy,0.51196,0.023790272,0.99931645,0.406686,False
tile_19875.npy,0.511957,0.023775939,0.9993205,0.40878946,False
tile_21312.npy,0.5119558,0.023752142,0.99934936,0.40504482,False
tile_24782.npy,0.5119538,0.023756431,0.9993409,0.40513113,False
tile_4079.npy,0.51195264,0.023655903,0.99942935,0.41003552,False
tile_20666.npy,0.5119494,0.023778118,0.9993101,0.40528354,False
tile_8449.npy,0.5119472,0.023708586,0.9993731,0.40638265,False
tile_18826.npy,0.51194346,0.023638785,0.99942964,0.40922952,False
tile_23407.npy,0.51194286,0.023762617,0.99932015,0.40147376,False
tile_23867.npy,0.511935,0.023662165,0.99939513,0.4063261,False
tile_29365.npy,0.51193064,0.023828091,0.99921745,0.4078502,False
tile_2882.npy,0.5119214,0.023706779,0.9993162,0.40987885,False
tile_5871.npy,0.511919,0.02363306,0.9993895,0.40774792,False
tile_30356.npy,0.5119117,0.023562722,0.9994544,0.40319365,False
tile_6045.npy,0.5119106,0.023841323,0.9991772,0.4013088,False
tile_19577.npy,0.5119015,0.023650505,0.9993407,0.40588892,False
tile_7962.npy,0.5118991,0.02366361,0.99932486,0.4048815,False
tile_14310.npy,0.5118991,0.023661679,0.9993179,0.40929303,False
tile_13420.npy,0.51189774,0.023625964,0.99936783,0.40083805,False
tile_14839.npy,0.5118941,0.023604559,0.9993774,0.40311176,False
tile_24771.npy,0.511892,0.023616849,0.99935305,0.40712637,False
tile_25258.npy,0.5118873,0.023667548,0.999284,0.41148138,False
tile_23614.npy,0.5118848,0.023577519,0.9993735,0.40928766,False
tile_22672.npy,0.5118847,0.023571208,0.99939656,0.40078864,False
tile_7606.npy,0.5118781,0.02358991,0.9993636,0.40131482,False
tile_30882.npy,0.5118716,0.0236146,0.99932456,0.40198952,False
tile_20036.npy,0.51186734,0.023498114,0.9994186,0.40900114,False
tile_3725.npy,0.5118579,0.023584183,0.99932873,0.4014719,False
tile_22232.npy,0.5118562,0.023522707,0.9993777,0.40598074,False
tile_24128.npy,0.511843,0.023555256,0.99931574,0.4075045,False
tile_8276.npy,0.5118334,0.023495946,0.99936205,0.40441737,False
tile_10362.npy,0.5118113,0.023477755,0.9993275,0.40868863,False
tile_6565.npy,0.51180094,0.023495583,0.9993019,0.40220946,False
tile_19810.npy,0.5117904,0.023505285,0.9992689,0.40328866,False
tile_3741.npy,0.5117862,0.023399312,0.9993744,0.39935896,False
tile_23234.npy,0.51178575,0.023368925,0.9993896,0.4065154,False
tile_24573.npy,0.5117778,0.023385366,0.99935764,0.40635288,False
tile_23183.npy,0.51177204,0.023305278,0.9994255,0.4066709,False
tile_9680.npy,0.51176995,0.023392513,0.99934316,0.40208805,False
tile_17735.npy,0.51176876,0.023364186,0.9993524,0.41046804,False
tile_4759.npy,0.511765,0.023331836,0.99938065,0.4087472,False
tile_4467.npy,0.51176196,0.023426544,0.99927974,0.40880457,False
tile_23941.npy,0.51173943,0.023362808,0.99930876,0.403645,False
tile_20842.npy,0.5117296,0.023262987,0.99937904,0.4085683,False
tile_9857.npy,0.5117241,0.023272522,0.999376,0.3998,False
tile_25901.npy,0.5117127,0.023323525,0.9992836,0.4091552,False
tile_21032.npy,0.51170444,0.02336362,0.9992394,0.40293464,False
tile_11806.npy,0.51169705,0.023256602,0.99932474,0.40638867,False
tile_30388.npy,0.5116926,0.02331069,0.9992557,0.4093766,False
tile_13771.npy,0.5116898,0.023243003,0.9993238,0.4063731,False
tile_22015.npy,0.5116889,0.02323716,0.99932986,0.40539005,False
tile_10534.npy,0.51168233,0.023255529,0.9992915,0.4088412,False
tile_24097.npy,0.51165926,0.0231691,0.9993307,0.40938196,False
tile_19345.npy,0.51165813,0.023192873,0.9993209,0.4012665,False
tile_12956.npy,0.51164955,0.023066234,0.9992432,0.4948208,False
tile_25816.npy,0.51164496,0.02312053,0.9993496,0.40990752,False
tile_19111.npy,0.51162374,0.02313862,0.99929726,0.40581426,False
tile_27414.npy,0.51162124,0.023045441,0.9993952,0.40090084,False
tile_22073.npy,0.51161253,0.023119718,0.99929035,0.40753824,False
tile_30034.npy,0.51160896,0.023096843,0.9993129,0.40411142,False
tile_26729.npy,0.5116072,0.023061598,0.99934393,0.4044611,False
tile_16680.npy,0.51160425,0.023067337,0.9993255,0.40783748,False
tile_7096.npy,0.5115984,0.023061112,0.9993357,0.4000156,False
tile_21209.npy,0.5115967,0.02301623,0.99935794,0.40957513,False
tile_11507.npy,0.5115915,0.022983251,0.9993888,0.40548065,False
tile_18083.npy,0.511589,0.023046467,0.9993188,0.40639237,False
tile_22307.npy,0.5115853,0.023011006,0.99935514,0.40222496,False
tile_10219.npy,0.51156574,0.022992425,0.99935424,0.392411,False
tile_16979.npy,0.5115656,0.022935111,0.99939394,0.40107587,False
tile_10646.npy,0.5115631,0.022985293,0.99932283,0.4090457,False
tile_25111.npy,0.5115528,0.023008514,0.9992779,0.40961298,False
tile_27972.npy,0.5115361,0.022889894,0.9993661,0.40809768,False
tile_9951.npy,0.51152974,0.02303278,0.99920934,0.40872335,False
tile_28839.npy,0.511522,0.023023264,0.9992044,0.40819702,False
tile_28151.npy,0.51152134,0.022885265,0.99934673,0.40528697,False
tile_18074.npy,0.5115211,0.02295661,0.9992745,0.40554968,False
tile_27893.npy,0.5114944,0.022801518,0.9993795,0.4038629,False
tile_29011.npy,0.51148856,0.02289098,0.9992703,0.40792918,False
tile_27748.npy,0.5114869,0.022938449,0.9992412,0.39708406,False
tile_22845.npy,0.511482,0.022863382,0.99928313,0.40876007,False
tile_30218.npy,0.5114732,0.022772867,0.9993625,0.40546256,False
tile_22488.npy,0.5114579,0.022712559,0.99938893,0.40716362,False
tile_23387.npy,0.51144546,0.022696031,0.9993789,0.40797707,False
tile_6135.npy,0.5114047,0.022695802,0.9992995,0.40701926,False
tile_24469.npy,0.51139957,0.022649504,0.99934953,0.40003708,False
tile_6563.npy,0.5113976,0.022751115,0.9992321,0.40595388,False
tile_29115.npy,0.51139605,0.022735316,0.99924153,0.4076596,False
tile_20734.npy,0.51139444,0.022681627,0.99930584,0.40072644,False
tile_23529.npy,0.5113876,0.022799747,0.99916774,0.40379557,False
tile_13430.npy,0.5113826,0.022640672,0.9993163,0.40410012,False
tile_19696.npy,0.5113729,0.022666693,0.9992702,0.40450332,False
tile_4585.npy,0.5113676,0.022582907,0.9993495,0.40144098,False
tile_28840.npy,0.511357,0.022613276,0.99928147,0.40967777,False
tile_20321.npy,0.51135427,0.022530153,0.9993696,0.4043553,False
tile_6027.npy,0.5113332,0.02254387,0.99930507,0.40876746,False
tile_16852.npy,0.5113315,0.02260395,0.9992593,0.3999136,False
tile_23018.npy,0.5113286,0.022510067,0.99932903,0.40898186,False
tile_18777.npy,0.51131517,0.022504097,0.99931073,0.407729,False
tile_31767.npy,0.5113151,0.022527244,0.9993103,0.3963249,False
tile_24295.npy,0.51131403,0.022510335,0.99930364,0.40704915,False
tile_3744.npy,0.5113029,0.022496678,0.99929404,0.40750968,False
tile_4070.npy,0.5112879,0.022331476,0.99943256,0.40589902,False
tile_23193.npy,0.51127875,0.02241388,0.99934757,0.39802536,False
tile_3888.npy,0.5112729,0.022450756,0.9992779,0.40857807,False
tile_26048.npy,0.5112682,0.022418857,0.99930745,0.4050389,False
tile_29517.npy,0.51126194,0.022443378,0.9992805,0.40003192,False
tile_15876.npy,0.5112505,0.022430727,0.99925137,0.40941802,False
tile_5622.npy,0.5112378,0.022342212,0.99931836,0.40748817,False
tile_25856.npy,0.5112284,0.022273075,0.9993681,0.40783346,False
tile_29804.npy,0.51122224,0.022363221,0.99926805,0.40660486,False
tile_22143.npy,0.511218,0.022197302,0.99943155,0.403557,False
tile_10411.npy,0.5111724,0.02216598,0.99936175,0.40854844,False
tile_11678.npy,0.5111724,0.02234536,0.999182,0.4087552,False
tile_25785.npy,0.51115894,0.022227889,0.9992866,0.40169695,False
tile_19293.npy,0.51114553,0.022177476,0.9992965,0.40851313,False
tile_12859.npy,0.51114476,0.0222175,0.9992492,0.41141003,False
tile_25194.npy,0.5111422,0.02215801,0.9993139,0.40628833,False
tile_16453.npy,0.5111007,0.02218216,0.9992241,0.39757234,False
tile_26730.npy,0.5110981,0.022031397,0.9993546,0.4050595,False
tile_5962.npy,0.511096,0.022203337,0.99917996,0.40433946,False
tile_18582.npy,0.5110913,0.022019476,0.9993464,0.40836206,False
tile_29985.npy,0.5110891,0.022221215,0.999141,0.40802053,False
tile_17064.npy,0.51108533,0.0221458,0.99922025,0.40235955,False
tile_25271.npy,0.51108426,0.021987634,0.9993633,0.40877008,False
tile_8979.npy,0.5110836,0.022053283,0.99930537,0.40428528,False
tile_31249.npy,0.5110786,0.022120755,0.99921435,0.4110302,False
tile_6034.npy,0.51104563,0.021943359,0.99934053,0.40371916,False
tile_18938.npy,0.5110383,0.021919664,0.9993425,0.40722263,False
tile_26303.npy,0.5110354,0.022070099,0.9991765,0.41210407,False
tile_27215.npy,0.5110251,0.021946147,0.99929446,0.4047842,False
tile_28766.npy,0.5110135,0.02189728,0.99930954,0.41005778,False
tile_32113.npy,0.511,0.022095328,0.9990871,0.40877986,False
tile_7184.npy,0.5109941,0.02185205,0.9993251,0.40551925,False
tile_2683.npy,0.51097035,0.021853425,0.9992649,0.41118658,False
tile_11335.npy,0.5109672,0.021761615,0.99937105,0.4008424,False
tile_31396.npy,0.51095325,0.021823851,0.9992598,0.41141188,False
tile_25821.npy,0.5109518,0.021845473,0.99925023,0.40392146,False
tile_30048.npy,0.5109294,0.021720294,0.9993232,0.4076553,False
tile_24646.npy,0.5109286,0.021744858,0.9992985,0.40685093,False
tile_30561.npy,0.51092046,0.021721791,0.99930376,0.40772292,False
tile_29516.npy,0.51091176,0.021745691,0.99925905,0.40938988,False
tile_3761.npy,0.51090574,0.021757586,0.99923843,0.40778446,False
tile_20691.npy,0.5109022,0.021707168,0.9992757,0.41081515,False
tile_20672.npy,0.51090175,0.021709908,0.99928373,0.40493998,False
tile_3897.npy,0.5108922,0.021687228,0.9992756,0.41078267,False
tile_29289.npy,0.51088893,0.021669058,0.99929583,0.40651032,False
tile_7065.npy,0.51087254,0.02167837,0.99925584,0.40540975,False
tile_32101.npy,0.5108618,0.021689009,0.99922645,0.40405715,False
tile_8042.npy,0.51085967,0.021629326,0.99927986,0.40508977,False
tile_21766.npy,0.5108588,0.02156261,0.9993403,0.40735734,False
tile_4640.npy,0.51085687,0.021604383,0.9992928,0.40830597,False
tile_13261.npy,0.5108447,0.021505628,0.999365,0.40944415,False
tile_10576.npy,0.51079845,0.021504618,0.9992742,0.4090875,False
tile_25089.npy,0.5107873,0.021486133,0.999277,0.40572748,False
tile_28620.npy,0.5107731,0.021498518,0.9992337,0.4069712,False
tile_22478.npy,0.5107594,0.021440266,0.9992679,0.40539265,False
tile_4463.npy,0.51075727,0.021456316,0.9992498,0.40415367,False
tile_18950.npy,0.5107364,0.021309895,0.9993498,0.40657204,False
tile_3756.npy,0.5107203,0.02147343,0.9991606,0.40325794,False
tile_22813.npy,0.51070946,0.021372931,0.9992242,0.41092902,False
tile_8727.npy,0.5106956,0.02126548,0.9993074,0.40914187,False
tile_10711.npy,0.51068836,0.021254977,0.99930733,0.40724507,False
tile_8998.npy,0.5106676,0.021357706,0.999167,0.4052325,False
tile_5510.npy,0.51064545,0.021128412,0.99935156,0.40546268,False
tile_22115.npy,0.5106334,0.021268703,0.99918437,0.4068875,False
tile_6834.npy,0.51063275,0.021055378,0.9993925,0.40885103,False
tile_18804.npy,0.5106189,0.021224998,0.9991929,0.40993163,False
tile_2523.npy,0.5106143,0.021199225,0.9992067,0.41132304,False
tile_13067.npy,0.5106029,0.021115344,0.9992665,0.41200563,False
tile_23045.npy,0.51059556,0.021186257,0.9991927,0.4061128,False
tile_5609.npy,0.51059335,0.021202005,0.9991628,0.41095698,False
tile_11865.npy,0.51056385,0.021095302,0.9992163,0.40807477,False
tile_5621.npy,0.51055974,0.021068748,0.9992352,0.40775406,False
tile_8826.npy,0.5105482,0.020983469,0.99929756,0.40762204,False
tile_9189.npy,0.5105191,0.020967811,0.9992625,0.4039308,False
tile_31605.npy,0.5105048,0.020989534,0.9992011,0.40945622,False
tile_24042.npy,0.5104945,0.020926993,0.9992463,0.40783805,False
tile_31076.npy,0.51049286,0.020964108,0.99920046,0.41056088,False
tile_2690.npy,0.51048297,0.020826831,0.99931765,0.4107361,False
tile_13259.npy,0.5104789,0.020891098,0.99926114,0.4027951,False
tile_19991.npy,0.51046187,0.02087662,0.9992306,0.40823042,False
tile_25196.npy,0.5104157,0.020778105,0.9992447,0.40430248,False
tile_10983.npy,0.510412,0.02073841,0.99926794,0.40881473,False
tile_2851.npy,0.5104074,0.020798765,0.9991931,0.41146436,False
tile_20332.npy,0.51037955,0.02063888,0.9993031,0.40857837,False
tile_9720.npy,0.51036906,0.0206234,0.99929696,0.4088933,False
tile_30864.npy,0.5103675,0.020700362,0.9992178,0.40839168,False
tile_29864.npy,0.51036304,0.0205881,0.99933237,0.40279698,False
tile_25341.npy,0.51035833,0.020636167,0.9992678,0.4063424,False
tile_23953.npy,0.5103549,0.020760339,0.9991272,0.41108656,False
tile_12901.npy,0.51035327,0.020593613,0.9992972,0.40788504,False
tile_12549.npy,0.5103522,0.020617958,0.9992724,0.40702045,False
tile_3947.npy,0.5103446,0.020557374,0.9993102,0.41086927,False
tile_4105.npy,0.51029056,0.020498967,0.99928117,0.40050083,False
tile_21382.npy,0.51023287,0.020490043,0.9991707,0.40252808,False
tile_25371.npy,0.51022327,0.02047268,0.999163,0.40545827,False
tile_2859.npy,0.5102124,0.020449117,0.9991683,0.40371075,False
tile_28135.npy,0.5102012,0.020338697,0.9992487,0.4075172,False
tile_27629.npy,0.510199,0.020402182,0.9991798,0.40807322,False
tile_9000.npy,0.5101745,0.020320982,0.9992223,0.4028543,False
tile_10115.npy,0.51017267,0.020389527,0.9991368,0.40948212,False
tile_27111.npy,0.5101669,0.020413756,0.99910796,0.4059997,False
tile_9533.npy,0.51016515,0.020280417,0.9992305,0.40970674,False
tile_6823.npy,0.51016235,0.020284943,0.999226,0.40689495,False
tile_29102.npy,0.510153,0.02028935,0.9991942,0.41120616,False
tile_13786.npy,0.51015246,0.020236945,0.99925417,0.40693617,False
tile_27877.npy,0.51010257,0.0202555,0.9991326,0.40853667,False
tile_10572.npy,0.5100978,0.020120647,0.9992723,0.4013101,False
tile_11059.npy,0.510092,0.02014824,0.99921817,0.40882343,False
tile_10461.npy,0.5100886,0.02012791,0.9992264,0.41147968,False
tile_6716.npy,0.5100761,0.020125225,0.99921757,0.40472758,False
tile_4984.npy,0.510037,0.020092933,0.9991624,0.40937155,False
tile_10228.npy,0.5100295,0.020082131,0.9991659,0.40549985,False
tile_27702.npy,0.5100012,0.019965399,0.999215,0.41097578,False
tile_24851.npy,0.50999,0.019917697,0.9992408,0.41074055,False
tile_12782.npy,0.50994533,0.019874986,0.9992003,0.40770012,False
tile_28752.npy,0.5099436,0.019855328,0.9992113,0.41023624,False
tile_31762.npy,0.5099346,0.019898599,0.99914813,0.41122437,False
tile_9350.npy,0.5099031,0.019782607,0.9992113,0.40610185,False
tile_24138.npy,0.5098885,0.019823976,0.99913436,0.40936247,False
tile_17273.npy,0.50987965,0.019650757,0.99929583,0.40632087,False
tile_4744.npy,0.5098208,0.019624487,0.9991933,0.4119004,False
tile_7426.npy,0.50978833,0.019500878,0.9992745,0.40066913,False
tile_10747.npy,0.50972646,0.019414619,0.99922365,0.40735447,False
tile_23297.npy,0.50972635,0.019558782,0.9990731,0.41045472,False
tile_21688.npy,0.5096989,0.019375294,0.99921256,0.40501642,False
tile_31752.npy,0.5096936,0.019355044,0.99921215,0.41003442,False
tile_20168.npy,0.5096925,0.019346908,0.9992167,0.41067258,False
tile_24221.npy,0.5096713,0.0193525,0.99917674,0.40661713,False
tile_23200.npy,0.5096652,0.0192919,0.99923146,0.40349534,False
tile_25444.npy,0.50966305,0.019239403,0.9992706,0.40804324,False
tile_28475.npy,0.5096156,0.0191846,0.99922866,0.40893358,False
tile_26309.npy,0.50958985,0.019136889,0.9992318,0.40548253,False
tile_6535.npy,0.50958705,0.019147802,0.99921227,0.40702593,False
tile_18457.npy,0.5095849,0.01911045,0.9992362,0.41156486,False
tile_31769.npy,0.509567,0.01907636,0.9992398,0.40893498,False
tile_21560.npy,0.5095624,0.019197544,0.9991093,0.40897688,False
tile_28498.npy,0.50952834,0.018998735,0.99924177,0.4081153,False
tile_8205.npy,0.50952446,0.019049782,0.9991849,0.4071191,False
tile_3411.npy,0.5095137,0.018977378,0.9992281,0.41092992,False
tile_16902.npy,0.50950634,0.019073077,0.9991379,0.40085262,False
tile_4236.npy,0.5094744,0.018990483,0.9991388,0.40979645,False
tile_14113.npy,0.50946105,0.018824682,0.9992749,0.4112612,False
tile_24215.npy,0.50942653,0.018886479,0.999146,0.4103362,False
tile_3594.npy,0.5094241,0.01899347,0.9990392,0.4077774,False
tile_11159.npy,0.50940526,0.018833607,0.99915457,0.41117325,False
tile_5875.npy,0.5093826,0.01879023,0.9991602,0.40741414,False
tile_6202.npy,0.5093785,0.018816292,0.99912566,0.4075167,False
tile_14115.npy,0.5093528,0.018660873,0.9992271,0.40885147,False
tile_28665.npy,0.50934464,0.01876545,0.9991006,0.41157395,False
tile_30340.npy,0.50933737,0.018634979,0.9992226,0.40860668,False
tile_14776.npy,0.50930804,0.018576607,0.99922013,0.4096341,False
tile_17967.npy,0.50927985,0.018535212,0.9992066,0.40893823,False
tile_7531.npy,0.5092798,0.018667921,0.9990798,0.40592244,False
tile_2679.npy,0.5092675,0.01855941,0.99915135,0.41213438,False
tile_29631.npy,0.5092556,0.018562896,0.99912596,0.41115868,False
tile_8383.npy,0.5092457,0.01843481,0.99923456,0.41103622,False
tile_11983.npy,0.5092209,0.018492881,0.99913,0.40943423,False
tile_30745.npy,0.5092029,0.018458135,0.9991272,0.41021106,False
tile_5350.npy,0.50918984,0.01843227,0.99912506,0.4111814,False
tile_8901.npy,0.5091423,0.01834407,0.9991218,0.40938938,False
tile_6125.npy,0.509101,0.018389795,0.99898756,0.4122837,False
tile_21421.npy,0.5090422,0.018276934,0.9990028,0.40234897,False
tile_30189.npy,0.50897396,0.017955717,0.99917066,0.41081622,False
tile_31601.npy,0.50892603,0.017943842,0.9990932,0.40750235,False
tile_20895.npy,0.50890124,0.017943036,0.9990354,0.4119643,False
tile_11676.npy,0.50889003,0.017922265,0.999036,0.41093972,False
tile_24770.npy,0.50888085,0.01777161,0.9991751,0.40749553,False
tile_26482.npy,0.50887805,0.017689873,0.99925005,0.4080963,False
tile_17934.npy,0.5088375,0.017834054,0.9990171,0.4119357,False
tile_8551.npy,0.50883543,0.01772679,0.9991251,0.4095008,False
tile_27805.npy,0.50881404,0.017709948,0.9990988,0.40968817,False
tile_6549.npy,0.5088007,0.017550893,0.9992418,0.40430543,False
tile_3710.npy,0.50874007,0.017656812,0.99901414,0.40458596,False
tile_27876.npy,0.508716,0.017595595,0.9990186,0.4089013,False
tile_6051.npy,0.5087123,0.017606076,0.99901855,0.40000305,False
tile_30224.npy,0.508701,0.017490499,0.9990915,0.41003478,False
tile_9512.npy,0.50852484,0.01704958,0.9991837,0.40815213,False
tile_5965.npy,0.5084947,0.01701697,0.9991539,0.40921763,False
tile_2509.npy,0.5084259,0.017222567,0.99880666,0.41127667,False
tile_7275.npy,0.5083451,0.016853455,0.99903756,0.39958715,False
tile_11156.npy,0.50823843,0.016563963,0.9990938,0.40956438,False
tile_20865.npy,0.50822973,0.016572524,0.9990747,0.40616128,False
tile_13593.npy,0.5082058,0.01653235,0.99906105,0.4090656,False
tile_13431.npy,0.5081953,0.016448835,0.99913335,0.40416253,False
tile_13069.npy,0.508164,0.016528778,0.99897885,0.41020265,False
tile_14777.npy,0.5081287,0.016291184,0.9991414,0.41240597,False
tile_13415.npy,0.50812703,0.016380101,0.99905133,0.41135,False
tile_7340.npy,0.50809765,0.016453272,0.9989191,0.41142356,False
tile_30335.npy,0.5080663,0.016255006,0.99905473,0.4114775,False
tile_6644.npy,0.5080242,0.016179714,0.99906456,0.40210903,False
tile_21417.npy,0.50799954,0.016316552,0.99885845,0.41205195,False
tile_8673.npy,0.50783193,0.016050048,0.9987899,0.4119254,False
tile_3052.npy,0.50774735,0.015598981,0.99907887,0.40844026,False
tile_16367.npy,0.50774103,0.015633786,0.9990238,0.41221395,False
tile_23684.npy,0.5077336,0.015701158,0.99895144,0.4072663,False
tile_5434.npy,0.50762063,0.015368183,0.9990483,0.41243094,False
tile_28673.npy,0.5076193,0.0153065575,0.99910975,0.41113105,False
tile_4054.npy,0.5076102,0.01544612,0.99895525,0.40951392,False
tile_32115.npy,0.50759226,0.015535245,0.99883103,0.40911707,False
tile_7277.npy,0.5075546,0.0153899025,0.99891347,0.40290284,False
tile_28492.npy,0.50753266,0.01543195,0.9988134,0.40996987,False
tile_12861.npy,0.507505,0.015309576,0.9988804,0.41000405,False
tile_30332.npy,0.5074958,0.0152186975,0.998949,0.41197422,False
tile_6128.npy,0.5074111,0.015085895,0.9989119,0.41220286,False
tile_2682.npy,0.5071309,0.014495912,0.99894106,0.41237715,False
tile_4231.npy,0.5071307,0.014629245,0.9988248,0.4036821,False
tile_9419.npy,0.5071098,0.014532488,0.9988745,0.40633243,False
tile_25035.npy,0.50694096,0.014186037,0.99887264,0.41163096,False
tile_16344.npy,0.50690496,0.01413154,0.99885386,0.41226518,False
tile_2347.npy,0.5067997,0.013894559,0.9988862,0.40932375,False
tile_26076.npy,0.5067511,0.01380656,0.99887085,0.41240123,False
tile_7626.npy,0.5067394,0.013996802,0.99866337,0.4092943,False
tile_23298.npy,0.50665414,0.013648111,0.99883825,0.41096476,False
tile_30732.npy,0.50657994,0.013518658,0.99881727,0.411984,False
tile_2713.npy,0.50641644,0.013295729,0.998716,0.41055095,False
tile_30152.npy,0.506344,0.013166242,0.9986976,0.41212505,False
tile_29808.npy,0.5062283,0.012932471,0.99871284,0.4056868,False
tile_28847.npy,0.5060918,0.012832303,0.99852663,0.412267,False
tile_5087.npy,0.50605035,0.012684181,0.9985918,0.41233912,False
tile_14952.npy,0.50601995,0.01237217,0.9988427,0.4125405,False
tile_12513.npy,0.5059292,0.01262014,0.9984131,0.41256216,False
tile_17737.npy,0.50581294,0.012226855,0.99857396,0.41253895,False
tile_7683.npy,0.50578207,0.012058244,0.99868053,0.41272736,False
tile_15299.npy,0.5056293,0.012254432,0.998184,0.41007313,False
tile_31602.npy,0.5054569,0.011524633,0.9985656,0.4118354,False
tile_29883.npy,0.50540453,0.011378925,0.99861276,0.40870854,False
tile_30398.npy,0.50535667,0.011278972,0.9986087,0.41281706,False
tile_9722.npy,0.50528425,0.01123569,0.99851763,0.4075713,False
tile_31774.npy,0.5052618,0.011246329,0.998452,0.41258916,False
tile_31603.npy,0.5051827,0.011147437,0.99839586,0.4110381,False
tile_16867.npy,0.5051487,0.010975067,0.99849963,0.4113613,False
tile_5877.npy,0.50480163,0.010329178,0.99844843,0.41279674,False
tile_18781.npy,0.5046202,0.010096277,0.9983184,0.41285968,False
tile_13933.npy,0.50457525,0.010018597,0.9983152,0.40835062,False
tile_32280.npy,0.5044085,0.009931464,0.9980602,0.4126722,False
tile_31430.npy,0.5043763,0.0095251985,0.99840677,0.41028976,False
tile_18607.npy,0.504165,0.009453431,0.9980515,0.4124956,False
tile_32117.npy,0.504157,0.009161316,0.9983268,0.41292414,False
tile_17389.npy,0.5040244,0.0088832555,0.9983401,0.41271043,False
tile_10979.npy,0.5040163,0.008809665,0.99839705,0.41295367,False
tile_4397.npy,0.50400126,0.00957421,0.9976059,0.41124025,False
tile_3068.npy,0.50398594,0.009203813,0.99794626,0.4108918,False
tile_31214.npy,0.5038806,0.009104775,0.99783117,0.4126602,False
tile_22604.npy,0.5038715,0.009004977,0.9979125,0.41275093,False
tile_23125.npy,0.50372535,0.008585277,0.9980394,0.4129912,False
tile_26595.npy,0.50363344,0.00849983,0.9979409,0.41304046,False
tile_14107.npy,0.50337774,0.008288633,0.99764097,0.41291785,False
tile_32274.npy,0.5033678,0.007965129,0.9979448,0.4127922,False
tile_32109.npy,0.5032825,0.008110807,0.9976278,0.41316384,False
tile_28846.npy,0.5030361,0.007778629,0.9974677,0.4129212,False
tile_9590.npy,0.5030036,0.0077826004,0.99739885,0.41286322,False
tile_28502.npy,0.50292504,0.008181558,0.9968423,0.41311243,False
tile_29193.npy,0.50274855,0.008012768,0.99665904,0.41264117,False
tile_971.npy,0.020237204,0.0005996656,0.03904736,0.41368976,False
tile_9933.npy,0.020237204,0.0005996656,0.03904736,0.41368976,False
tile_9918.npy,0.020237204,0.0005996656,0.03904736,0.41368976,False
tile_97.npy,0.020237204,0.0005996656,0.03904736,0.41368976,False
tile_9923.npy,0.020237204,0.0005996656,0.03904736,0.41368976,False
tile_973.npy,0.020237204,0.0005996656,0.03904736,0.41368976,False
tile_9735.npy,0.020237204,0.0005996656,0.03904736,0.41368976,False
tile_9738.npy,0.020237204,0.0005996656,0.03904736,0.41368976,False
tile_974.npy,0.020237204,0.0005996656,0.03904736,0.41368976,False
tile_9746.npy,0.020237204,0.0005996656,0.03904736,0.41368976,False
tile_9758.npy,0.020237204,0.0005996656,0.03904736,0.41368976,False
tile_98.npy,0.020237204,0.0005996656,0.03904736,0.41368976,False
tile_9919.npy,0.020237204,0.0005996656,0.03904736,0.41368976,False
tile_9921.npy,0.020237204,0.0005996656,0.03904736,0.41368976,False
tile_20523.npy,0.020236831,0.0005996657,0.039046645,0.41367567,False
tile_9378.npy,0.020236831,0.0005996657,0.039046645,0.41367567,False
tile_9390.npy,0.020236831,0.0005996657,0.039046645,0.41367567,False
tile_9399.npy,0.020236831,0.0005996657,0.039046645,0.41367567,False
tile_94.npy,0.020236831,0.0005996657,0.039046645,0.41367567,False
tile_26087.npy,0.020236831,0.0005996657,0.039046645,0.41367567,False
tile_26089.npy,0.020236831,0.0005996657,0.039046645,0.41367567,False
tile_261.npy,0.020236831,0.0005996657,0.039046645,0.41367567,False
tile_26108.npy,0.020236831,0.0005996657,0.039046645,0.41367567,False
tile_26114.npy,0.020236831,0.0005996657,0.039046645,0.41367567,False
tile_25768.npy,0.020236831,0.0005996657,0.039046645,0.41367567,False
tile_2581.npy,0.020236831,0.0005996657,0.039046645,0.41367567,False
tile_15825.npy,0.020236831,0.0005996657,0.039046645,0.41367567,False
tile_10095.npy,0.020236831,0.0005996657,0.039046645,0.41367567,False
tile_9403.npy,0.020236831,0.0005996657,0.039046645,0.41367567,False
tile_941.npy,0.020236831,0.0005996657,0.039046645,0.41367567,False
tile_943.npy,0.020236831,0.0005996657,0.039046645,0.41367567,False
tile_1440.npy,0.020236831,0.0005996657,0.039046645,0.41367567,False
tile_14436.npy,0.020236831,0.0005996657,0.039046645,0.41367567,False
tile_14446.npy,0.020236831,0.0005996657,0.039046645,0.41367567,False
tile_14447.npy,0.020236831,0.0005996657,0.039046645,0.41367567,False
tile_1446.npy,0.020236831,0.0005996657,0.039046645,0.41367567,False
tile_1448.npy,0.020236831,0.0005996657,0.039046645,0.41367567,False
tile_16868.npy,0.020236831,0.0005996657,0.039046645,0.41367567,False
tile_2431.npy,0.020236831,0.0005996657,0.039046645,0.41367567,False
tile_24352.npy,0.020236831,0.0005996657,0.039046645,0.41367567,False
tile_24355.npy,0.020236831,0.0005996657,0.039046645,0.41367567,False
tile_24360.npy,0.020236831,0.0005996657,0.039046645,0.41367567,False
tile_1665.npy,0.020236831,0.0005996657,0.039046645,0.41367567,False
tile_1668.npy,0.020236831,0.0005996657,0.039046645,0.41367567,False
tile_14627.npy,0.020236831,0.0005996657,0.039046645,0.41367567,False
tile_14628.npy,0.020236831,0.0005996657,0.039046645,0.41367567,False
tile_28331.npy,0.020236831,0.0005996657,0.039046645,0.41367567,False
tile_24187.npy,0.020236831,0.0005996657,0.039046645,0.41367567,False
tile_24198.npy,0.020236831,0.0005996657,0.039046645,0.41367567,False
tile_2429.npy,0.020236831,0.0005996657,0.039046645,0.41367567,False
tile_24368.npy,0.020236831,0.0005996657,0.039046645,0.41367567,False
tile_24376.npy,0.020236831,0.0005996657,0.039046645,0.41367567,False
tile_24378.npy,0.020236831,0.0005996657,0.039046645,0.41367567,False
tile_28529.npy,0.020236831,0.0005996657,0.039046645,0.41367567,False
tile_28533.npy,0.020236831,0.0005996657,0.039046645,0.41367567,False
tile_28536.npy,0.020236831,0.0005996657,0.039046645,0.41367567,False
tile_28558.npy,0.020236831,0.0005996657,0.039046645,0.41367567,False
tile_28682.npy,0.020236831,0.0005996657,0.039046645,0.41367567,False
tile_28736.npy,0.020236831,0.0005996657,0.039046645,0.41367567,False
tile_28742.npy,0.020236831,0.0005996657,0.039046645,0.41367567,False
tile_14275.npy,0.020236831,0.0005996657,0.039046645,0.41367567,False
tile_1430.npy,0.020236831,0.0005996657,0.039046645,0.41367567,False
tile_28503.npy,0.020236831,0.0005996657,0.039046645,0.41367567,False
tile_28333.npy,0.020236831,0.0005996657,0.039046645,0.41367567,False
tile_2835.npy,0.020236831,0.0005996657,0.039046645,0.41367567,False
tile_28377.npy,0.020236831,0.0005996657,0.039046645,0.41367567,False
tile_28378.npy,0.020236831,0.0005996657,0.039046645,0.41367567,False
tile_28379.npy,0.020236831,0.0005996657,0.039046645,0.41367567,False
tile_28384.npy,0.020236831,0.0005996657,0.039046645,0.41367567,False
tile_2845.npy,0.020236831,0.0005996657,0.039046645,0.41367567,False
tile_28210.npy,0.020236831,0.0005996657,0.039046645,0.41367567,False
tile_28213.npy,0.020236831,0.0005996657,0.039046645,0.41367567,False
tile_28216.npy,0.020236831,0.0005996657,0.039046645,0.41367567,False
tile_28220.npy,0.020236831,0.0005996657,0.039046645,0.41367567,False
tile_1454.npy,0.020236831,0.0005996657,0.039046645,0.41367567,False
tile_1401.npy,0.020236831,0.0005996657,0.039046645,0.41367567,False
tile_14086.npy,0.020236831,0.0005996657,0.039046645,0.41367567,False
tile_14096.npy,0.020236831,0.0005996657,0.039046645,0.41367567,False
tile_24173.npy,0.020236831,0.0005996657,0.039046645,0.41367567,False
tile_13926.npy,0.020236831,0.0005996657,0.039046645,0.41367567,False
tile_17045.npy,0.020236831,0.0005996657,0.039046645,0.41367567,False
tile_17050.npy,0.020236831,0.0005996657,0.039046645,0.41367567,False
tile_17054.npy,0.020236831,0.0005996657,0.039046645,0.41367567,False
tile_141.npy,0.020236831,0.0005996657,0.039046645,0.41367567,False
tile_28865.npy,0.020236831,0.0005996657,0.039046645,0.41367567,False
tile_28881.npy,0.020236831,0.0005996657,0.039046645,0.41367567,False
tile_28883.npy,0.020236831,0.0005996657,0.039046645,0.41367567,False
tile_28889.npy,0.020236831,0.0005996657,0.039046645,0.41367567,False
tile_28898.npy,0.020236831,0.0005996657,0.039046645,0.41367567,False
tile_28916.npy,0.020236831,0.0005996657,0.039046645,0.41367567,False
tile_28920.npy,0.020236831,0.0005996657,0.039046645,0.41367567,False
tile_2902.npy,0.020236831,0.0005996657,0.039046645,0.41367567,False
tile_29030.npy,0.020236831,0.0005996657,0.039046645,0.41367567,False
tile_1431.npy,0.020236831,0.0005996657,0.039046645,0.41367567,False
tile_28745.npy,0.020236831,0.0005996657,0.039046645,0.41367567,False
tile_29207.npy,0.020236831,0.0005996657,0.039046645,0.41367567,False
tile_29214.npy,0.020236831,0.0005996657,0.039046645,0.41367567,False
tile_29225.npy,0.020236831,0.0005996657,0.039046645,0.41367567,False
tile_29230.npy,0.020236831,0.0005996657,0.039046645,0.41367567,False
tile_29234.npy,0.020236831,0.0005996657,0.039046645,0.41367567,False
tile_29238.npy,0.020236831,0.0005996657,0.039046645,0.41367567,False
tile_29255.npy,0.020236831,0.0005996657,0.039046645,0.41367567,False
tile_2390.npy,0.020236831,0.0005996657,0.039046645,0.41367567,False
tile_29031.npy,0.020236831,0.0005996657,0.039046645,0.41367567,False
tile_29042.npy,0.020236831,0.0005996657,0.039046645,0.41367567,False
tile_29064.npy,0.020236831,0.0005996657,0.039046645,0.41367567,False
tile_29072.npy,0.020236831,0.0005996657,0.039046645,0.41367567,False
tile_29085.npy,0.020236831,0.0005996657,0.039046645,0.41367567,False
tile_29088.npy,0.020236831,0.0005996657,0.039046645,0.41367567,False
tile_13916.npy,0.020236831,0.0005996657,0.039046645,0.41367567,False
tile_13918.npy,0.020236831,0.0005996657,0.039046645,0.41367567,False
tile_2810.npy,0.020236831,0.0005996657,0.039046645,0.41367567,False
tile_29397.npy,0.020236831,0.0005996657,0.039046645,0.41367567,False
tile_29420.npy,0.020236831,0.0005996657,0.039046645,0.41367567,False
tile_13739.npy,0.020236831,0.0005996657,0.039046645,0.41367567,False
tile_1375.npy,0.020236831,0.0005996657,0.039046645,0.41367567,False
tile_1376.npy,0.020236831,0.0005996657,0.039046645,0.41367567,False
tile_17225.npy,0.020236831,0.0005996657,0.039046645,0.41367567,False
tile_17230.npy,0.020236831,0.0005996657,0.039046645,0.41367567,False
tile_17233.npy,0.020236831,0.0005996657,0.039046645,0.41367567,False
tile_23825.npy,0.020236831,0.0005996657,0.039046645,0.41367567,False
tile_23855.npy,0.020236831,0.0005996657,0.039046645,0.41367567,False
tile_2405.npy,0.020236831,0.0005996657,0.039046645,0.41367567,False
tile_2413.npy,0.020236831,0.0005996657,0.039046645,0.41367567,False
tile_24168.npy,0.020236831,0.0005996657,0.039046645,0.41367567,False
tile_2919.npy,0.020236831,0.0005996657,0.039046645,0.41367567,False
tile_29197.npy,0.020236831,0.0005996657,0.039046645,0.41367567,False
tile_24022.npy,0.020236831,0.0005996657,0.039046645,0.41367567,False
tile_29369.npy,0.020236831,0.0005996657,0.039046645,0.41367567,False
tile_29385.npy,0.020236831,0.0005996657,0.039046645,0.41367567,False
tile_1458.npy,0.020236831,0.0005996657,0.039046645,0.41367567,False
tile_14626.npy,0.020236831,0.0005996657,0.039046645,0.41367567,False
tile_2450.npy,0.020236831,0.0005996657,0.039046645,0.41367567,False
tile_2451.npy,0.020236831,0.0005996657,0.039046645,0.41367567,False
tile_24515.npy,0.020236831,0.0005996657,0.039046645,0.41367567,False
tile_24523.npy,0.020236831,0.0005996657,0.039046645,0.41367567,False
tile_24536.npy,0.020236831,0.0005996657,0.039046645,0.41367567,False
tile_24542.npy,0.020236831,0.0005996657,0.039046645,0.41367567,False
tile_24553.npy,0.020236831,0.0005996657,0.039046645,0.41367567,False
tile_1661.npy,0.020236831,0.0005996657,0.039046645,0.41367567,False
tile_24728.npy,0.020236831,0.0005996657,0.039046645,0.41367567,False
tile_14778.npy,0.020236831,0.0005996657,0.039046645,0.41367567,False
tile_1478.npy,0.020236831,0.0005996657,0.039046645,0.41367567,False
tile_29754.npy,0.020236831,0.0005996657,0.039046645,0.41367567,False
tile_29767.npy,0.020236831,0.0005996657,0.039046645,0.41367567,False
tile_23857.npy,0.020236831,0.0005996657,0.039046645,0.41367567,False
tile_1385.npy,0.020236831,0.0005996657,0.039046645,0.41367567,False
tile_29425.npy,0.020236831,0.0005996657,0.039046645,0.41367567,False
tile_29435.npy,0.020236831,0.0005996657,0.039046645,0.41367567,False
tile_29442.npy,0.020236831,0.0005996657,0.039046645,0.41367567,False
tile_29448.npy,0.020236831,0.0005996657,0.039046645,0.41367567,False
tile_2951.npy,0.020236831,0.0005996657,0.039046645,0.41367567,False
tile_29544.npy,0.020236831,0.0005996657,0.039046645,0.41367567,False
tile_29549.npy,0.020236831,0.0005996657,0.039046645,0.41367567,False
tile_29553.npy,0.020236831,0.0005996657,0.039046645,0.41367567,False
tile_29566.npy,0.020236831,0.0005996657,0.039046645,0.41367567,False
tile_29606.npy,0.020236831,0.0005996657,0.039046645,0.41367567,False
tile_29621.npy,0.020236831,0.0005996657,0.039046645,0.41367567,False
tile_29624.npy,0.020236831,0.0005996657,0.039046645,0.41367567,False
tile_23682.npy,0.020236831,0.0005996657,0.039046645,0.41367567,False
tile_2372.npy,0.020236831,0.0005996657,0.039046645,0.41367567,False
tile_1710.npy,0.020236831,0.0005996657,0.039046645,0.41367567,False
tile_1718.npy,0.020236831,0.0005996657,0.039046645,0.41367567,False
tile_29727.npy,0.020236831,0.0005996657,0.039046645,0.41367567,False
tile_29728.npy,0.020236831,0.0005996657,0.039046645,0.41367567,False
tile_29729.npy,0.020236831,0.0005996657,0.039046645,0.41367567,False
tile_29732.npy,0.020236831,0.0005996657,0.039046645,0.41367567,False
tile_13569.npy,0.020236831,0.0005996657,0.039046645,0.41367567,False
tile_1357.npy,0.020236831,0.0005996657,0.039046645,0.41367567,False
tile_1365.npy,0.020236831,0.0005996657,0.039046645,0.41367567,False
tile_1369.npy,0.020236831,0.0005996657,0.039046645,0.41367567,False
tile_1371.npy,0.020236831,0.0005996657,0.039046645,0.41367567,False
tile_13738.npy,0.020236831,0.0005996657,0.039046645,0.41367567,False
tile_29751.npy,0.020236831,0.0005996657,0.039046645,0.41367567,False
tile_29752.npy,0.020236831,0.0005996657,0.039046645,0.41367567,False
tile_30059.npy,0.020236831,0.0005996657,0.039046645,0.41367567,False
tile_30063.npy,0.020236831,0.0005996657,0.039046645,0.41367567,False
tile_30066.npy,0.020236831,0.0005996657,0.039046645,0.41367567,False
tile_30072.npy,0.020236831,0.0005996657,0.039046645,0.41367567,False
tile_30073.npy,0.020236831,0.0005996657,0.039046645,0.41367567,False
tile_30076.npy,0.020236831,0.0005996657,0.039046645,0.41367567,False
tile_17401.npy,0.020236831,0.0005996657,0.039046645,0.41367567,False
tile_1745.npy,0.020236831,0.0005996657,0.039046645,0.41367567,False
tile_1728.npy,0.020236831,0.0005996657,0.039046645,0.41367567,False
tile_298.npy,0.020236831,0.0005996657,0.039046645,0.41367567,False
tile_29886.npy,0.020236831,0.0005996657,0.039046645,0.41367567,False
tile_29896.npy,0.020236831,0.0005996657,0.039046645,0.41367567,False
tile_29922.npy,0.020236831,0.0005996657,0.039046645,0.41367567,False
tile_23655.npy,0.020236831,0.0005996657,0.039046645,0.41367567,False
tile_2366.npy,0.020236831,0.0005996657,0.039046645,0.41367567,False
tile_23673.npy,0.020236831,0.0005996657,0.039046645,0.41367567,False
tile_29957.npy,0.020236831,0.0005996657,0.039046645,0.41367567,False
tile_29966.npy,0.020236831,0.0005996657,0.039046645,0.41367567,False
tile_2812.npy,0.020236831,0.0005996657,0.039046645,0.41367567,False
tile_2816.npy,0.020236831,0.0005996657,0.039046645,0.41367567,False
tile_28164.npy,0.020236831,0.0005996657,0.039046645,0.41367567,False
tile_2817.npy,0.020236831,0.0005996657,0.039046645,0.41367567,False
tile_28174.npy,0.020236831,0.0005996657,0.039046645,0.41367567,False
tile_2818.npy,0.020236831,0.0005996657,0.039046645,0.41367567,False
tile_28197.npy,0.020236831,0.0005996657,0.039046645,0.41367567,False
tile_282.npy,0.020236831,0.0005996657,0.039046645,0.41367567,False
tile_28208.npy,0.020236831,0.0005996657,0.039046645,0.41367567,False
tile_27992.npy,0.020236831,0.0005996657,0.039046645,0.41367567,False
tile_280.npy,0.020236831,0.0005996657,0.039046645,0.41367567,False
tile_28006.npy,0.020236831,0.0005996657,0.039046645,0.41367567,False
tile_28010.npy,0.020236831,0.0005996657,0.039046645,0.41367567,False
tile_28016.npy,0.020236831,0.0005996657,0.039046645,0.41367567,False
tile_1351.npy,0.020236831,0.0005996657,0.039046645,0.41367567,False
tile_13560.npy,0.020236831,0.0005996657,0.039046645,0.41367567,False
tile_13563.npy,0.020236831,0.0005996657,0.039046645,0.41367567,False
tile_13568.npy,0.020236831,0.0005996657,0.039046645,0.41367567,False
tile_2358.npy,0.020236831,0.0005996657,0.039046645,0.41367567,False
tile_2360.npy,0.020236831,0.0005996657,0.039046645,0.41367567,False
tile_30087.npy,0.020236831,0.0005996657,0.039046645,0.41367567,False
tile_30117.npy,0.020236831,0.0005996657,0.039046645,0.41367567,False
tile_30135.npy,0.020236831,0.0005996657,0.039046645,0.41367567,False
tile_3016.npy,0.020236831,0.0005996657,0.039046645,0.41367567,False
tile_30249.npy,0.020236831,0.0005996657,0.039046645,0.41367567,False
tile_30255.npy,0.020236831,0.0005996657,0.039046645,0.41367567,False
tile_30273.npy,0.020236831,0.0005996657,0.039046645,0.41367567,False
tile_30274.npy,0.020236831,0.0005996657,0.039046645,0.41367567,False
tile_1720.npy,0.020236831,0.0005996657,0.039046645,0.41367567,False
tile_29949.npy,0.020236831,0.0005996657,0.039046645,0.41367567,False
tile_30489.npy,0.020236831,0.0005996657,0.039046645,0.41367567,False
tile_30498.npy,0.020236831,0.0005996657,0.039046645,0.41367567,False
tile_30501.npy,0.020236831,0.0005996657,0.039046645,0.41367567,False
tile_1757.npy,0.020236831,0.0005996657,0.039046645,0.41367567,False
tile_1762.npy,0.020236831,0.0005996657,0.039046645,0.41367567,False
tile_23324.npy,0.020236831,0.0005996657,0.039046645,0.41367567,False
tile_23334.npy,0.020236831,0.0005996657,0.039046645,0.41367567,False
tile_1737.npy,0.020236831,0.0005996657,0.039046645,0.41367567,False
tile_30275.npy,0.020236831,0.0005996657,0.039046645,0.41367567,False
tile_30287.npy,0.020236831,0.0005996657,0.039046645,0.41367567,False
tile_30293.npy,0.020236831,0.0005996657,0.039046645,0.41367567,False
tile_30302.npy,0.020236831,0.0005996657,0.039046645,0.41367567,False
tile_30306.npy,0.020236831,0.0005996657,0.039046645,0.41367567,False
tile_30309.npy,0.020236831,0.0005996657,0.039046645,0.41367567,False
tile_30311.npy,0.020236831,0.0005996657,0.039046645,0.41367567,False
tile_1349.npy,0.020236831,0.0005996657,0.039046645,0.41367567,False
tile_27851.npy,0.020236831,0.0005996657,0.039046645,0.41367567,False
tile_30601.npy,0.020236831,0.0005996657,0.039046645,0.41367567,False
tile_30616.npy,0.020236831,0.0005996657,0.039046645,0.41367567,False
tile_30622.npy,0.020236831,0.0005996657,0.039046645,0.41367567,False
tile_30628.npy,0.020236831,0.0005996657,0.039046645,0.41367567,False
tile_30633.npy,0.020236831,0.0005996657,0.039046645,0.41367567,False
tile_30644.npy,0.020236831,0.0005996657,0.039046645,0.41367567,False
tile_30663.npy,0.020236831,0.0005996657,0.039046645,0.41367567,False
tile_30665.npy,0.020236831,0.0005996657,0.039046645,0.41367567,False
tile_3070.npy,0.020236831,0.0005996657,0.039046645,0.41367567,False
tile_3071.npy,0.020236831,0.0005996657,0.039046645,0.41367567,False
tile_30404.npy,0.020236831,0.0005996657,0.039046645,0.41367567,False
tile_30424.npy,0.020236831,0.0005996657,0.039046645,0.41367567,False
tile_30449.npy,0.020236831,0.0005996657,0.039046645,0.41367567,False
tile_30469.npy,0.020236831,0.0005996657,0.039046645,0.41367567,False
tile_30486.npy,0.020236831,0.0005996657,0.039046645,0.41367567,False
tile_17399.npy,0.020236831,0.0005996657,0.039046645,0.41367567,False
tile_30581.npy,0.020236831,0.0005996657,0.039046645,0.41367567,False
tile_30586.npy,0.020236831,0.0005996657,0.039046645,0.41367567,False
tile_30592.npy,0.020236831,0.0005996657,0.039046645,0.41367567,False
tile_28040.npy,0.020236831,0.0005996657,0.039046645,0.41367567,False
tile_28046.npy,0.020236831,0.0005996657,0.039046645,0.41367567,False
tile_1473.npy,0.020236831,0.0005996657,0.039046645,0.41367567,False
tile_16707.npy,0.020236831,0.0005996657,0.039046645,0.41367567,False
tile_24699.npy,0.020236831,0.0005996657,0.039046645,0.41367567,False
tile_24704.npy,0.020236831,0.0005996657,0.039046645,0.41367567,False
tile_2471.npy,0.020236831,0.0005996657,0.039046645,0.41367567,False
tile_2472.npy,0.020236831,0.0005996657,0.039046645,0.41367567,False
tile_27811.npy,0.020236831,0.0005996657,0.039046645,0.41367567,False
tile_27817.npy,0.020236831,0.0005996657,0.039046645,0.41367567,False
tile_27825.npy,0.020236831,0.0005996657,0.039046645,0.41367567,False
tile_27838.npy,0.020236831,0.0005996657,0.039046645,0.41367567,False
tile_3097.npy,0.020236831,0.0005996657,0.039046645,0.41367567,False
tile_30971.npy,0.020236831,0.0005996657,0.039046645,0.41367567,False
tile_3074.npy,0.020236831,0.0005996657,0.039046645,0.41367567,False
tile_30750.npy,0.020236831,0.0005996657,0.039046645,0.41367567,False
tile_30756.npy,0.020236831,0.0005996657,0.039046645,0.41367567,False
tile_30758.npy,0.020236831,0.0005996657,0.039046645,0.41367567,False
tile_30770.npy,0.020236831,0.0005996657,0.039046645,0.41367567,False
tile_30772.npy,0.020236831,0.0005996657,0.039046645,0.41367567,False
tile_30774.npy,0.020236831,0.0005996657,0.039046645,0.41367567,False
tile_30802.npy,0.020236831,0.0005996657,0.039046645,0.41367567,False
tile_30803.npy,0.020236831,0.0005996657,0.039046645,0.41367567,False
tile_3081.npy,0.020236831,0.0005996657,0.039046645,0.41367567,False
tile_30814.npy,0.020236831,0.0005996657,0.039046645,0.41367567,False
tile_30831.npy,0.020236831,0.0005996657,0.039046645,0.41367567,False
tile_30839.npy,0.020236831,0.0005996657,0.039046645,0.41367567,False
tile_30845.npy,0.020236831,0.0005996657,0.039046645,0.41367567,False
tile_31107.npy,0.020236831,0.0005996657,0.039046645,0.41367567,False
tile_31109.npy,0.020236831,0.0005996657,0.039046645,0.41367567,False
tile_31116.npy,0.020236831,0.0005996657,0.039046645,0.41367567,False
tile_31121.npy,0.020236831,0.0005996657,0.039046645,0.41367567,False
tile_31122.npy,0.020236831,0.0005996657,0.039046645,0.41367567,False
tile_31152.npy,0.020236831,0.0005996657,0.039046645,0.41367567,False
tile_30851.npy,0.020236831,0.0005996657,0.039046645,0.41367567,False
tile_30935.npy,0.020236831,0.0005996657,0.039046645,0.41367567,False
tile_30949.npy,0.020236831,0.0005996657,0.039046645,0.41367567,False
tile_3095.npy,0.020236831,0.0005996657,0.039046645,0.41367567,False
tile_30952.npy,0.020236831,0.0005996657,0.039046645,0.41367567,False
tile_13385.npy,0.020236831,0.0005996657,0.039046645,0.41367567,False
tile_13400.npy,0.020236831,0.0005996657,0.039046645,0.41367567,False
tile_13403.npy,0.020236831,0.0005996657,0.039046645,0.41367567,False
tile_1348.npy,0.020236831,0.0005996657,0.039046645,0.41367567,False
tile_30956.npy,0.020236831,0.0005996657,0.039046645,0.41367567,False
tile_31283.npy,0.020236831,0.0005996657,0.039046645,0.41367567,False
tile_31296.npy,0.020236831,0.0005996657,0.039046645,0.41367567,False
tile_31339.npy,0.020236831,0.0005996657,0.039046645,0.41367567,False
tile_31343.npy,0.020236831,0.0005996657,0.039046645,0.41367567,False
tile_31360.npy,0.020236831,0.0005996657,0.039046645,0.41367567,False
tile_31376.npy,0.020236831,0.0005996657,0.039046645,0.41367567,False
tile_31446.npy,0.020236831,0.0005996657,0.039046645,0.41367567,False
tile_30976.npy,0.020236831,0.0005996657,0.039046645,0.41367567,False
tile_3098.npy,0.020236831,0.0005996657,0.039046645,0.41367567,False
tile_30985.npy,0.020236831,0.0005996657,0.039046645,0.41367567,False
tile_30995.npy,0.020236831,0.0005996657,0.039046645,0.41367567,False
tile_31002.npy,0.020236831,0.0005996657,0.039046645,0.41367567,False
tile_31007.npy,0.020236831,0.0005996657,0.039046645,0.41367567,False
tile_3101.npy,0.020236831,0.0005996657,0.039046645,0.41367567,False
tile_31102.npy,0.020236831,0.0005996657,0.039046645,0.41367567,False
tile_31105.npy,0.020236831,0.0005996657,0.039046645,0.41367567,False
tile_31194.npy,0.020236831,0.0005996657,0.039046645,0.41367567,False
tile_31209.npy,0.020236831,0.0005996657,0.039046645,0.41367567,False
tile_27856.npy,0.020236831,0.0005996657,0.039046645,0.41367567,False
tile_27861.npy,0.020236831,0.0005996657,0.039046645,0.41367567,False
tile_27873.npy,0.020236831,0.0005996657,0.039046645,0.41367567,False
tile_2797.npy,0.020236831,0.0005996657,0.039046645,0.41367567,False
tile_2798.npy,0.020236831,0.0005996657,0.039046645,0.41367567,False
tile_27982.npy,0.020236831,0.0005996657,0.039046645,0.41367567,False
tile_27987.npy,0.020236831,0.0005996657,0.039046645,0.41367567,False
tile_24876.npy,0.020236831,0.0005996657,0.039046645,0.41367567,False
tile_24879.npy,0.020236831,0.0005996657,0.039046645,0.41367567,False
tile_24888.npy,0.020236831,0.0005996657,0.039046645,0.41367567,False
tile_24893.npy,0.020236831,0.0005996657,0.039046645,0.41367567,False
tile_24896.npy,0.020236831,0.0005996657,0.039046645,0.41367567,False
tile_31270.npy,0.020236831,0.0005996657,0.039046645,0.41367567,False
tile_31275.npy,0.020236831,0.0005996657,0.039046645,0.41367567,False
tile_31626.npy,0.020236831,0.0005996657,0.039046645,0.41367567,False
tile_31632.npy,0.020236831,0.0005996657,0.039046645,0.41367567,False
tile_31642.npy,0.020236831,0.0005996657,0.039046645,0.41367567,False
tile_31483.npy,0.020236831,0.0005996657,0.039046645,0.41367567,False
tile_31487.npy,0.020236831,0.0005996657,0.039046645,0.41367567,False
tile_31496.npy,0.020236831,0.0005996657,0.039046645,0.41367567,False
tile_31501.npy,0.020236831,0.0005996657,0.039046645,0.41367567,False
tile_31505.npy,0.020236831,0.0005996657,0.039046645,0.41367567,False
tile_1787.npy,0.020236831,0.0005996657,0.039046645,0.41367567,False
tile_2320.npy,0.020236831,0.0005996657,0.039046645,0.41367567,False
tile_23305.npy,0.020236831,0.0005996657,0.039046645,0.41367567,False
tile_2331.npy,0.020236831,0.0005996657,0.039046645,0.41367567,False
tile_23319.npy,0.020236831,0.0005996657,0.039046645,0.41367567,False
tile_23322.npy,0.020236831,0.0005996657,0.039046645,0.41367567,False
tile_17567.npy,0.020236831,0.0005996657,0.039046645,0.41367567,False
tile_31161.npy,0.020236831,0.0005996657,0.039046645,0.41367567,False
tile_31534.npy,0.020236831,0.0005996657,0.039046645,0.41367567,False
tile_24897.npy,0.020236831,0.0005996657,0.039046645,0.41367567,False
tile_1646.npy,0.020236831,0.0005996657,0.039046645,0.41367567,False
tile_1648.npy,0.020236831,0.0005996657,0.039046645,0.41367567,False
tile_14975.npy,0.020236831,0.0005996657,0.039046645,0.41367567,False
tile_1500.npy,0.020236831,0.0005996657,0.039046645,0.41367567,False
tile_27691.npy,0.020236831,0.0005996657,0.039046645,0.41367567,False
tile_2775.npy,0.020236831,0.0005996657,0.039046645,0.41367567,False
tile_2781.npy,0.020236831,0.0005996657,0.039046645,0.41367567,False
tile_16359.npy,0.020236831,0.0005996657,0.039046645,0.41367567,False
tile_1637.npy,0.020236831,0.0005996657,0.039046645,0.41367567,False
tile_27647.npy,0.020236831,0.0005996657,0.039046645,0.41367567,False
tile_31549.npy,0.020236831,0.0005996657,0.039046645,0.41367567,False
tile_31558.npy,0.020236831,0.0005996657,0.039046645,0.41367567,False
tile_31608.npy,0.020236831,0.0005996657,0.039046645,0.41367567,False
tile_31619.npy,0.020236831,0.0005996657,0.039046645,0.41367567,False
tile_31914.npy,0.020236831,0.0005996657,0.039046645,0.41367567,False
tile_31648.npy,0.020236831,0.0005996657,0.039046645,0.41367567,False
tile_31658.npy,0.020236831,0.0005996657,0.039046645,0.41367567,False
tile_31659.npy,0.020236831,0.0005996657,0.039046645,0.41367567,False
tile_31662.npy,0.020236831,0.0005996657,0.039046645,0.41367567,False
tile_3167.npy,0.020236831,0.0005996657,0.039046645,0.41367567,False
tile_31694.npy,0.020236831,0.0005996657,0.039046645,0.41367567,False
tile_31695.npy,0.020236831,0.0005996657,0.039046645,0.41367567,False
tile_31718.npy,0.020236831,0.0005996657,0.039046645,0.41367567,False
tile_3172.npy,0.020236831,0.0005996657,0.039046645,0.41367567,False
tile_31728.npy,0.020236831,0.0005996657,0.039046645,0.41367567,False
tile_3178.npy,0.020236831,0.0005996657,0.039046645,0.41367567,False
tile_31512.npy,0.020236831,0.0005996657,0.039046645,0.41367567,False
tile_31515.npy,0.020236831,0.0005996657,0.039046645,0.41367567,False
tile_31526.npy,0.020236831,0.0005996657,0.039046645,0.41367567,False
tile_31530.npy,0.020236831,0.0005996657,0.039046645,0.41367567,False
tile_32097.npy,0.020236831,0.0005996657,0.039046645,0.41367567,False
tile_31780.npy,0.020236831,0.0005996657,0.039046645,0.41367567,False
tile_31788.npy,0.020236831,0.0005996657,0.039046645,0.41367567,False
tile_31794.npy,0.020236831,0.0005996657,0.039046645,0.41367567,False
tile_31795.npy,0.020236831,0.0005996657,0.039046645,0.41367567,False
tile_31805.npy,0.020236831,0.0005996657,0.039046645,0.41367567,False
tile_31807.npy,0.020236831,0.0005996657,0.039046645,0.41367567,False
tile_31819.npy,0.020236831,0.0005996657,0.039046645,0.41367567,False
tile_31839.npy,0.020236831,0.0005996657,0.039046645,0.41367567,False
tile_31842.npy,0.020236831,0.0005996657,0.039046645,0.41367567,False
tile_3186.npy,0.020236831,0.0005996657,0.039046645,0.41367567,False
tile_3187.npy,0.020236831,0.0005996657,0.039046645,0.41367567,False
tile_31877.npy,0.020236831,0.0005996657,0.039046645,0.41367567,False
tile_31887.npy,0.020236831,0.0005996657,0.039046645,0.41367567,False
tile_31898.npy,0.020236831,0.0005996657,0.039046645,0.41367567,False
tile_31909.npy,0.020236831,0.0005996657,0.039046645,0.41367567,False
tile_32193.npy,0.020236831,0.0005996657,0.039046645,0.41367567,False
tile_32203.npy,0.020236831,0.0005996657,0.039046645,0.41367567,False
tile_32213.npy,0.020236831,0.0005996657,0.039046645,0.41367567,False
tile_32225.npy,0.020236831,0.0005996657,0.039046645,0.41367567,False
tile_32229.npy,0.020236831,0.0005996657,0.039046645,0.41367567,False
tile_32249.npy,0.020236831,0.0005996657,0.039046645,0.41367567,False
tile_31981.npy,0.020236831,0.0005996657,0.039046645,0.41367567,False
tile_31982.npy,0.020236831,0.0005996657,0.039046645,0.41367567,False
tile_31989.npy,0.020236831,0.0005996657,0.039046645,0.41367567,False
tile_31992.npy,0.020236831,0.0005996657,0.039046645,0.41367567,False
tile_32015.npy,0.020236831,0.0005996657,0.039046645,0.41367567,False
tile_32017.npy,0.020236831,0.0005996657,0.039046645,0.41367567,False
tile_32027.npy,0.020236831,0.0005996657,0.039046645,0.41367567,False
tile_32039.npy,0.020236831,0.0005996657,0.039046645,0.41367567,False
tile_32052.npy,0.020236831,0.0005996657,0.039046645,0.41367567,False
tile_32067.npy,0.020236831,0.0005996657,0.039046645,0.41367567,False
tile_32408.npy,0.020236831,0.0005996657,0.039046645,0.41367567,False
tile_32412.npy,0.020236831,0.0005996657,0.039046645,0.41367567,False
tile_32439.npy,0.020236831,0.0005996657,0.039046645,0.41367567,False
tile_32449.npy,0.020236831,0.0005996657,0.039046645,0.41367567,False
tile_32450.npy,0.020236831,0.0005996657,0.039046645,0.41367567,False
tile_32462.npy,0.020236831,0.0005996657,0.039046645,0.41367567,False
tile_32465.npy,0.020236831,0.0005996657,0.039046645,0.41367567,False
tile_3248.npy,0.020236831,0.0005996657,0.039046645,0.41367567,False
tile_32129.npy,0.020236831,0.0005996657,0.039046645,0.41367567,False
tile_32135.npy,0.020236831,0.0005996657,0.039046645,0.41367567,False
tile_32141.npy,0.020236831,0.0005996657,0.039046645,0.41367567,False
tile_32145.npy,0.020236831,0.0005996657,0.039046645,0.41367567,False
tile_32149.npy,0.020236831,0.0005996657,0.039046645,0.41367567,False
tile_32161.npy,0.020236831,0.0005996657,0.039046645,0.41367567,False
tile_32168.npy,0.020236831,0.0005996657,0.039046645,0.41367567,False
tile_32172.npy,0.020236831,0.0005996657,0.039046645,0.41367567,False
tile_32532.npy,0.020236831,0.0005996657,0.039046645,0.41367567,False
tile_32534.npy,0.020236831,0.0005996657,0.039046645,0.41367567,False
tile_32539.npy,0.020236831,0.0005996657,0.039046645,0.41367567,False
tile_32543.npy,0.020236831,0.0005996657,0.039046645,0.41367567,False
tile_32554.npy,0.020236831,0.0005996657,0.039046645,0.41367567,False
tile_32562.npy,0.020236831,0.0005996657,0.039046645,0.41367567,False
tile_32587.npy,0.020236831,0.0005996657,0.039046645,0.41367567,False
tile_32588.npy,0.020236831,0.0005996657,0.039046645,0.41367567,False
tile_32295.npy,0.020236831,0.0005996657,0.039046645,0.41367567,False
tile_32308.npy,0.020236831,0.0005996657,0.039046645,0.41367567,False
tile_32311.npy,0.020236831,0.0005996657,0.039046645,0.41367567,False
tile_32334.npy,0.020236831,0.0005996657,0.039046645,0.41367567,False
tile_32354.npy,0.020236831,0.0005996657,0.039046645,0.41367567,False
tile_32363.npy,0.020236831,0.0005996657,0.039046645,0.41367567,False
tile_32376.npy,0.020236831,0.0005996657,0.039046645,0.41367567,False
tile_32384.npy,0.020236831,0.0005996657,0.039046645,0.41367567,False
tile_32658.npy,0.020236831,0.0005996657,0.039046645,0.41367567,False
tile_32659.npy,0.020236831,0.0005996657,0.039046645,0.41367567,False
tile_32667.npy,0.020236831,0.0005996657,0.039046645,0.41367567,False
tile_32671.npy,0.020236831,0.0005996657,0.039046645,0.41367567,False
tile_32676.npy,0.020236831,0.0005996657,0.039046645,0.41367567,False
tile_3271.npy,0.020236831,0.0005996657,0.039046645,0.41367567,False
tile_32711.npy,0.020236831,0.0005996657,0.039046645,0.41367567,False
tile_32724.npy,0.020236831,0.0005996657,0.039046645,0.41367567,False
tile_32485.npy,0.020236831,0.0005996657,0.039046645,0.41367567,False
tile_32488.npy,0.020236831,0.0005996657,0.039046645,0.41367567,False
tile_32497.npy,0.020236831,0.0005996657,0.039046645,0.41367567,False
tile_32498.npy,0.020236831,0.0005996657,0.039046645,0.41367567,False
tile_32501.npy,0.020236831,0.0005996657,0.039046645,0.41367567,False
tile_32502.npy,0.020236831,0.0005996657,0.039046645,0.41367567,False
tile_32508.npy,0.020236831,0.0005996657,0.039046645,0.41367567,False
tile_32512.npy,0.020236831,0.0005996657,0.039046645,0.41367567,False
tile_32770.npy,0.020236831,0.0005996657,0.039046645,0.41367567,False
tile_32771.npy,0.020236831,0.0005996657,0.039046645,0.41367567,False
tile_32777.npy,0.020236831,0.0005996657,0.039046645,0.41367567,False
tile_32780.npy,0.020236831,0.0005996657,0.039046645,0.41367567,False
tile_32784.npy,0.020236831,0.0005996657,0.039046645,0.41367567,False
tile_32803.npy,0.020236831,0.0005996657,0.039046645,0.41367567,False
tile_32806.npy,0.020236831,0.0005996657,0.039046645,0.41367567,False
tile_32813.npy,0.020236831,0.0005996657,0.039046645,0.41367567,False
tile_326.npy,0.020236831,0.0005996657,0.039046645,0.41367567,False
tile_32612.npy,0.020236831,0.0005996657,0.039046645,0.41367567,False
tile_32619.npy,0.020236831,0.0005996657,0.039046645,0.41367567,False
tile_3262.npy,0.020236831,0.0005996657,0.039046645,0.41367567,False
tile_32625.npy,0.020236831,0.0005996657,0.039046645,0.41367567,False
tile_32638.npy,0.020236831,0.0005996657,0.039046645,0.41367567,False
tile_32648.npy,0.020236831,0.0005996657,0.039046645,0.41367567,False
tile_3265.npy,0.020236831,0.0005996657,0.039046645,0.41367567,False
tile_32869.npy,0.020236831,0.0005996657,0.039046645,0.41367567,False
tile_3287.npy,0.020236831,0.0005996657,0.039046645,0.41367567,False
tile_32879.npy,0.020236831,0.0005996657,0.039046645,0.41367567,False
tile_32882.npy,0.020236831,0.0005996657,0.039046645,0.41367567,False
tile_32886.npy,0.020236831,0.0005996657,0.039046645,0.41367567,False
tile_32889.npy,0.020236831,0.0005996657,0.039046645,0.41367567,False
tile_32894.npy,0.020236831,0.0005996657,0.039046645,0.41367567,False
tile_329.npy,0.020236831,0.0005996657,0.039046645,0.41367567,False
tile_32728.npy,0.020236831,0.0005996657,0.039046645,0.41367567,False
tile_32733.npy,0.020236831,0.0005996657,0.039046645,0.41367567,False
tile_32738.npy,0.020236831,0.0005996657,0.039046645,0.41367567,False
tile_32741.npy,0.020236831,0.0005996657,0.039046645,0.41367567,False
tile_32746.npy,0.020236831,0.0005996657,0.039046645,0.41367567,False
tile_32750.npy,0.020236831,0.0005996657,0.039046645,0.41367567,False
tile_32758.npy,0.020236831,0.0005996657,0.039046645,0.41367567,False
tile_32763.npy,0.020236831,0.0005996657,0.039046645,0.41367567,False
tile_3298.npy,0.020236831,0.0005996657,0.039046645,0.41367567,False
tile_32981.npy,0.020236831,0.0005996657,0.039046645,0.41367567,False
tile_32991.npy,0.020236831,0.0005996657,0.039046645,0.41367567,False
tile_33010.npy,0.020236831,0.0005996657,0.039046645,0.41367567,False
tile_33013.npy,0.020236831,0.0005996657,0.039046645,0.41367567,False
tile_33018.npy,0.020236831,0.0005996657,0.039046645,0.41367567,False
tile_3302.npy,0.020236831,0.0005996657,0.039046645,0.41367567,False
tile_33032.npy,0.020236831,0.0005996657,0.039046645,0.41367567,False
tile_32816.npy,0.020236831,0.0005996657,0.039046645,0.41367567,False
tile_32818.npy,0.020236831,0.0005996657,0.039046645,0.41367567,False
tile_32819.npy,0.020236831,0.0005996657,0.039046645,0.41367567,False
tile_32823.npy,0.020236831,0.0005996657,0.039046645,0.41367567,False
tile_32838.npy,0.020236831,0.0005996657,0.039046645,0.41367567,False
tile_32839.npy,0.020236831,0.0005996657,0.039046645,0.41367567,False
tile_32841.npy,0.020236831,0.0005996657,0.039046645,0.41367567,False
tile_32842.npy,0.020236831,0.0005996657,0.039046645,0.41367567,False
tile_33103.npy,0.020236831,0.0005996657,0.039046645,0.41367567,False
tile_33104.npy,0.020236831,0.0005996657,0.039046645,0.41367567,False
tile_33108.npy,0.020236831,0.0005996657,0.039046645,0.41367567,False
tile_33113.npy,0.020236831,0.0005996657,0.039046645,0.41367567,False
tile_33117.npy,0.020236831,0.0005996657,0.039046645,0.41367567,False
tile_3312.npy,0.020236831,0.0005996657,0.039046645,0.41367567,False
tile_33139.npy,0.020236831,0.0005996657,0.039046645,0.41367567,False
tile_3315.npy,0.020236831,0.0005996657,0.039046645,0.41367567,False
tile_32912.npy,0.020236831,0.0005996657,0.039046645,0.41367567,False
tile_32917.npy,0.020236831,0.0005996657,0.039046645,0.41367567,False
tile_32921.npy,0.020236831,0.0005996657,0.039046645,0.41367567,False
tile_32937.npy,0.020236831,0.0005996657,0.039046645,0.41367567,False
tile_32973.npy,0.020236831,0.0005996657,0.039046645,0.41367567,False
tile_32974.npy,0.020236831,0.0005996657,0.039046645,0.41367567,False
tile_32976.npy,0.020236831,0.0005996657,0.039046645,0.41367567,False
tile_32979.npy,0.020236831,0.0005996657,0.039046645,0.41367567,False
tile_33225.npy,0.020236831,0.0005996657,0.039046645,0.41367567,False
tile_33238.npy,0.020236831,0.0005996657,0.039046645,0.41367567,False
tile_33254.npy,0.020236831,0.0005996657,0.039046645,0.41367567,False
tile_33260.npy,0.020236831,0.0005996657,0.039046645,0.41367567,False
tile_33262.npy,0.020236831,0.0005996657,0.039046645,0.41367567,False
tile_33269.npy,0.020236831,0.0005996657,0.039046645,0.41367567,False
tile_33279.npy,0.020236831,0.0005996657,0.039046645,0.41367567,False
tile_33281.npy,0.020236831,0.0005996657,0.039046645,0.41367567,False
tile_33039.npy,0.020236831,0.0005996657,0.039046645,0.41367567,False
tile_33042.npy,0.020236831,0.0005996657,0.039046645,0.41367567,False
tile_33062.npy,0.020236831,0.0005996657,0.039046645,0.41367567,False
tile_33063.npy,0.020236831,0.0005996657,0.039046645,0.41367567,False
tile_33069.npy,0.020236831,0.0005996657,0.039046645,0.41367567,False
tile_3307.npy,0.020236831,0.0005996657,0.039046645,0.41367567,False
tile_33070.npy,0.020236831,0.0005996657,0.039046645,0.41367567,False
tile_3308.npy,0.020236831,0.0005996657,0.039046645,0.41367567,False
tile_33335.npy,0.020236831,0.0005996657,0.039046645,0.41367567,False
tile_3335.npy,0.020236831,0.0005996657,0.039046645,0.41367567,False
tile_33354.npy,0.020236831,0.0005996657,0.039046645,0.41367567,False
tile_33362.npy,0.020236831,0.0005996657,0.039046645,0.41367567,False
tile_33364.npy,0.020236831,0.0005996657,0.039046645,0.41367567,False
tile_33369.npy,0.020236831,0.0005996657,0.039046645,0.41367567,False
tile_33372.npy,0.020236831,0.0005996657,0.039046645,0.41367567,False
tile_33374.npy,0.020236831,0.0005996657,0.039046645,0.41367567,False
tile_33150.npy,0.020236831,0.0005996657,0.039046645,0.41367567,False
tile_33151.npy,0.020236831,0.0005996657,0.039046645,0.41367567,False
tile_33168.npy,0.020236831,0.0005996657,0.039046645,0.41367567,False
tile_33174.npy,0.020236831,0.0005996657,0.039046645,0.41367567,False
tile_33182.npy,0.020236831,0.0005996657,0.039046645,0.41367567,False
tile_33183.npy,0.020236831,0.0005996657,0.039046645,0.41367567,False
tile_33212.npy,0.020236831,0.0005996657,0.039046645,0.41367567,False
tile_33220.npy,0.020236831,0.0005996657,0.039046645,0.41367567,False
tile_33491.npy,0.020236831,0.0005996657,0.039046645,0.41367567,False
tile_33493.npy,0.020236831,0.0005996657,0.039046645,0.41367567,False
tile_33498.npy,0.020236831,0.0005996657,0.039046645,0.41367567,False
tile_33507.npy,0.020236831,0.0005996657,0.039046645,0.41367567,False
tile_33515.npy,0.020236831,0.0005996657,0.039046645,0.41367567,False
tile_33517.npy,0.020236831,0.0005996657,0.039046645,0.41367567,False
tile_33520.npy,0.020236831,0.0005996657,0.039046645,0.41367567,False
tile_33538.npy,0.020236831,0.0005996657,0.039046645,0.41367567,False
tile_33286.npy,0.020236831,0.0005996657,0.039046645,0.41367567,False
tile_33297.npy,0.020236831,0.0005996657,0.039046645,0.41367567,False
tile_33300.npy,0.020236831,0.0005996657,0.039046645,0.41367567,False
tile_33304.npy,0.020236831,0.0005996657,0.039046645,0.41367567,False
tile_33311.npy,0.020236831,0.0005996657,0.039046645,0.41367567,False
tile_33329.npy,0.020236831,0.0005996657,0.039046645,0.41367567,False
tile_3333.npy,0.020236831,0.0005996657,0.039046645,0.41367567,False
tile_33332.npy,0.020236831,0.0005996657,0.039046645,0.41367567,False
tile_33596.npy,0.020236831,0.0005996657,0.039046645,0.41367567,False
tile_3361.npy,0.020236831,0.0005996657,0.039046645,0.41367567,False
tile_33613.npy,0.020236831,0.0005996657,0.039046645,0.41367567,False
tile_33632.npy,0.020236831,0.0005996657,0.039046645,0.41367567,False
tile_33650.npy,0.020236831,0.0005996657,0.039046645,0.41367567,False
tile_33651.npy,0.020236831,0.0005996657,0.039046645,0.41367567,False
tile_33659.npy,0.020236831,0.0005996657,0.039046645,0.41367567,False
tile_33668.npy,0.020236831,0.0005996657,0.039046645,0.41367567,False
tile_33377.npy,0.020236831,0.0005996657,0.039046645,0.41367567,False
tile_33382.npy,0.020236831,0.0005996657,0.039046645,0.41367567,False
tile_334.npy,0.020236831,0.0005996657,0.039046645,0.41367567,False
tile_33400.npy,0.020236831,0.0005996657,0.039046645,0.41367567,False
tile_33408.npy,0.020236831,0.0005996657,0.039046645,0.41367567,False
tile_33420.npy,0.020236831,0.0005996657,0.039046645,0.41367567,False
tile_33442.npy,0.020236831,0.0005996657,0.039046645,0.41367567,False
tile_33465.npy,0.020236831,0.0005996657,0.039046645,0.41367567,False
tile_33733.npy,0.020236831,0.0005996657,0.039046645,0.41367567,False
tile_33734.npy,0.020236831,0.0005996657,0.039046645,0.41367567,False
tile_33744.npy,0.020236831,0.0005996657,0.039046645,0.41367567,False
tile_33749.npy,0.020236831,0.0005996657,0.039046645,0.41367567,False
tile_33750.npy,0.020236831,0.0005996657,0.039046645,0.41367567,False
tile_33755.npy,0.020236831,0.0005996657,0.039046645,0.41367567,False
tile_33766.npy,0.020236831,0.0005996657,0.039046645,0.41367567,False
tile_33772.npy,0.020236831,0.0005996657,0.039046645,0.41367567,False
tile_33541.npy,0.020236831,0.0005996657,0.039046645,0.41367567,False
tile_33551.npy,0.020236831,0.0005996657,0.039046645,0.41367567,False
tile_33559.npy,0.020236831,0.0005996657,0.039046645,0.41367567,False
tile_33566.npy,0.020236831,0.0005996657,0.039046645,0.41367567,False
tile_33569.npy,0.020236831,0.0005996657,0.039046645,0.41367567,False
tile_33572.npy,0.020236831,0.0005996657,0.039046645,0.41367567,False
tile_33578.npy,0.020236831,0.0005996657,0.039046645,0.41367567,False
tile_33587.npy,0.020236831,0.0005996657,0.039046645,0.41367567,False
tile_33850.npy,0.020236831,0.0005996657,0.039046645,0.41367567,False
tile_33854.npy,0.020236831,0.0005996657,0.039046645,0.41367567,False
tile_33880.npy,0.020236831,0.0005996657,0.039046645,0.41367567,False
tile_33885.npy,0.020236831,0.0005996657,0.039046645,0.41367567,False
tile_33888.npy,0.020236831,0.0005996657,0.039046645,0.41367567,False
tile_33894.npy,0.020236831,0.0005996657,0.039046645,0.41367567,False
tile_33896.npy,0.020236831,0.0005996657,0.039046645,0.41367567,False
tile_33899.npy,0.020236831,0.0005996657,0.039046645,0.41367567,False
tile_33675.npy,0.020236831,0.0005996657,0.039046645,0.41367567,False
tile_33677.npy,0.020236831,0.0005996657,0.039046645,0.41367567,False
tile_33679.npy,0.020236831,0.0005996657,0.039046645,0.41367567,False
tile_33707.npy,0.020236831,0.0005996657,0.039046645,0.41367567,False
tile_33718.npy,0.020236831,0.0005996657,0.039046645,0.41367567,False
tile_33719.npy,0.020236831,0.0005996657,0.039046645,0.41367567,False
tile_33720.npy,0.020236831,0.0005996657,0.039046645,0.41367567,False
tile_33728.npy,0.020236831,0.0005996657,0.039046645,0.41367567,False
tile_33973.npy,0.020236831,0.0005996657,0.039046645,0.41367567,False
tile_33983.npy,0.020236831,0.0005996657,0.039046645,0.41367567,False
tile_33999.npy,0.020236831,0.0005996657,0.039046645,0.41367567,False
tile_340.npy,0.020236831,0.0005996657,0.039046645,0.41367567,False
tile_34004.npy,0.020236831,0.0005996657,0.039046645,0.41367567,False
tile_34054.npy,0.020236831,0.0005996657,0.039046645,0.41367567,False
tile_34058.npy,0.020236831,0.0005996657,0.039046645,0.41367567,False
tile_34069.npy,0.020236831,0.0005996657,0.039046645,0.41367567,False
tile_33774.npy,0.020236831,0.0005996657,0.039046645,0.41367567,False
tile_33785.npy,0.020236831,0.0005996657,0.039046645,0.41367567,False
tile_33797.npy,0.020236831,0.0005996657,0.039046645,0.41367567,False
tile_33802.npy,0.020236831,0.0005996657,0.039046645,0.41367567,False
tile_33803.npy,0.020236831,0.0005996657,0.039046645,0.41367567,False
tile_33810.npy,0.020236831,0.0005996657,0.039046645,0.41367567,False
tile_33818.npy,0.020236831,0.0005996657,0.039046645,0.41367567,False
tile_33829.npy,0.020236831,0.0005996657,0.039046645,0.41367567,False
tile_34098.npy,0.020236831,0.0005996657,0.039046645,0.41367567,False
tile_3461.npy,0.020236831,0.0005996657,0.039046645,0.41367567,False
tile_347.npy,0.020236831,0.0005996657,0.039046645,0.41367567,False
tile_3472.npy,0.020236831,0.0005996657,0.039046645,0.41367567,False
tile_23144.npy,0.020236831,0.0005996657,0.039046645,0.41367567,False
tile_23153.npy,0.020236831,0.0005996657,0.039046645,0.41367567,False
tile_2316.npy,0.020236831,0.0005996657,0.039046645,0.41367567,False
tile_17739.npy,0.020236831,0.0005996657,0.039046645,0.41367567,False
tile_33901.npy,0.020236831,0.0005996657,0.039046645,0.41367567,False
tile_33904.npy,0.020236831,0.0005996657,0.039046645,0.41367567,False
tile_33914.npy,0.020236831,0.0005996657,0.039046645,0.41367567,False
tile_33922.npy,0.020236831,0.0005996657,0.039046645,0.41367567,False
tile_33923.npy,0.020236831,0.0005996657,0.039046645,0.41367567,False
tile_33948.npy,0.020236831,0.0005996657,0.039046645,0.41367567,False
tile_33952.npy,0.020236831,0.0005996657,0.039046645,0.41367567,False
tile_33953.npy,0.020236831,0.0005996657,0.039046645,0.41367567,False
tile_27477.npy,0.020236831,0.0005996657,0.039046645,0.41367567,False
tile_35.npy,0.020236831,0.0005996657,0.039046645,0.41367567,False
tile_3518.npy,0.020236831,0.0005996657,0.039046645,0.41367567,False
tile_3519.npy,0.020236831,0.0005996657,0.039046645,0.41367567,False
tile_358.npy,0.020236831,0.0005996657,0.039046645,0.41367567,False
tile_3598.npy,0.020236831,0.0005996657,0.039046645,0.41367567,False
tile_3603.npy,0.020236831,0.0005996657,0.039046645,0.41367567,False
tile_3625.npy,0.020236831,0.0005996657,0.039046645,0.41367567,False
tile_3629.npy,0.020236831,0.0005996657,0.039046645,0.41367567,False
tile_3652.npy,0.020236831,0.0005996657,0.039046645,0.41367567,False
tile_3664.npy,0.020236831,0.0005996657,0.039046645,0.41367567,False
tile_34082.npy,0.020236831,0.0005996657,0.039046645,0.41367567,False
tile_34087.npy,0.020236831,0.0005996657,0.039046645,0.41367567,False
tile_34089.npy,0.020236831,0.0005996657,0.039046645,0.41367567,False
tile_34090.npy,0.020236831,0.0005996657,0.039046645,0.41367567,False
tile_34093.npy,0.020236831,0.0005996657,0.039046645,0.41367567,False
tile_3476.npy,0.020236831,0.0005996657,0.039046645,0.41367567,False
tile_3485.npy,0.020236831,0.0005996657,0.039046645,0.41367567,False
tile_3489.npy,0.020236831,0.0005996657,0.039046645,0.41367567,False
tile_27671.npy,0.020236831,0.0005996657,0.039046645,0.41367567,False
tile_27672.npy,0.020236831,0.0005996657,0.039046645,0.41367567,False
tile_27674.npy,0.020236831,0.0005996657,0.039046645,0.41367567,False
tile_1492.npy,0.020236831,0.0005996657,0.039046645,0.41367567,False
tile_14955.npy,0.020236831,0.0005996657,0.039046645,0.41367567,False
tile_14959.npy,0.020236831,0.0005996657,0.039046645,0.41367567,False
tile_1496.npy,0.020236831,0.0005996657,0.039046645,0.41367567,False
tile_14960.npy,0.020236831,0.0005996657,0.039046645,0.41367567,False
tile_2484.npy,0.020236831,0.0005996657,0.039046645,0.41367567,False
tile_27320.npy,0.020236831,0.0005996657,0.039046645,0.41367567,False
tile_27348.npy,0.020236831,0.0005996657,0.039046645,0.41367567,False
tile_27469.npy,0.020236831,0.0005996657,0.039046645,0.41367567,False
tile_27474.npy,0.020236831,0.0005996657,0.039046645,0.41367567,False
tile_4014.npy,0.020236831,0.0005996657,0.039046645,0.41367567,False
tile_4020.npy,0.020236831,0.0005996657,0.039046645,0.41367567,False
tile_369.npy,0.020236831,0.0005996657,0.039046645,0.41367567,False
tile_3703.npy,0.020236831,0.0005996657,0.039046645,0.41367567,False
tile_372.npy,0.020236831,0.0005996657,0.039046645,0.41367567,False
tile_376.npy,0.020236831,0.0005996657,0.039046645,0.41367567,False
tile_3774.npy,0.020236831,0.0005996657,0.039046645,0.41367567,False
tile_3780.npy,0.020236831,0.0005996657,0.039046645,0.41367567,False
tile_3789.npy,0.020236831,0.0005996657,0.039046645,0.41367567,False
tile_3796.npy,0.020236831,0.0005996657,0.039046645,0.41367567,False
tile_3804.npy,0.020236831,0.0005996657,0.039046645,0.41367567,False
tile_381.npy,0.020236831,0.0005996657,0.039046645,0.41367567,False
tile_3818.npy,0.020236831,0.0005996657,0.039046645,0.41367567,False
tile_3830.npy,0.020236831,0.0005996657,0.039046645,0.41367567,False
tile_17740.npy,0.020236831,0.0005996657,0.039046645,0.41367567,False
tile_17759.npy,0.020236831,0.0005996657,0.039046645,0.41367567,False
tile_22965.npy,0.020236831,0.0005996657,0.039046645,0.41367567,False
tile_22966.npy,0.020236831,0.0005996657,0.039046645,0.41367567,False
tile_22976.npy,0.020236831,0.0005996657,0.039046645,0.41367567,False
tile_22977.npy,0.020236831,0.0005996657,0.039046645,0.41367567,False
tile_2298.npy,0.020236831,0.0005996657,0.039046645,0.41367567,False
tile_3838.npy,0.020236831,0.0005996657,0.039046645,0.41367567,False
tile_3840.npy,0.020236831,0.0005996657,0.039046645,0.41367567,False
tile_3850.npy,0.020236831,0.0005996657,0.039046645,0.41367567,False
tile_3860.npy,0.020236831,0.0005996657,0.039046645,0.41367567,False
tile_389.npy,0.020236831,0.0005996657,0.039046645,0.41367567,False
tile_3959.npy,0.020236831,0.0005996657,0.039046645,0.41367567,False
tile_3968.npy,0.020236831,0.0005996657,0.039046645,0.41367567,False
tile_397.npy,0.020236831,0.0005996657,0.039046645,0.41367567,False
tile_3976.npy,0.020236831,0.0005996657,0.039046645,0.41367567,False
tile_3981.npy,0.020236831,0.0005996657,0.039046645,0.41367567,False
tile_3997.npy,0.020236831,0.0005996657,0.039046645,0.41367567,False
tile_4050.npy,0.020236831,0.0005996657,0.039046645,0.41367567,False
tile_408.npy,0.020236831,0.0005996657,0.039046645,0.41367567,False
tile_4143.npy,0.020236831,0.0005996657,0.039046645,0.41367567,False
tile_4146.npy,0.020236831,0.0005996657,0.039046645,0.41367567,False
tile_4168.npy,0.020236831,0.0005996657,0.039046645,0.41367567,False
tile_4169.npy,0.020236831,0.0005996657,0.039046645,0.41367567,False
tile_4171.npy,0.020236831,0.0005996657,0.039046645,0.41367567,False
tile_4037.npy,0.020236831,0.0005996657,0.039046645,0.41367567,False
tile_4045.npy,0.020236831,0.0005996657,0.039046645,0.41367567,False
tile_1314.npy,0.020236831,0.0005996657,0.039046645,0.41367567,False
tile_13219.npy,0.020236831,0.0005996657,0.039046645,0.41367567,False
tile_13226.npy,0.020236831,0.0005996657,0.039046645,0.41367567,False
tile_13228.npy,0.020236831,0.0005996657,0.039046645,0.41367567,False
tile_13230.npy,0.020236831,0.0005996657,0.039046645,0.41367567,False
tile_13235.npy,0.020236831,0.0005996657,0.039046645,0.41367567,False
tile_1803.npy,0.020236831,0.0005996657,0.039046645,0.41367567,False
tile_4049.npy,0.020236831,0.0005996657,0.039046645,0.41367567,False
tile_27494.npy,0.020236831,0.0005996657,0.039046645,0.41367567,False
tile_27508.npy,0.020236831,0.0005996657,0.039046645,0.41367567,False
tile_27517.npy,0.020236831,0.0005996657,0.039046645,0.41367567,False
tile_16523.npy,0.020236831,0.0005996657,0.039046645,0.41367567,False
tile_2491.npy,0.020236831,0.0005996657,0.039046645,0.41367567,False
tile_2492.npy,0.020236831,0.0005996657,0.039046645,0.41367567,False
tile_2502.npy,0.020236831,0.0005996657,0.039046645,0.41367567,False
tile_25036.npy,0.020236831,0.0005996657,0.039046645,0.41367567,False
tile_25064.npy,0.020236831,0.0005996657,0.039046645,0.41367567,False
tile_16346.npy,0.020236831,0.0005996657,0.039046645,0.41367567,False
tile_2720.npy,0.020236831,0.0005996657,0.039046645,0.41367567,False
tile_27299.npy,0.020236831,0.0005996657,0.039046645,0.41367567,False
tile_27314.npy,0.020236831,0.0005996657,0.039046645,0.41367567,False
tile_27315.npy,0.020236831,0.0005996657,0.039046645,0.41367567,False
tile_405.npy,0.020236831,0.0005996657,0.039046645,0.41367567,False
tile_4178.npy,0.020236831,0.0005996657,0.039046645,0.41367567,False
tile_4181.npy,0.020236831,0.0005996657,0.039046645,0.41367567,False
tile_4189.npy,0.020236831,0.0005996657,0.039046645,0.41367567,False
tile_4196.npy,0.020236831,0.0005996657,0.039046645,0.41367567,False
tile_4207.npy,0.020236831,0.0005996657,0.039046645,0.41367567,False
tile_4210.npy,0.020236831,0.0005996657,0.039046645,0.41367567,False
tile_4217.npy,0.020236831,0.0005996657,0.039046645,0.41367567,False
tile_4312.npy,0.020236831,0.0005996657,0.039046645,0.41367567,False
tile_4313.npy,0.020236831,0.0005996657,0.039046645,0.41367567,False
tile_4319.npy,0.020236831,0.0005996657,0.039046645,0.41367567,False
tile_4325.npy,0.020236831,0.0005996657,0.039046645,0.41367567,False
tile_4362.npy,0.020236831,0.0005996657,0.039046645,0.41367567,False
tile_4363.npy,0.020236831,0.0005996657,0.039046645,0.41367567,False
tile_4369.npy,0.020236831,0.0005996657,0.039046645,0.41367567,False
tile_2309.npy,0.020236831,0.0005996657,0.039046645,0.41367567,False
tile_133.npy,0.020236831,0.0005996657,0.039046645,0.41367567,False
tile_4659.npy,0.020236831,0.0005996657,0.039046645,0.41367567,False
tile_4665.npy,0.020236831,0.0005996657,0.039046645,0.41367567,False
tile_4667.npy,0.020236831,0.0005996657,0.039046645,0.41367567,False
tile_4676.npy,0.020236831,0.0005996657,0.039046645,0.41367567,False
tile_4702.npy,0.020236831,0.0005996657,0.039046645,0.41367567,False
tile_4706.npy,0.020236831,0.0005996657,0.039046645,0.41367567,False
tile_445.npy,0.020236831,0.0005996657,0.039046645,0.41367567,False
tile_446.npy,0.020236831,0.0005996657,0.039046645,0.41367567,False
tile_4478.npy,0.020236831,0.0005996657,0.039046645,0.41367567,False
tile_4485.npy,0.020236831,0.0005996657,0.039046645,0.41367567,False
tile_4495.npy,0.020236831,0.0005996657,0.039046645,0.41367567,False
tile_22792.npy,0.020236831,0.0005996657,0.039046645,0.41367567,False
tile_2281.npy,0.020236831,0.0005996657,0.039046645,0.41367567,False
tile_2288.npy,0.020236831,0.0005996657,0.039046645,0.41367567,False
tile_17925.npy,0.020236831,0.0005996657,0.039046645,0.41367567,False
tile_17931.npy,0.020236831,0.0005996657,0.039046645,0.41367567,False
tile_4733.npy,0.020236831,0.0005996657,0.039046645,0.41367567,False
tile_13040.npy,0.020236831,0.0005996657,0.039046645,0.41367567,False
tile_13048.npy,0.020236831,0.0005996657,0.039046645,0.41367567,False
tile_13062.npy,0.020236831,0.0005996657,0.039046645,0.41367567,False
tile_13063.npy,0.020236831,0.0005996657,0.039046645,0.41367567,False
tile_1816.npy,0.020236831,0.0005996657,0.039046645,0.41367567,False
tile_182.npy,0.020236831,0.0005996657,0.039046645,0.41367567,False
tile_22779.npy,0.020236831,0.0005996657,0.039046645,0.41367567,False
tile_450.npy,0.020236831,0.0005996657,0.039046645,0.41367567,False
tile_451.npy,0.020236831,0.0005996657,0.039046645,0.41367567,False
tile_4522.npy,0.020236831,0.0005996657,0.039046645,0.41367567,False
tile_4524.npy,0.020236831,0.0005996657,0.039046645,0.41367567,False
tile_4537.npy,0.020236831,0.0005996657,0.039046645,0.41367567,False
tile_4554.npy,0.020236831,0.0005996657,0.039046645,0.41367567,False
tile_4555.npy,0.020236831,0.0005996657,0.039046645,0.41367567,False
tile_4560.npy,0.020236831,0.0005996657,0.039046645,0.41367567,False
tile_4723.npy,0.020236831,0.0005996657,0.039046645,0.41367567,False
tile_4724.npy,0.020236831,0.0005996657,0.039046645,0.41367567,False
tile_4727.npy,0.020236831,0.0005996657,0.039046645,0.41367567,False
tile_4728.npy,0.020236831,0.0005996657,0.039046645,0.41367567,False
tile_1510.npy,0.020236831,0.0005996657,0.039046645,0.41367567,False
tile_15129.npy,0.020236831,0.0005996657,0.039046645,0.41367567,False
tile_15147.npy,0.020236831,0.0005996657,0.039046645,0.41367567,False
tile_15149.npy,0.020236831,0.0005996657,0.039046645,0.41367567,False
tile_1640.npy,0.020236831,0.0005996657,0.039046645,0.41367567,False
tile_25076.npy,0.020236831,0.0005996657,0.039046645,0.41367567,False
tile_16184.npy,0.020236831,0.0005996657,0.039046645,0.41367567,False
tile_25232.npy,0.020236831,0.0005996657,0.039046645,0.41367567,False
tile_25234.npy,0.020236831,0.0005996657,0.039046645,0.41367567,False
tile_25240.npy,0.020236831,0.0005996657,0.039046645,0.41367567,False
tile_26972.npy,0.020236831,0.0005996657,0.039046645,0.41367567,False
tile_4730.npy,0.020236831,0.0005996657,0.039046645,0.41367567,False
tile_22634.npy,0.020236831,0.0005996657,0.039046645,0.41367567,False
tile_2278.npy,0.020236831,0.0005996657,0.039046645,0.41367567,False
tile_22783.npy,0.020236831,0.0005996657,0.039046645,0.41367567,False
tile_1312.npy,0.020236831,0.0005996657,0.039046645,0.41367567,False
tile_1297.npy,0.020236831,0.0005996657,0.039046645,0.41367567,False
tile_4830.npy,0.020236831,0.0005996657,0.039046645,0.41367567,False
tile_4834.npy,0.020236831,0.0005996657,0.039046645,0.41367567,False
tile_4841.npy,0.020236831,0.0005996657,0.039046645,0.41367567,False
tile_4842.npy,0.020236831,0.0005996657,0.039046645,0.41367567,False
tile_4847.npy,0.020236831,0.0005996657,0.039046645,0.41367567,False
tile_4863.npy,0.020236831,0.0005996657,0.039046645,0.41367567,False
tile_4864.npy,0.020236831,0.0005996657,0.039046645,0.41367567,False
tile_4895.npy,0.020236831,0.0005996657,0.039046645,0.41367567,False
tile_5029.npy,0.020236831,0.0005996657,0.039046645,0.41367567,False
tile_5034.npy,0.020236831,0.0005996657,0.039046645,0.41367567,False
tile_4708.npy,0.020236831,0.0005996657,0.039046645,0.41367567,False
tile_5232.npy,0.020236831,0.0005996657,0.039046645,0.41367567,False
tile_524.npy,0.020236831,0.0005996657,0.039046645,0.41367567,False
tile_1259.npy,0.020236831,0.0005996657,0.039046645,0.41367567,False
tile_1265.npy,0.020236831,0.0005996657,0.039046645,0.41367567,False
tile_5240.npy,0.020236831,0.0005996657,0.039046645,0.41367567,False
tile_5241.npy,0.020236831,0.0005996657,0.039046645,0.41367567,False
tile_5037.npy,0.020236831,0.0005996657,0.039046645,0.41367567,False
tile_5063.npy,0.020236831,0.0005996657,0.039046645,0.41367567,False
tile_507.npy,0.020236831,0.0005996657,0.039046645,0.41367567,False
tile_5070.npy,0.020236831,0.0005996657,0.039046645,0.41367567,False
tile_5082.npy,0.020236831,0.0005996657,0.039046645,0.41367567,False
tile_509.npy,0.020236831,0.0005996657,0.039046645,0.41367567,False
tile_12694.npy,0.020236831,0.0005996657,0.039046645,0.41367567,False
tile_12714.npy,0.020236831,0.0005996657,0.039046645,0.41367567,False
tile_22613.npy,0.020236831,0.0005996657,0.039046645,0.41367567,False
tile_22617.npy,0.020236831,0.0005996657,0.039046645,0.41367567,False
tile_535.npy,0.020236831,0.0005996657,0.039046645,0.41367567,False
tile_5361.npy,0.020236831,0.0005996657,0.039046645,0.41367567,False
tile_5369.npy,0.020236831,0.0005996657,0.039046645,0.41367567,False
tile_5388.npy,0.020236831,0.0005996657,0.039046645,0.41367567,False
tile_539.npy,0.020236831,0.0005996657,0.039046645,0.41367567,False
tile_5399.npy,0.020236831,0.0005996657,0.039046645,0.41367567,False
tile_5408.npy,0.020236831,0.0005996657,0.039046645,0.41367567,False
tile_5414.npy,0.020236831,0.0005996657,0.039046645,0.41367567,False
tile_5417.npy,0.020236831,0.0005996657,0.039046645,0.41367567,False
tile_18088.npy,0.020236831,0.0005996657,0.039046645,0.41367567,False
tile_12867.npy,0.020236831,0.0005996657,0.039046645,0.41367567,False
tile_12883.npy,0.020236831,0.0005996657,0.039046645,0.41367567,False
tile_5187.npy,0.020236831,0.0005996657,0.039046645,0.41367567,False
tile_5188.npy,0.020236831,0.0005996657,0.039046645,0.41367567,False
tile_5194.npy,0.020236831,0.0005996657,0.039046645,0.41367567,False
tile_5218.npy,0.020236831,0.0005996657,0.039046645,0.41367567,False
tile_5534.npy,0.020236831,0.0005996657,0.039046645,0.41367567,False
tile_5554.npy,0.020236831,0.0005996657,0.039046645,0.41367567,False
tile_5557.npy,0.020236831,0.0005996657,0.039046645,0.41367567,False
tile_5566.npy,0.020236831,0.0005996657,0.039046645,0.41367567,False
tile_5567.npy,0.020236831,0.0005996657,0.039046645,0.41367567,False
tile_5568.npy,0.020236831,0.0005996657,0.039046645,0.41367567,False
tile_5569.npy,0.020236831,0.0005996657,0.039046645,0.41367567,False
tile_5570.npy,0.020236831,0.0005996657,0.039046645,0.41367567,False
tile_5600.npy,0.020236831,0.0005996657,0.039046645,0.41367567,False
tile_5604.npy,0.020236831,0.0005996657,0.039046645,0.41367567,False
tile_5242.npy,0.020236831,0.0005996657,0.039046645,0.41367567,False
tile_5243.npy,0.020236831,0.0005996657,0.039046645,0.41367567,False
tile_5247.npy,0.020236831,0.0005996657,0.039046645,0.41367567,False
tile_5253.npy,0.020236831,0.0005996657,0.039046645,0.41367567,False
tile_5258.npy,0.020236831,0.0005996657,0.039046645,0.41367567,False
tile_529.npy,0.020236831,0.0005996657,0.039046645,0.41367567,False
tile_5420.npy,0.020236831,0.0005996657,0.039046645,0.41367567,False
tile_5427.npy,0.020236831,0.0005996657,0.039046645,0.41367567,False
tile_544.npy,0.020236831,0.0005996657,0.039046645,0.41367567,False
tile_545.npy,0.020236831,0.0005996657,0.039046645,0.41367567,False
tile_26986.npy,0.020236831,0.0005996657,0.039046645,0.41367567,False
tile_27119.npy,0.020236831,0.0005996657,0.039046645,0.41367567,False
tile_27135.npy,0.020236831,0.0005996657,0.039046645,0.41367567,False
tile_27138.npy,0.020236831,0.0005996657,0.039046645,0.41367567,False
tile_27144.npy,0.020236831,0.0005996657,0.039046645,0.41367567,False
tile_27146.npy,0.020236831,0.0005996657,0.039046645,0.41367567,False
tile_27153.npy,0.020236831,0.0005996657,0.039046645,0.41367567,False
tile_27167.npy,0.020236831,0.0005996657,0.039046645,0.41367567,False
tile_27171.npy,0.020236831,0.0005996657,0.039046645,0.41367567,False
tile_26947.npy,0.020236831,0.0005996657,0.039046645,0.41367567,False
tile_26953.npy,0.020236831,0.0005996657,0.039046645,0.41367567,False
tile_26961.npy,0.020236831,0.0005996657,0.039046645,0.41367567,False
tile_22436.npy,0.020236831,0.0005996657,0.039046645,0.41367567,False
tile_2244.npy,0.020236831,0.0005996657,0.039046645,0.41367567,False
tile_22445.npy,0.020236831,0.0005996657,0.039046645,0.41367567,False
tile_22450.npy,0.020236831,0.0005996657,0.039046645,0.41367567,False
tile_22456.npy,0.020236831,0.0005996657,0.039046645,0.41367567,False
tile_1249.npy,0.020236831,0.0005996657,0.039046645,0.41367567,False
tile_1251.npy,0.020236831,0.0005996657,0.039046645,0.41367567,False
tile_12515.npy,0.020236831,0.0005996657,0.039046645,0.41367567,False
tile_12527.npy,0.020236831,0.0005996657,0.039046645,0.41367567,False
tile_12528.npy,0.020236831,0.0005996657,0.039046645,0.41367567,False
tile_564.npy,0.020236831,0.0005996657,0.039046645,0.41367567,False
tile_568.npy,0.020236831,0.0005996657,0.039046645,0.41367567,False
tile_57.npy,0.020236831,0.0005996657,0.039046645,0.41367567,False
tile_570.npy,0.020236831,0.0005996657,0.039046645,0.41367567,False
tile_572.npy,0.020236831,0.0005996657,0.039046645,0.41367567,False
tile_5735.npy,0.020236831,0.0005996657,0.039046645,0.41367567,False
tile_12189.npy,0.020236831,0.0005996657,0.039046645,0.41367567,False
tile_1221.npy,0.020236831,0.0005996657,0.039046645,0.41367567,False
tile_22263.npy,0.020236831,0.0005996657,0.039046645,0.41367567,False
tile_22267.npy,0.020236831,0.0005996657,0.039046645,0.41367567,False
tile_223.npy,0.020236831,0.0005996657,0.039046645,0.41367567,False
tile_5740.npy,0.020236831,0.0005996657,0.039046645,0.41367567,False
tile_5750.npy,0.020236831,0.0005996657,0.039046645,0.41367567,False
tile_5755.npy,0.020236831,0.0005996657,0.039046645,0.41367567,False
tile_5757.npy,0.020236831,0.0005996657,0.039046645,0.41367567,False
tile_5767.npy,0.020236831,0.0005996657,0.039046645,0.41367567,False
tile_5771.npy,0.020236831,0.0005996657,0.039046645,0.41367567,False
tile_18262.npy,0.020236831,0.0005996657,0.039046645,0.41367567,False
tile_1829.npy,0.020236831,0.0005996657,0.039046645,0.41367567,False
tile_2235.npy,0.020236831,0.0005996657,0.039046645,0.41367567,False
tile_2240.npy,0.020236831,0.0005996657,0.039046645,0.41367567,False
tile_22435.npy,0.020236831,0.0005996657,0.039046645,0.41367567,False
tile_15313.npy,0.020236831,0.0005996657,0.039046645,0.41367567,False
tile_15316.npy,0.020236831,0.0005996657,0.039046645,0.41367567,False
tile_1532.npy,0.020236831,0.0005996657,0.039046645,0.41367567,False
tile_162.npy,0.020236831,0.0005996657,0.039046645,0.41367567,False
tile_25211.npy,0.020236831,0.0005996657,0.039046645,0.41367567,False
tile_25218.npy,0.020236831,0.0005996657,0.039046645,0.41367567,False
tile_25222.npy,0.020236831,0.0005996657,0.039046645,0.41367567,False
tile_26814.npy,0.020236831,0.0005996657,0.039046645,0.41367567,False
tile_26815.npy,0.020236831,0.0005996657,0.039046645,0.41367567,False
tile_26820.npy,0.020236831,0.0005996657,0.039046645,0.41367567,False
tile_26824.npy,0.020236831,0.0005996657,0.039046645,0.41367567,False
tile_588.npy,0.020236831,0.0005996657,0.039046645,0.41367567,False
tile_5886.npy,0.020236831,0.0005996657,0.039046645,0.41367567,False
tile_5887.npy,0.020236831,0.0005996657,0.039046645,0.41367567,False
tile_5907.npy,0.020236831,0.0005996657,0.039046645,0.41367567,False
tile_12188.npy,0.020236831,0.0005996657,0.039046645,0.41367567,False
tile_1824.npy,0.020236831,0.0005996657,0.039046645,0.41367567,False
tile_1826.npy,0.020236831,0.0005996657,0.039046645,0.41367567,False
tile_1228.npy,0.020236831,0.0005996657,0.039046645,0.41367567,False
tile_1234.npy,0.020236831,0.0005996657,0.039046645,0.41367567,False
tile_12358.npy,0.020236831,0.0005996657,0.039046645,0.41367567,False
tile_5913.npy,0.020236831,0.0005996657,0.039046645,0.41367567,False
tile_5917.npy,0.020236831,0.0005996657,0.039046645,0.41367567,False
tile_5919.npy,0.020236831,0.0005996657,0.039046645,0.41367567,False
tile_5937.npy,0.020236831,0.0005996657,0.039046645,0.41367567,False
tile_5938.npy,0.020236831,0.0005996657,0.039046645,0.41367567,False
tile_594.npy,0.020236831,0.0005996657,0.039046645,0.41367567,False
tile_5941.npy,0.020236831,0.0005996657,0.039046645,0.41367567,False
tile_5946.npy,0.020236831,0.0005996657,0.039046645,0.41367567,False
tile_22460.npy,0.020236831,0.0005996657,0.039046645,0.41367567,False
tile_580.npy,0.020236831,0.0005996657,0.039046645,0.41367567,False
tile_585.npy,0.020236831,0.0005996657,0.039046645,0.41367567,False
tile_22086.npy,0.020236831,0.0005996657,0.039046645,0.41367567,False
tile_22095.npy,0.020236831,0.0005996657,0.039046645,0.41367567,False
tile_605.npy,0.020236831,0.0005996657,0.039046645,0.41367567,False
tile_6057.npy,0.020236831,0.0005996657,0.039046645,0.41367567,False
tile_6065.npy,0.020236831,0.0005996657,0.039046645,0.41367567,False
tile_6070.npy,0.020236831,0.0005996657,0.039046645,0.41367567,False
tile_6071.npy,0.020236831,0.0005996657,0.039046645,0.41367567,False
tile_6077.npy,0.020236831,0.0005996657,0.039046645,0.41367567,False
tile_6081.npy,0.020236831,0.0005996657,0.039046645,0.41367567,False
tile_6084.npy,0.020236831,0.0005996657,0.039046645,0.41367567,False
tile_6090.npy,0.020236831,0.0005996657,0.039046645,0.41367567,False
tile_6091.npy,0.020236831,0.0005996657,0.039046645,0.41367567,False
tile_6099.npy,0.020236831,0.0005996657,0.039046645,0.41367567,False
tile_6106.npy,0.020236831,0.0005996657,0.039046645,0.41367567,False
tile_611.npy,0.020236831,0.0005996657,0.039046645,0.41367567,False
tile_6112.npy,0.020236831,0.0005996657,0.039046645,0.41367567,False
tile_6441.npy,0.020236831,0.0005996657,0.039046645,0.41367567,False
tile_6446.npy,0.020236831,0.0005996657,0.039046645,0.41367567,False
tile_12018.npy,0.020236831,0.0005996657,0.039046645,0.41367567,False
tile_12020.npy,0.020236831,0.0005996657,0.039046645,0.41367567,False
tile_12021.npy,0.020236831,0.0005996657,0.039046645,0.41367567,False
tile_21916.npy,0.020236831,0.0005996657,0.039046645,0.41367567,False
tile_21923.npy,0.020236831,0.0005996657,0.039046645,0.41367567,False
tile_21935.npy,0.020236831,0.0005996657,0.039046645,0.41367567,False
tile_6114.npy,0.020236831,0.0005996657,0.039046645,0.41367567,False
tile_616.npy,0.020236831,0.0005996657,0.039046645,0.41367567,False
tile_62.npy,0.020236831,0.0005996657,0.039046645,0.41367567,False
tile_6248.npy,0.020236831,0.0005996657,0.039046645,0.41367567,False
tile_6253.npy,0.020236831,0.0005996657,0.039046645,0.41367567,False
tile_1845.npy,0.020236831,0.0005996657,0.039046645,0.41367567,False
tile_1848.npy,0.020236831,0.0005996657,0.039046645,0.41367567,False
tile_22084.npy,0.020236831,0.0005996657,0.039046645,0.41367567,False
tile_6274.npy,0.020236831,0.0005996657,0.039046645,0.41367567,False
tile_6283.npy,0.020236831,0.0005996657,0.039046645,0.41367567,False
tile_25390.npy,0.020236831,0.0005996657,0.039046645,0.41367567,False
tile_254.npy,0.020236831,0.0005996657,0.039046645,0.41367567,False
tile_2540.npy,0.020236831,0.0005996657,0.039046645,0.41367567,False
tile_25405.npy,0.020236831,0.0005996657,0.039046645,0.41367567,False
tile_25406.npy,0.020236831,0.0005996657,0.039046645,0.41367567,False
tile_25412.npy,0.020236831,0.0005996657,0.039046645,0.41367567,False
tile_25425.npy,0.020236831,0.0005996657,0.039046645,0.41367567,False
tile_25428.npy,0.020236831,0.0005996657,0.039046645,0.41367567,False
tile_2660.npy,0.020236831,0.0005996657,0.039046645,0.41367567,False
tile_2672.npy,0.020236831,0.0005996657,0.039046645,0.41367567,False
tile_15475.npy,0.020236831,0.0005996657,0.039046645,0.41367567,False
tile_6409.npy,0.020236831,0.0005996657,0.039046645,0.41367567,False
tile_6414.npy,0.020236831,0.0005996657,0.039046645,0.41367567,False
tile_6431.npy,0.020236831,0.0005996657,0.039046645,0.41367567,False
tile_6802.npy,0.020236831,0.0005996657,0.039046645,0.41367567,False
tile_2194.npy,0.020236831,0.0005996657,0.039046645,0.41367567,False
tile_1838.npy,0.020236831,0.0005996657,0.039046645,0.41367567,False
tile_1843.npy,0.020236831,0.0005996657,0.039046645,0.41367567,False
tile_18440.npy,0.020236831,0.0005996657,0.039046645,0.41367567,False
tile_18444.npy,0.020236831,0.0005996657,0.039046645,0.41367567,False
tile_1205.npy,0.020236831,0.0005996657,0.039046645,0.41367567,False
tile_121.npy,0.020236831,0.0005996657,0.039046645,0.41367567,False
tile_1213.npy,0.020236831,0.0005996657,0.039046645,0.41367567,False
tile_6456.npy,0.020236831,0.0005996657,0.039046645,0.41367567,False
tile_654.npy,0.020236831,0.0005996657,0.039046645,0.41367567,False
tile_6583.npy,0.020236831,0.0005996657,0.039046645,0.41367567,False
tile_6601.npy,0.020236831,0.0005996657,0.039046645,0.41367567,False
tile_6602.npy,0.020236831,0.0005996657,0.039046645,0.41367567,False
tile_2216.npy,0.020236831,0.0005996657,0.039046645,0.41367567,False
tile_6272.npy,0.020236831,0.0005996657,0.039046645,0.41367567,False
tile_21764.npy,0.020236831,0.0005996657,0.039046645,0.41367567,False
tile_2180.npy,0.020236831,0.0005996657,0.039046645,0.41367567,False
tile_2182.npy,0.020236831,0.0005996657,0.039046645,0.41367567,False
tile_6606.npy,0.020236831,0.0005996657,0.039046645,0.41367567,False
tile_661.npy,0.020236831,0.0005996657,0.039046645,0.41367567,False
tile_6611.npy,0.020236831,0.0005996657,0.039046645,0.41367567,False
tile_6615.npy,0.020236831,0.0005996657,0.039046645,0.41367567,False
tile_6619.npy,0.020236831,0.0005996657,0.039046645,0.41367567,False
tile_6628.npy,0.020236831,0.0005996657,0.039046645,0.41367567,False
tile_6632.npy,0.020236831,0.0005996657,0.039046645,0.41367567,False
tile_672.npy,0.020236831,0.0005996657,0.039046645,0.41367567,False
tile_6762.npy,0.020236831,0.0005996657,0.039046645,0.41367567,False
tile_677.npy,0.020236831,0.0005996657,0.039046645,0.41367567,False
tile_6789.npy,0.020236831,0.0005996657,0.039046645,0.41367567,False
tile_6793.npy,0.020236831,0.0005996657,0.039046645,0.41367567,False
tile_6799.npy,0.020236831,0.0005996657,0.039046645,0.41367567,False
tile_697.npy,0.020236831,0.0005996657,0.039046645,0.41367567,False
tile_6972.npy,0.020236831,0.0005996657,0.039046645,0.41367567,False
tile_6974.npy,0.020236831,0.0005996657,0.039046645,0.41367567,False
tile_6983.npy,0.020236831,0.0005996657,0.039046645,0.41367567,False
tile_6988.npy,0.020236831,0.0005996657,0.039046645,0.41367567,False
tile_18796.npy,0.020236831,0.0005996657,0.039046645,0.41367567,False
tile_18799.npy,0.020236831,0.0005996657,0.039046645,0.41367567,False
tile_6808.npy,0.020236831,0.0005996657,0.039046645,0.41367567,False
tile_6809.npy,0.020236831,0.0005996657,0.039046645,0.41367567,False
tile_686.npy,0.020236831,0.0005996657,0.039046645,0.41367567,False
tile_11838.npy,0.020236831,0.0005996657,0.039046645,0.41367567,False
tile_1188.npy,0.020236831,0.0005996657,0.039046645,0.41367567,False
tile_18616.npy,0.020236831,0.0005996657,0.039046645,0.41367567,False
tile_21738.npy,0.020236831,0.0005996657,0.039046645,0.41367567,False
tile_21745.npy,0.020236831,0.0005996657,0.039046645,0.41367567,False
tile_2175.npy,0.020236831,0.0005996657,0.039046645,0.41367567,False
tile_7105.npy,0.020236831,0.0005996657,0.039046645,0.41367567,False
tile_7109.npy,0.020236831,0.0005996657,0.039046645,0.41367567,False
tile_7138.npy,0.020236831,0.0005996657,0.039046645,0.41367567,False
tile_7142.npy,0.020236831,0.0005996657,0.039046645,0.41367567,False
tile_7143.npy,0.020236831,0.0005996657,0.039046645,0.41367567,False
tile_11823.npy,0.020236831,0.0005996657,0.039046645,0.41367567,False
tile_11645.npy,0.020236831,0.0005996657,0.039046645,0.41367567,False
tile_11646.npy,0.020236831,0.0005996657,0.039046645,0.41367567,False
tile_12002.npy,0.020236831,0.0005996657,0.039046645,0.41367567,False
tile_12006.npy,0.020236831,0.0005996657,0.039046645,0.41367567,False
tile_12008.npy,0.020236831,0.0005996657,0.039046645,0.41367567,False
tile_6930.npy,0.020236831,0.0005996657,0.039046645,0.41367567,False
tile_6953.npy,0.020236831,0.0005996657,0.039046645,0.41367567,False
tile_6958.npy,0.020236831,0.0005996657,0.039046645,0.41367567,False
tile_6961.npy,0.020236831,0.0005996657,0.039046645,0.41367567,False
tile_6967.npy,0.020236831,0.0005996657,0.039046645,0.41367567,False
tile_15481.npy,0.020236831,0.0005996657,0.039046645,0.41367567,False
tile_15486.npy,0.020236831,0.0005996657,0.039046645,0.41367567,False
tile_15492.npy,0.020236831,0.0005996657,0.039046645,0.41367567,False
tile_15493.npy,0.020236831,0.0005996657,0.039046645,0.41367567,False
tile_155.npy,0.020236831,0.0005996657,0.039046645,0.41367567,False
tile_1550.npy,0.020236831,0.0005996657,0.039046645,0.41367567,False
tile_1552.npy,0.020236831,0.0005996657,0.039046645,0.41367567,False
tile_26781.npy,0.020236831,0.0005996657,0.039046645,0.41367567,False
tile_26794.npy,0.020236831,0.0005996657,0.039046645,0.41367567,False
tile_26802.npy,0.020236831,0.0005996657,0.039046645,0.41367567,False
tile_25736.npy,0.020236831,0.0005996657,0.039046645,0.41367567,False
tile_25738.npy,0.020236831,0.0005996657,0.039046645,0.41367567,False
tile_25752.npy,0.020236831,0.0005996657,0.039046645,0.41367567,False
tile_25755.npy,0.020236831,0.0005996657,0.039046645,0.41367567,False
tile_1554.npy,0.020236831,0.0005996657,0.039046645,0.41367567,False
tile_7.npy,0.020236831,0.0005996657,0.039046645,0.41367567,False
tile_21587.npy,0.020236831,0.0005996657,0.039046645,0.41367567,False
tile_21589.npy,0.020236831,0.0005996657,0.039046645,0.41367567,False
tile_11669.npy,0.020236831,0.0005996657,0.039046645,0.41367567,False
tile_7145.npy,0.020236831,0.0005996657,0.039046645,0.41367567,False
tile_7149.npy,0.020236831,0.0005996657,0.039046645,0.41367567,False
tile_722.npy,0.020236831,0.0005996657,0.039046645,0.41367567,False
tile_724.npy,0.020236831,0.0005996657,0.039046645,0.41367567,False
tile_727.npy,0.020236831,0.0005996657,0.039046645,0.41367567,False
tile_7290.npy,0.020236831,0.0005996657,0.039046645,0.41367567,False
tile_7298.npy,0.020236831,0.0005996657,0.039046645,0.41367567,False
tile_7301.npy,0.020236831,0.0005996657,0.039046645,0.41367567,False
tile_731.npy,0.020236831,0.0005996657,0.039046645,0.41367567,False
tile_7317.npy,0.020236831,0.0005996657,0.039046645,0.41367567,False
tile_1880.npy,0.020236831,0.0005996657,0.039046645,0.41367567,False
tile_2171.npy,0.020236831,0.0005996657,0.039046645,0.41367567,False
tile_21737.npy,0.020236831,0.0005996657,0.039046645,0.41367567,False
tile_1145.npy,0.020236831,0.0005996657,0.039046645,0.41367567,False
tile_1146.npy,0.020236831,0.0005996657,0.039046645,0.41367567,False
tile_11488.npy,0.020236831,0.0005996657,0.039046645,0.41367567,False
tile_11490.npy,0.020236831,0.0005996657,0.039046645,0.41367567,False
tile_1906.npy,0.020236831,0.0005996657,0.039046645,0.41367567,False
tile_1907.npy,0.020236831,0.0005996657,0.039046645,0.41367567,False
tile_1909.npy,0.020236831,0.0005996657,0.039046645,0.41367567,False
tile_21407.npy,0.020236831,0.0005996657,0.039046645,0.41367567,False
tile_7329.npy,0.020236831,0.0005996657,0.039046645,0.41367567,False
tile_7466.npy,0.020236831,0.0005996657,0.039046645,0.41367567,False
tile_7473.npy,0.020236831,0.0005996657,0.039046645,0.41367567,False
tile_7475.npy,0.020236831,0.0005996657,0.039046645,0.41367567,False
tile_748.npy,0.020236831,0.0005996657,0.039046645,0.41367567,False
tile_2153.npy,0.020236831,0.0005996657,0.039046645,0.41367567,False
tile_21566.npy,0.020236831,0.0005996657,0.039046645,0.41367567,False
tile_21571.npy,0.020236831,0.0005996657,0.039046645,0.41367567,False
tile_7633.npy,0.020236831,0.0005996657,0.039046645,0.41367567,False
tile_7667.npy,0.020236831,0.0005996657,0.039046645,0.41367567,False
tile_7675.npy,0.020236831,0.0005996657,0.039046645,0.41367567,False
tile_7678.npy,0.020236831,0.0005996657,0.039046645,0.41367567,False
tile_7682.npy,0.020236831,0.0005996657,0.039046645,0.41367567,False
tile_19141.npy,0.020236831,0.0005996657,0.039046645,0.41367567,False
tile_19150.npy,0.020236831,0.0005996657,0.039046645,0.41367567,False
tile_1919.npy,0.020236831,0.0005996657,0.039046645,0.41367567,False
tile_18794.npy,0.020236831,0.0005996657,0.039046645,0.41367567,False
tile_7483.npy,0.020236831,0.0005996657,0.039046645,0.41367567,False
tile_7487.npy,0.020236831,0.0005996657,0.039046645,0.41367567,False
tile_7497.npy,0.020236831,0.0005996657,0.039046645,0.41367567,False
tile_75.npy,0.020236831,0.0005996657,0.039046645,0.41367567,False
tile_7504.npy,0.020236831,0.0005996657,0.039046645,0.41367567,False
tile_7507.npy,0.020236831,0.0005996657,0.039046645,0.41367567,False
tile_7508.npy,0.020236831,0.0005996657,0.039046645,0.41367567,False
tile_2149.npy,0.020236831,0.0005996657,0.039046645,0.41367567,False
tile_1563.npy,0.020236831,0.0005996657,0.039046645,0.41367567,False
tile_1565.npy,0.020236831,0.0005996657,0.039046645,0.41367567,False
tile_2647.npy,0.020236831,0.0005996657,0.039046645,0.41367567,False
tile_26473.npy,0.020236831,0.0005996657,0.039046645,0.41367567,False
tile_2649.npy,0.020236831,0.0005996657,0.039046645,0.41367567,False
tile_2658.npy,0.020236831,0.0005996657,0.039046645,0.41367567,False
tile_25558.npy,0.020236831,0.0005996657,0.039046645,0.41367567,False
tile_16.npy,0.020236831,0.0005996657,0.039046645,0.41367567,False
tile_1603.npy,0.020236831,0.0005996657,0.039046645,0.41367567,False
tile_1613.npy,0.020236831,0.0005996657,0.039046645,0.41367567,False
tile_2636.npy,0.020236831,0.0005996657,0.039046645,0.41367567,False
tile_26426.npy,0.020236831,0.0005996657,0.039046645,0.41367567,False
tile_26435.npy,0.020236831,0.0005996657,0.039046645,0.41367567,False
tile_26451.npy,0.020236831,0.0005996657,0.039046645,0.41367567,False
tile_26453.npy,0.020236831,0.0005996657,0.039046645,0.41367567,False
tile_19486.npy,0.020236831,0.0005996657,0.039046645,0.41367567,False
tile_1951.npy,0.020236831,0.0005996657,0.039046645,0.41367567,False
tile_19320.npy,0.020236831,0.0005996657,0.039046645,0.41367567,False
tile_21234.npy,0.020236831,0.0005996657,0.039046645,0.41367567,False
tile_2125.npy,0.020236831,0.0005996657,0.039046645,0.41367567,False
tile_2135.npy,0.020236831,0.0005996657,0.039046645,0.41367567,False
tile_21404.npy,0.020236831,0.0005996657,0.039046645,0.41367567,False
tile_1900.npy,0.020236831,0.0005996657,0.039046645,0.41367567,False
tile_1136.npy,0.020236831,0.0005996657,0.039046645,0.41367567,False
tile_1138.npy,0.020236831,0.0005996657,0.039046645,0.41367567,False
tile_777.npy,0.020236831,0.0005996657,0.039046645,0.41367567,False
tile_7826.npy,0.020236831,0.0005996657,0.039046645,0.41367567,False
tile_7841.npy,0.020236831,0.0005996657,0.039046645,0.41367567,False
tile_787.npy,0.020236831,0.0005996657,0.039046645,0.41367567,False
tile_789.npy,0.020236831,0.0005996657,0.039046645,0.41367567,False
tile_1118.npy,0.020236831,0.0005996657,0.039046645,0.41367567,False
tile_11123.npy,0.020236831,0.0005996657,0.039046645,0.41367567,False
tile_21.npy,0.020236831,0.0005996657,0.039046645,0.41367567,False
tile_2105.npy,0.020236831,0.0005996657,0.039046645,0.41367567,False
tile_21060.npy,0.020236831,0.0005996657,0.039046645,0.41367567,False
tile_1937.npy,0.020236831,0.0005996657,0.039046645,0.41367567,False
tile_1119.npy,0.020236831,0.0005996657,0.039046645,0.41367567,False
tile_1120.npy,0.020236831,0.0005996657,0.039046645,0.41367567,False
tile_11294.npy,0.020236831,0.0005996657,0.039046645,0.41367567,False
tile_1130.npy,0.020236831,0.0005996657,0.039046645,0.41367567,False
tile_11307.npy,0.020236831,0.0005996657,0.039046645,0.41367567,False
tile_1132.npy,0.020236831,0.0005996657,0.039046645,0.41367567,False
tile_7991.npy,0.020236831,0.0005996657,0.039046645,0.41367567,False
tile_8013.npy,0.020236831,0.0005996657,0.039046645,0.41367567,False
tile_8028.npy,0.020236831,0.0005996657,0.039046645,0.41367567,False
tile_8029.npy,0.020236831,0.0005996657,0.039046645,0.41367567,False
tile_804.npy,0.020236831,0.0005996657,0.039046645,0.41367567,False
tile_835.npy,0.020236831,0.0005996657,0.039046645,0.41367567,False
tile_8374.npy,0.020236831,0.0005996657,0.039046645,0.41367567,False
tile_845.npy,0.020236831,0.0005996657,0.039046645,0.41367567,False
tile_848.npy,0.020236831,0.0005996657,0.039046645,0.41367567,False
tile_8524.npy,0.020236831,0.0005996657,0.039046645,0.41367567,False
tile_8535.npy,0.020236831,0.0005996657,0.039046645,0.41367567,False
tile_8539.npy,0.020236831,0.0005996657,0.039046645,0.41367567,False
tile_1933.npy,0.020236831,0.0005996657,0.039046645,0.41367567,False
tile_2111.npy,0.020236831,0.0005996657,0.039046645,0.41367567,False
tile_2112.npy,0.020236831,0.0005996657,0.039046645,0.41367567,False
tile_811.npy,0.020236831,0.0005996657,0.039046645,0.41367567,False
tile_8157.npy,0.020236831,0.0005996657,0.039046645,0.41367567,False
tile_8162.npy,0.020236831,0.0005996657,0.039046645,0.41367567,False
tile_8184.npy,0.020236831,0.0005996657,0.039046645,0.41367567,False
tile_8202.npy,0.020236831,0.0005996657,0.039046645,0.41367567,False
tile_821.npy,0.020236831,0.0005996657,0.039046645,0.41367567,False
tile_1092.npy,0.020236831,0.0005996657,0.039046645,0.41367567,False
tile_1094.npy,0.020236831,0.0005996657,0.039046645,0.41367567,False
tile_10946.npy,0.020236831,0.0005996657,0.039046645,0.41367567,False
tile_10958.npy,0.020236831,0.0005996657,0.039046645,0.41367567,False
tile_10959.npy,0.020236831,0.0005996657,0.039046645,0.41367567,False
tile_10969.npy,0.020236831,0.0005996657,0.039046645,0.41367567,False
tile_1097.npy,0.020236831,0.0005996657,0.039046645,0.41367567,False
tile_10970.npy,0.020236831,0.0005996657,0.039046645,0.41367567,False
tile_866.npy,0.020236831,0.0005996657,0.039046645,0.41367567,False
tile_1940.npy,0.020236831,0.0005996657,0.039046645,0.41367567,False
tile_1945.npy,0.020236831,0.0005996657,0.039046645,0.41367567,False
tile_11125.npy,0.020236831,0.0005996657,0.039046645,0.41367567,False
tile_11126.npy,0.020236831,0.0005996657,0.039046645,0.41367567,False
tile_11136.npy,0.020236831,0.0005996657,0.039046645,0.41367567,False
tile_11151.npy,0.020236831,0.0005996657,0.039046645,0.41367567,False
tile_8349.npy,0.020236831,0.0005996657,0.039046645,0.41367567,False
tile_26253.npy,0.020236831,0.0005996657,0.039046645,0.41367567,False
tile_26260.npy,0.020236831,0.0005996657,0.039046645,0.41367567,False
tile_26263.npy,0.020236831,0.0005996657,0.039046645,0.41367567,False
tile_8718.npy,0.020236831,0.0005996657,0.039046645,0.41367567,False
tile_10787.npy,0.020236831,0.0005996657,0.039046645,0.41367567,False
tile_10791.npy,0.020236831,0.0005996657,0.039046645,0.41367567,False
tile_10794.npy,0.020236831,0.0005996657,0.039046645,0.41367567,False
tile_19657.npy,0.020236831,0.0005996657,0.039046645,0.41367567,False
tile_19659.npy,0.020236831,0.0005996657,0.039046645,0.41367567,False
tile_2083.npy,0.020236831,0.0005996657,0.039046645,0.41367567,False
tile_20871.npy,0.020236831,0.0005996657,0.039046645,0.41367567,False
tile_20874.npy,0.020236831,0.0005996657,0.039046645,0.41367567,False
tile_8545.npy,0.020236831,0.0005996657,0.039046645,0.41367567,False
tile_8548.npy,0.020236831,0.0005996657,0.039046645,0.41367567,False
tile_8549.npy,0.020236831,0.0005996657,0.039046645,0.41367567,False
tile_857.npy,0.020236831,0.0005996657,0.039046645,0.41367567,False
tile_8684.npy,0.020236831,0.0005996657,0.039046645,0.41367567,False
tile_8690.npy,0.020236831,0.0005996657,0.039046645,0.41367567,False
tile_8703.npy,0.020236831,0.0005996657,0.039046645,0.41367567,False
tile_871.npy,0.020236831,0.0005996657,0.039046645,0.41367567,False
tile_26458.npy,0.020236831,0.0005996657,0.039046645,0.41367567,False
tile_26459.npy,0.020236831,0.0005996657,0.039046645,0.41367567,False
tile_26460.npy,0.020236831,0.0005996657,0.039046645,0.41367567,False
tile_26469.npy,0.020236831,0.0005996657,0.039046645,0.41367567,False
tile_16172.npy,0.020236831,0.0005996657,0.039046645,0.41367567,False
tile_16177.npy,0.020236831,0.0005996657,0.039046645,0.41367567,False
tile_16181.npy,0.020236831,0.0005996657,0.039046645,0.41367567,False
tile_25567.npy,0.020236831,0.0005996657,0.039046645,0.41367567,False
tile_25587.npy,0.020236831,0.0005996657,0.039046645,0.41367567,False
tile_25592.npy,0.020236831,0.0005996657,0.039046645,0.41367567,False
tile_25596.npy,0.020236831,0.0005996657,0.039046645,0.41367567,False
tile_15829.npy,0.020236831,0.0005996657,0.039046645,0.41367567,False
tile_9069.npy,0.020236831,0.0005996657,0.039046645,0.41367567,False
tile_912.npy,0.020236831,0.0005996657,0.039046645,0.41367567,False
tile_918.npy,0.020236831,0.0005996657,0.039046645,0.41367567,False
tile_92.npy,0.020236831,0.0005996657,0.039046645,0.41367567,False
tile_2095.npy,0.020236831,0.0005996657,0.039046645,0.41367567,False
tile_19833.npy,0.020236831,0.0005996657,0.039046645,0.41367567,False
tile_19843.npy,0.020236831,0.0005996657,0.039046645,0.41367567,False
tile_20703.npy,0.020236831,0.0005996657,0.039046645,0.41367567,False
tile_2078.npy,0.020236831,0.0005996657,0.039046645,0.41367567,False
tile_1953.npy,0.020236831,0.0005996657,0.039046645,0.41367567,False
tile_1082.npy,0.020236831,0.0005996657,0.039046645,0.41367567,False
tile_880.npy,0.020236831,0.0005996657,0.039046645,0.41367567,False
tile_8854.npy,0.020236831,0.0005996657,0.039046645,0.41367567,False
tile_886.npy,0.020236831,0.0005996657,0.039046645,0.41367567,False
tile_89.npy,0.020236831,0.0005996657,0.039046645,0.41367567,False
tile_894.npy,0.020236831,0.0005996657,0.039046645,0.41367567,False
tile_26283.npy,0.020236831,0.0005996657,0.039046645,0.41367567,False
tile_26287.npy,0.020236831,0.0005996657,0.039046645,0.41367567,False
tile_26293.npy,0.020236831,0.0005996657,0.039046645,0.41367567,False
tile_26294.npy,0.020236831,0.0005996657,0.039046645,0.41367567,False
tile_26297.npy,0.020236831,0.0005996657,0.039046645,0.41367567,False
tile_26299.npy,0.020236831,0.0005996657,0.039046645,0.41367567,False
tile_1571.npy,0.020236831,0.0005996657,0.039046645,0.41367567,False
tile_1581.npy,0.020236831,0.0005996657,0.039046645,0.41367567,False
tile_15824.npy,0.020236831,0.0005996657,0.039046645,0.41367567,False
tile_25920.npy,0.020236831,0.0005996657,0.039046645,0.41367567,False
tile_25938.npy,0.020236831,0.0005996657,0.039046645,0.41367567,False
tile_25948.npy,0.020236831,0.0005996657,0.039046645,0.41367567,False
tile_1075.npy,0.020236831,0.0005996657,0.039046645,0.41367567,False
tile_1076.npy,0.020236831,0.0005996657,0.039046645,0.41367567,False
tile_10782.npy,0.020236831,0.0005996657,0.039046645,0.41367567,False
tile_9066.npy,0.020236831,0.0005996657,0.039046645,0.41367567,False
tile_934.npy,0.020236831,0.0005996657,0.039046645,0.41367567,False
tile_936.npy,0.020236831,0.0005996657,0.039046645,0.41367567,False
tile_9209.npy,0.020236831,0.0005996657,0.039046645,0.41367567,False
tile_9210.npy,0.020236831,0.0005996657,0.039046645,0.41367567,False
tile_9214.npy,0.020236831,0.0005996657,0.039046645,0.41367567,False
tile_9218.npy,0.020236831,0.0005996657,0.039046645,0.41367567,False
tile_9219.npy,0.020236831,0.0005996657,0.039046645,0.41367567,False
tile_9226.npy,0.020236831,0.0005996657,0.039046645,0.41367567,False
tile_9228.npy,0.020236831,0.0005996657,0.039046645,0.41367567,False
tile_2.npy,0.020236831,0.0005996657,0.039046645,0.41367567,False
tile_2054.npy,0.020236831,0.0005996657,0.039046645,0.41367567,False
tile_2063.npy,0.020236831,0.0005996657,0.039046645,0.41367567,False
tile_20695.npy,0.020236831,0.0005996657,0.039046645,0.41367567,False
tile_20701.npy,0.020236831,0.0005996657,0.039046645,0.41367567,False
tile_9052.npy,0.020236831,0.0005996657,0.039046645,0.41367567,False
tile_9054.npy,0.020236831,0.0005996657,0.039046645,0.41367567,False
tile_2003.npy,0.020236831,0.0005996657,0.039046645,0.41367567,False
tile_2005.npy,0.020236831,0.0005996657,0.039046645,0.41367567,False
tile_2006.npy,0.020236831,0.0005996657,0.039046645,0.41367567,False
tile_2046.npy,0.020236831,0.0005996657,0.039046645,0.41367567,False
tile_205.npy,0.020236831,0.0005996657,0.039046645,0.41367567,False
tile_2050.npy,0.020236831,0.0005996657,0.039046645,0.41367567,False
tile_1974.npy,0.020236831,0.0005996657,0.039046645,0.41367567,False
tile_9235.npy,0.020236831,0.0005996657,0.039046645,0.41367567,False
tile_9242.npy,0.020236831,0.0005996657,0.039046645,0.41367567,False
tile_93.npy,0.020236831,0.0005996657,0.039046645,0.41367567,False
tile_1047.npy,0.020236831,0.0005996657,0.039046645,0.41367567,False
tile_1051.npy,0.020236831,0.0005996657,0.039046645,0.41367567,False
tile_1059.npy,0.020236831,0.0005996657,0.039046645,0.41367567,False
tile_10613.npy,0.020236831,0.0005996657,0.039046645,0.41367567,False
tile_10615.npy,0.020236831,0.0005996657,0.039046645,0.41367567,False
tile_10625.npy,0.020236831,0.0005996657,0.039046645,0.41367567,False
tile_20173.npy,0.020236831,0.0005996657,0.039046645,0.41367567,False
tile_20180.npy,0.020236831,0.0005996657,0.039046645,0.41367567,False
tile_20188.npy,0.020236831,0.0005996657,0.039046645,0.41367567,False
tile_20196.npy,0.020236831,0.0005996657,0.039046645,0.41367567,False
tile_2023.npy,0.020236831,0.0005996657,0.039046645,0.41367567,False
tile_9563.npy,0.020236831,0.0005996657,0.039046645,0.41367567,False
tile_9581.npy,0.020236831,0.0005996657,0.039046645,0.41367567,False
tile_9587.npy,0.020236831,0.0005996657,0.039046645,0.41367567,False
tile_10258.npy,0.020236831,0.0005996657,0.039046645,0.41367567,False
tile_10265.npy,0.020236831,0.0005996657,0.039046645,0.41367567,False
tile_10271.npy,0.020236831,0.0005996657,0.039046645,0.41367567,False
tile_10274.npy,0.020236831,0.0005996657,0.039046645,0.41367567,False
tile_10282.npy,0.020236831,0.0005996657,0.039046645,0.41367567,False
tile_1034.npy,0.020236831,0.0005996657,0.039046645,0.41367567,False
tile_10082.npy,0.020236831,0.0005996657,0.039046645,0.41367567,False
tile_9377.npy,0.020236831,0.0005996657,0.039046645,0.41367567,False
tile_25915.npy,0.020236831,0.0005996657,0.039046645,0.41367567,False
tile_20357.npy,0.020236831,0.0005996657,0.039046645,0.41367567,False
tile_2000.npy,0.020236831,0.0005996657,0.039046645,0.41367567,False
tile_20018.npy,0.020236831,0.0005996657,0.039046645,0.41367567,False
tile_10435.npy,0.020236831,0.0005996657,0.039046645,0.41367567,False
tile_1023.npy,0.020236831,0.0005996657,0.039046645,0.41367567,False
tile_20539.npy,0.020236831,0.0005996657,0.039046645,0.41367567,False
tile_954.npy,0.020236831,0.0005996657,0.039046645,0.41367567,False
tile_9562.npy,0.020236831,0.0005996657,0.039046645,0.41367567,False
tile_1592.npy,0.020236831,0.0005996657,0.039046645,0.41367567,False
tile_1593.npy,0.020236831,0.0005996657,0.039046645,0.41367567,False
tile_1595.npy,0.020236831,0.0005996657,0.039046645,0.41367567,False
tile_25913.npy,0.020236831,0.0005996657,0.039046645,0.41367567,False
tile_10076.npy,0.020236831,0.0005996657,0.039046645,0.41367567,False
tile_10072.npy,0.020236831,0.0005996657,0.039046645,0.41367567,False
tile_10249.npy,0.020236831,0.0005996657,0.039046645,0.41367567,False
