Filename,Anomaly_Score,MSE,SSIM_Delta,Is_Anomaly
tile_9474.npy,0.41344595,0.03981238,0.7870795,True
tile_9125.npy,0.40999162,0.04289771,0.77708554,True
tile_10496.npy,0.40884042,0.040241215,0.7774396,True
tile_8753.npy,0.4064825,0.036337085,0.7766279,True
tile_9969.npy,0.40328288,0.03265723,0.77390856,True
tile_8752.npy,0.40184182,0.03668308,0.76700056,True
tile_13111.npy,0.40133843,0.037337735,0.76533914,True
tile_5638.npy,0.40120077,0.037459254,0.7649423,True
tile_8431.npy,0.4000979,0.033385158,0.76681066,True
tile_11715.npy,0.399352,0.03094581,0.7677582,True
tile_8056.npy,0.39828977,0.030554522,0.766025,True
tile_9470.npy,0.39734936,0.030099062,0.7645997,True
tile_12063.npy,0.3967186,0.035745196,0.757692,True
tile_10826.npy,0.39641276,0.030713681,0.76211184,True
tile_9096.npy,0.3948933,0.028078318,0.76170826,True
tile_6854.npy,0.39486495,0.028076965,0.76165295,True
tile_9780.npy,0.39434242,0.031089596,0.75759524,True
tile_9484.npy,0.3942802,0.029482236,0.75907815,True
tile_5300.npy,0.39421993,0.02613318,0.7623067,True
tile_6861.npy,0.39396232,0.032308012,0.75561666,True
tile_4776.npy,0.39381203,0.027621198,0.76000285,True
tile_8401.npy,0.39335188,0.030173715,0.75653005,True
tile_11725.npy,0.39319268,0.02821704,0.75816834,True
tile_8256.npy,0.39302108,0.031186042,0.7548561,True
tile_8779.npy,0.39253882,0.03261125,0.7524664,True
tile_9644.npy,0.392342,0.031569656,0.75311434,True
tile_12938.npy,0.39190468,0.031529132,0.75228024,True
tile_9128.npy,0.3916338,0.033918872,0.74934876,True
tile_4952.npy,0.39158323,0.026515951,0.7566505,True
tile_11712.npy,0.3910699,0.031933565,0.75020623,True
tile_5114.npy,0.3910156,0.033219125,0.7488121,True
tile_9625.npy,0.3908911,0.033314884,0.7484673,True
tile_8084.npy,0.39017123,0.031169433,0.74917305,True
tile_20780.npy,0.39011988,0.038470086,0.7417697,True
tile_9619.npy,0.38993356,0.02792225,0.75194484,True
tile_10303.npy,0.389835,0.03162244,0.7480476,True
tile_10145.npy,0.3897682,0.030553052,0.7489834,True
tile_8576.npy,0.38958183,0.029431146,0.7497325,True
tile_4957.npy,0.38941762,0.024789218,0.754046,True
tile_8083.npy,0.3890316,0.03336559,0.7446976,True
tile_7733.npy,0.38889772,0.03123999,0.74655545,True
tile_12926.npy,0.38889036,0.027695213,0.7500855,True
tile_8956.npy,0.38886076,0.03490937,0.74281216,True
tile_4770.npy,0.38880676,0.029502656,0.7481109,True
tile_8757.npy,0.38880256,0.031207627,0.7463975,True
tile_9267.npy,0.38846585,0.025674557,0.7512571,True
tile_8075.npy,0.3881435,0.032197777,0.74408925,True
tile_5631.npy,0.387966,0.029031351,0.7469007,True
tile_4771.npy,0.38789487,0.028000478,0.74778926,True
tile_10344.npy,0.3878909,0.03473613,0.74104565,True
tile_9445.npy,0.3874768,0.028661031,0.7462926,True
tile_8925.npy,0.3872291,0.030035954,0.74442226,True
tile_11723.npy,0.38714644,0.028729029,0.74556386,True
tile_5467.npy,0.3870012,0.030071225,0.7439312,True
tile_9431.npy,0.3868947,0.03372267,0.74006677,True
tile_11535.npy,0.38686728,0.032117724,0.74161685,True
tile_6330.npy,0.38676938,0.02955316,0.7439856,True
tile_6845.npy,0.3866925,0.024654076,0.7487309,True
tile_11384.npy,0.38662603,0.02805357,0.7451985,True
tile_5983.npy,0.3865678,0.035157487,0.7379781,True
tile_6873.npy,0.38638362,0.025597043,0.7471702,True
tile_8945.npy,0.3859455,0.02904459,0.7428464,True
tile_13968.npy,0.385751,0.028807655,0.7426944,True
tile_7039.npy,0.38574135,0.028441679,0.74304104,True
tile_9477.npy,0.38571635,0.03169787,0.7397348,True
tile_11366.npy,0.3856742,0.031411808,0.7399366,True
tile_8917.npy,0.38555428,0.025651816,0.74545676,True
tile_12057.npy,0.3853885,0.031291604,0.7394854,True
tile_7211.npy,0.38497174,0.030937582,0.7390059,True
tile_7552.npy,0.3849395,0.029329157,0.7405498,True
tile_5117.npy,0.3848805,0.029718693,0.7400423,True
tile_11382.npy,0.38484487,0.031189738,0.7385,True
tile_5131.npy,0.3848089,0.026465803,0.74315196,True
tile_5641.npy,0.38442242,0.029152032,0.7396928,True
tile_9977.npy,0.3841108,0.030519614,0.737702,True
tile_5124.npy,0.38400364,0.026701927,0.74130535,True
tile_9271.npy,0.38396868,0.028941523,0.73899585,True
tile_11373.npy,0.38380736,0.028117735,0.739497,True
tile_11526.npy,0.38377792,0.025819153,0.74173665,True
tile_8435.npy,0.3837094,0.031052634,0.73636615,True
tile_11195.npy,0.3835685,0.033408746,0.73372823,True
tile_7203.npy,0.38338542,0.031474337,0.7352965,True
tile_5472.npy,0.38334945,0.026967682,0.7397312,True
tile_11361.npy,0.38328606,0.029476862,0.73709524,True
tile_10326.npy,0.38325146,0.03301864,0.73348427,True
tile_5816.npy,0.38319156,0.030978398,0.73540473,True
tile_9642.npy,0.38312832,0.026939778,0.7393169,True
tile_8096.npy,0.38308924,0.029678758,0.7364997,True
tile_7223.npy,0.38280994,0.025014412,0.7406055,True
tile_10173.npy,0.38280788,0.035279557,0.7303362,True
tile_9315.npy,0.38268593,0.029339127,0.7360327,True
tile_27039.npy,0.38252312,0.039112553,0.7259337,True
tile_9265.npy,0.38239223,0.02791407,0.7368704,True
tile_5459.npy,0.381702,0.029588545,0.7338155,True
tile_5646.npy,0.38146073,0.029156052,0.7337654,True
tile_12399.npy,0.38079408,0.025592208,0.73599595,True
tile_9105.npy,0.38047987,0.03224826,0.7287115,True
tile_9084.npy,0.38040194,0.023384985,0.7374189,True
tile_12401.npy,0.38008878,0.024956781,0.7352208,True
tile_8228.npy,0.38008565,0.0298667,0.7303046,True
tile_9613.npy,0.37981522,0.027674314,0.7319561,True
tile_11706.npy,0.37977776,0.02580959,0.73374593,False
tile_5994.npy,0.37959665,0.029690888,0.72950244,False
tile_5480.npy,0.3794414,0.026304245,0.7325786,False
tile_13620.npy,0.3791125,0.031181645,0.7270434,False
tile_12402.npy,0.37890014,0.027178254,0.73062205,False
tile_13969.npy,0.37878707,0.027912792,0.72966135,False
tile_11551.npy,0.3787317,0.029594833,0.72786856,False
tile_10838.npy,0.37856126,0.02990946,0.7272131,False
tile_10134.npy,0.3785315,0.028096672,0.7289663,False
tile_5127.npy,0.37847662,0.026850197,0.730103,False
tile_9971.npy,0.37839326,0.032810017,0.7239765,False
tile_7221.npy,0.3783588,0.027346408,0.7293712,False
tile_8919.npy,0.37825537,0.026695615,0.7298151,False
tile_8618.npy,0.37818617,0.027191889,0.72918046,False
tile_10832.npy,0.37771034,0.024702264,0.73071843,False
tile_5629.npy,0.37766328,0.028695878,0.7266307,False
tile_8617.npy,0.37746254,0.026648708,0.7282764,False
tile_10304.npy,0.3772831,0.026766518,0.72779965,False
tile_12055.npy,0.37711912,0.02833901,0.7258992,False
tile_10664.npy,0.37695098,0.031219954,0.722682,False
tile_9433.npy,0.37625796,0.0242601,0.7282558,False
tile_11377.npy,0.3762322,0.03018355,0.72228086,False
tile_10830.npy,0.3760514,0.027319867,0.72478294,False
tile_9632.npy,0.37565142,0.03167989,0.71962297,False
tile_7047.npy,0.37522393,0.027370857,0.723077,False
tile_7394.npy,0.37506127,0.028771745,0.7213508,False
tile_8399.npy,0.3750463,0.021771535,0.7283211,False
tile_8396.npy,0.37502408,0.02810157,0.7219466,False
tile_12572.npy,0.37501445,0.026457826,0.72357106,False
tile_5132.npy,0.37450427,0.025400039,0.7236085,False
tile_11702.npy,0.37442872,0.023496587,0.7253609,False
tile_8568.npy,0.3742945,0.028417857,0.7201711,False
tile_6340.npy,0.37415466,0.029433094,0.71887624,False
tile_9094.npy,0.3736415,0.028280275,0.7190027,False
tile_11528.npy,0.37312287,0.027249418,0.71899635,False
tile_6519.npy,0.3731191,0.025304258,0.7209339,False
tile_6692.npy,0.37281555,0.026735064,0.71889603,False
tile_5996.npy,0.37227368,0.026560117,0.71798724,False
tile_9615.npy,0.37214363,0.027694829,0.71659243,False
tile_11036.npy,0.37170798,0.027603056,0.7158129,False
tile_9961.npy,0.3713025,0.028733445,0.71387154,False
tile_6527.npy,0.37065744,0.028511664,0.71280324,False
tile_5990.npy,0.36940005,0.031006534,0.7077936,False
tile_11008.npy,0.36921367,0.02767427,0.7107531,False
tile_10131.npy,0.3691937,0.024964768,0.71342266,False
tile_16612.npy,0.36737677,0.024471333,0.7102822,False
tile_16090.npy,0.36592448,0.023739547,0.7081094,False
tile_19879.npy,0.3652306,0.01993354,0.71052766,False
tile_19194.npy,0.36498746,0.024942122,0.7050328,False
tile_19191.npy,0.36484164,0.022244636,0.70743865,False
tile_15556.npy,0.36467156,0.023701103,0.705642,False
tile_16437.npy,0.36351436,0.023824519,0.7032042,False
tile_18576.npy,0.36326545,0.0242764,0.70225453,False
tile_14684.npy,0.3632426,0.022269607,0.7042156,False
tile_15560.npy,0.36199033,0.021482121,0.70249856,False
tile_6518.npy,0.36198512,0.025380904,0.6985893,False
tile_20600.npy,0.3618952,0.024559734,0.6992307,False
tile_13970.npy,0.36076662,0.030299362,0.6912339,False
tile_20588.npy,0.36069745,0.016768435,0.70462644,False
tile_13878.npy,0.36022535,0.015853848,0.7045969,False
tile_15029.npy,0.3597437,0.026306573,0.69318086,False
tile_8574.npy,0.3596652,0.02163824,0.69769216,False
tile_15380.npy,0.35951507,0.02651954,0.6925106,False
tile_8419.npy,0.35936165,0.021051072,0.69767225,False
tile_20778.npy,0.3592663,0.022222439,0.69631016,False
tile_8595.npy,0.35925835,0.02106545,0.69745123,False
tile_9660.npy,0.3588885,0.018704925,0.69907206,False
tile_18205.npy,0.3587625,0.016699085,0.7008259,False
tile_14858.npy,0.35840884,0.020804416,0.6960133,False
tile_19725.npy,0.3581449,0.02205139,0.6942384,False
tile_12991.npy,0.35792437,0.021229949,0.6946188,False
tile_21459.npy,0.35777378,0.025321944,0.6902256,False
tile_15745.npy,0.35757968,0.0211425,0.6940169,False
tile_17132.npy,0.35744634,0.019434765,0.69545794,False
tile_17656.npy,0.35714158,0.01649208,0.6977911,False
tile_14853.npy,0.35706192,0.023047697,0.69107616,False
tile_15717.npy,0.35699338,0.0225259,0.69146085,False
tile_10686.npy,0.35687315,0.019568428,0.69417787,False
tile_7713.npy,0.35675946,0.018040719,0.6954782,False
tile_16966.npy,0.35668835,0.022501037,0.69087565,False
tile_18857.npy,0.3566574,0.015816387,0.6974984,False
tile_19209.npy,0.35656545,0.023051258,0.6900796,False
tile_20255.npy,0.35642803,0.02098355,0.6918725,False
tile_16087.npy,0.35628048,0.025199983,0.68736094,False
tile_19902.npy,0.35602865,0.019356487,0.6927008,False
tile_7876.npy,0.3558514,0.018918306,0.69278455,False
tile_10331.npy,0.35577214,0.019901233,0.69164306,False
tile_15393.npy,0.3557529,0.020076526,0.69142926,False
tile_14162.npy,0.35554937,0.018541638,0.6925571,False
tile_8062.npy,0.3554002,0.01986171,0.6909387,False
tile_19894.npy,0.35538897,0.02016288,0.69061506,False
tile_21302.npy,0.3553172,0.021768097,0.6888663,False
tile_18330.npy,0.3552903,0.022579301,0.6880013,False
tile_23037.npy,0.35526568,0.01609172,0.69443965,False
tile_18321.npy,0.35504237,0.018727103,0.6913576,False
tile_11026.npy,0.3549555,0.023310494,0.6866005,False
tile_7225.npy,0.35464832,0.0220495,0.68724716,False
tile_20245.npy,0.3542362,0.021147352,0.687325,False
tile_8593.npy,0.35421023,0.01935975,0.6890607,False
tile_18222.npy,0.35380605,0.022641234,0.68497086,False
tile_20579.npy,0.35367784,0.023498397,0.68385726,False
tile_7192.npy,0.35357782,0.019631045,0.6875246,False
tile_8069.npy,0.3535622,0.020428546,0.6866959,False
tile_15206.npy,0.3535358,0.021341,0.6857306,False
tile_19897.npy,0.35336766,0.022322439,0.6844129,False
tile_9812.npy,0.35329583,0.020170126,0.6864215,False
tile_7895.npy,0.35325685,0.016913936,0.68959975,False
tile_7888.npy,0.35311982,0.018085394,0.6881542,False
tile_13855.npy,0.35300905,0.018267876,0.6877502,False
tile_12802.npy,0.35287207,0.017391536,0.6883526,False
tile_15567.npy,0.35279137,0.020850684,0.6847321,False
tile_8766.npy,0.35269508,0.0200611,0.6853291,False
tile_16431.npy,0.35257176,0.021913249,0.6832303,False
tile_19715.npy,0.35237882,0.017395688,0.68736196,False
tile_13511.npy,0.3523124,0.016778098,0.68784666,False
tile_8942.npy,0.35207185,0.016538952,0.6876047,False
tile_20773.npy,0.35200542,0.01955914,0.6844517,False
tile_19890.npy,0.35198888,0.017324768,0.686653,False
tile_20952.npy,0.35188466,0.021870349,0.68189895,False
tile_16772.npy,0.3517722,0.017414857,0.6861295,False
tile_19532.npy,0.35165077,0.018888097,0.68441343,False
tile_14168.npy,0.35154706,0.01755678,0.68553734,False
tile_20072.npy,0.35131866,0.020896291,0.681741,False
tile_19892.npy,0.35131037,0.019167785,0.68345296,False
tile_12462.npy,0.35122114,0.014415284,0.688027,False
tile_17487.npy,0.35106876,0.022591664,0.6795459,False
tile_16445.npy,0.35078615,0.018782368,0.6827899,False
tile_15747.npy,0.35065377,0.019529242,0.6817783,False
tile_21111.npy,0.35061407,0.017143723,0.6840844,False
tile_19195.npy,0.35043147,0.020061657,0.6808013,False
tile_17875.npy,0.35039976,0.01680427,0.68399525,False
tile_18702.npy,0.35035944,0.018159486,0.6825594,False
tile_24506.npy,0.35025972,0.028647646,0.6718718,False
tile_12283.npy,0.3502586,0.021320436,0.6791967,False
tile_22855.npy,0.35003832,0.018114276,0.6819624,False
tile_6491.npy,0.3499317,0.017537918,0.6823255,False
tile_21996.npy,0.34992746,0.017368857,0.68248606,False
tile_9985.npy,0.34982625,0.018781602,0.6808709,False
tile_19705.npy,0.34947732,0.020343877,0.67861074,False
tile_21124.npy,0.34942955,0.022056064,0.67680305,False
tile_19384.npy,0.34935862,0.017143158,0.6815741,False
tile_20057.npy,0.34924293,0.015607861,0.682878,False
tile_5281.npy,0.34910113,0.0154245235,0.6827777,False
tile_23029.npy,0.3490257,0.017191231,0.68086016,False
tile_19020.npy,0.34887642,0.023429893,0.67432296,False
tile_18402.npy,0.34887326,0.01935937,0.67838717,False
tile_14517.npy,0.34876177,0.019598464,0.67792505,False
tile_15209.npy,0.3485926,0.01880078,0.6783844,False
tile_11030.npy,0.3485488,0.02065064,0.676447,False
tile_19380.npy,0.3485343,0.019176364,0.6778922,False
tile_23379.npy,0.34851387,0.016212145,0.6808156,False
tile_13502.npy,0.34848312,0.020700645,0.6762656,False
tile_14403.npy,0.34817076,0.01823438,0.67810714,False
tile_19707.npy,0.34814495,0.015222285,0.6810676,False
tile_13499.npy,0.348054,0.018385984,0.677722,False
tile_18046.npy,0.3479814,0.018351443,0.67761135,False
tile_18579.npy,0.34796003,0.01933176,0.6765883,False
tile_15565.npy,0.34779197,0.019180067,0.6764039,False
tile_15578.npy,0.34778932,0.020288449,0.67529017,False
tile_8420.npy,0.34768084,0.017949294,0.6774124,False
tile_17869.npy,0.3474535,0.014563994,0.68034303,False
tile_21112.npy,0.34731796,0.019637272,0.67499864,False
tile_7193.npy,0.34711537,0.021461071,0.67276967,False
tile_11586.npy,0.34709138,0.019041222,0.6751415,False
tile_15023.npy,0.34700626,0.019598085,0.67441446,False
tile_20422.npy,0.34700182,0.020492127,0.6735115,False
tile_15460.npy,0.34694317,0.017304126,0.6765822,False
tile_20246.npy,0.3468817,0.020173315,0.67359006,False
tile_13644.npy,0.3468508,0.018694147,0.67500746,False
tile_19188.npy,0.3467798,0.019201236,0.67435837,False
tile_18351.npy,0.3467202,0.01634092,0.67709947,False
tile_19029.npy,0.3467112,0.021018827,0.6724036,False
tile_14751.npy,0.34664002,0.016320359,0.6769597,False
tile_21097.npy,0.3466167,0.017944718,0.6752887,False
tile_15544.npy,0.34660214,0.018599506,0.6746048,False
tile_13116.npy,0.3465004,0.017598141,0.67540264,False
tile_14513.npy,0.34633574,0.017474573,0.6751969,False
tile_17476.npy,0.34600538,0.018049354,0.6739614,False
tile_8067.npy,0.34600097,0.016975153,0.6750268,False
tile_12778.npy,0.3459266,0.019520834,0.6723324,False
tile_17369.npy,0.3458331,0.019383349,0.6722828,False
tile_14003.npy,0.34575748,0.0155375935,0.67597735,False
tile_15050.npy,0.34569982,0.02005668,0.67134297,False
tile_8587.npy,0.3456841,0.019050391,0.6723178,False
tile_14700.npy,0.34566662,0.016894884,0.67443836,False
tile_14761.npy,0.345627,0.019903926,0.6713501,False
tile_20069.npy,0.34561357,0.018259583,0.67296755,False
tile_20933.npy,0.34557107,0.018126275,0.6730159,False
tile_13820.npy,0.3455318,0.016889028,0.67417455,False
tile_13810.npy,0.34552488,0.018623026,0.6724267,False
tile_16954.npy,0.345488,0.020344656,0.67063135,False
tile_14345.npy,0.3454732,0.01639906,0.6745473,False
tile_12601.npy,0.34545916,0.016386773,0.6745316,False
tile_17698.npy,0.34538868,0.016699798,0.6740776,False
tile_18504.npy,0.34525728,0.019042004,0.67147255,False
tile_17477.npy,0.34502187,0.018555356,0.6714884,False
tile_12637.npy,0.34492975,0.017942205,0.6719173,False
tile_15228.npy,0.34488663,0.019036543,0.67073673,False
tile_23209.npy,0.3448452,0.017616186,0.6720742,False
tile_19198.npy,0.344698,0.020975493,0.66842055,False
tile_12842.npy,0.3446036,0.016247775,0.67295945,False
tile_15108.npy,0.34459722,0.018661046,0.6705334,False
tile_17478.npy,0.34455124,0.01737326,0.6717292,False
tile_11238.npy,0.3445346,0.019084517,0.6699847,False
tile_17690.npy,0.34453186,0.016460048,0.67260367,False
tile_18006.npy,0.34447974,0.016962547,0.67199695,False
tile_13504.npy,0.34447384,0.01714256,0.67180514,False
tile_19539.npy,0.34442335,0.018977512,0.6698692,False
tile_14336.npy,0.34440938,0.016786542,0.67203224,False
tile_20086.npy,0.34439495,0.018513724,0.67027617,False
tile_23729.npy,0.34433517,0.016601019,0.6720693,False
tile_23382.npy,0.34426647,0.016594902,0.67193806,False
tile_22518.npy,0.34399536,0.01896616,0.6690246,False
tile_18404.npy,0.3439826,0.018499415,0.6694658,False
tile_14373.npy,0.3439445,0.01852203,0.66936696,False
tile_20239.npy,0.3439338,0.01873475,0.6691328,False
tile_14180.npy,0.3437127,0.014159466,0.67326593,False
tile_13679.npy,0.3436746,0.019947393,0.6674018,False
tile_18913.npy,0.34367043,0.014736282,0.67260456,False
tile_18027.npy,0.34366924,0.017189007,0.67014945,False
tile_13808.npy,0.34353307,0.018483542,0.6685826,False
tile_12108.npy,0.3434794,0.016374141,0.6705847,False
tile_14712.npy,0.34332237,0.019947162,0.66669756,False
tile_20411.npy,0.3432844,0.019130303,0.6674385,False
tile_21293.npy,0.3432762,0.02030694,0.66624546,False
tile_14584.npy,0.34311187,0.015841113,0.6703826,False
tile_9987.npy,0.343045,0.019990873,0.66609913,False
tile_20136.npy,0.342916,0.019486437,0.6663456,False
tile_19555.npy,0.3428126,0.018280413,0.6673448,False
tile_13297.npy,0.34277713,0.017064016,0.66849023,False
tile_18053.npy,0.3427602,0.01678428,0.6687361,False
tile_21104.npy,0.34274408,0.016597822,0.66889036,False
tile_21113.npy,0.3427056,0.017611125,0.66780007,False
tile_14154.npy,0.3426119,0.019227713,0.66599613,False
tile_14692.npy,0.3424564,0.01682141,0.6680914,False
tile_12952.npy,0.34243718,0.019487757,0.6653866,False
tile_18397.npy,0.34242532,0.018564746,0.6662859,False
tile_23906.npy,0.34241745,0.015139662,0.66969526,False
tile_19734.npy,0.34241566,0.020203415,0.6646279,False
tile_15286.npy,0.34238437,0.016868267,0.66790044,False
tile_21450.npy,0.34236974,0.014679526,0.6700599,False
tile_13288.npy,0.34229687,0.01981521,0.66477853,False
tile_13647.npy,0.3422451,0.017856548,0.66663367,False
tile_20758.npy,0.34223968,0.019624706,0.66485465,False
tile_19361.npy,0.34214243,0.01707453,0.66721034,False
tile_11788.npy,0.3421168,0.017672226,0.66656137,False
tile_13120.npy,0.3418213,0.017534126,0.6661085,False
tile_19620.npy,0.34169322,0.018538743,0.66484773,False
tile_17338.npy,0.341677,0.017374273,0.66597974,False
tile_13671.npy,0.3416581,0.019628476,0.6636877,False
tile_14528.npy,0.34159696,0.01728478,0.6659092,False
tile_13531.npy,0.34155616,0.015595742,0.6675166,False
tile_14181.npy,0.34154284,0.016149297,0.6669364,False
tile_15897.npy,0.34152427,0.018793853,0.66425467,False
tile_13886.npy,0.34151375,0.014261572,0.66876596,False
tile_16640.npy,0.34146118,0.012350294,0.67057204,False
tile_19094.npy,0.34136975,0.017432764,0.66530675,False
tile_13971.npy,0.34103578,0.015750308,0.6663213,False
tile_13127.npy,0.34096217,0.017551512,0.66437286,False
tile_18333.npy,0.34091517,0.019921862,0.6619085,False
tile_17523.npy,0.34083053,0.01866213,0.6629989,False
tile_21452.npy,0.34074938,0.01882112,0.66267765,False
tile_18527.npy,0.34073347,0.019868366,0.66159856,False
tile_15577.npy,0.34064513,0.01660193,0.66468835,False
tile_20313.npy,0.34063727,0.015275262,0.6659993,False
tile_11967.npy,0.3406208,0.015976904,0.66526467,False
tile_13463.npy,0.34061444,0.018943287,0.66228557,False
tile_16244.npy,0.34060505,0.01865173,0.6625584,False
tile_19079.npy,0.34057963,0.0155210495,0.6656382,False
tile_21466.npy,0.34047124,0.02048652,0.66045594,False
tile_18036.npy,0.34044752,0.018920865,0.6619742,False
tile_19265.npy,0.34031272,0.018436307,0.6621891,False
tile_17460.npy,0.34031022,0.016618766,0.66400164,False
tile_15400.npy,0.34026906,0.017825209,0.66271293,False
tile_11601.npy,0.3402605,0.017028356,0.6634927,False
tile_14374.npy,0.3402593,0.018182624,0.662336,False
tile_22681.npy,0.34025183,0.016073186,0.6644305,False
tile_16843.npy,0.34018198,0.010251611,0.6701124,False
tile_18549.npy,0.34006038,0.013232518,0.66688824,False
tile_18232.npy,0.3400042,0.019701384,0.66030705,False
tile_21805.npy,0.33994564,0.01770551,0.6621858,False
tile_19365.npy,0.3399238,0.018524151,0.6613234,False
tile_16930.npy,0.33981746,0.016416425,0.6632185,False
tile_26501.npy,0.33978814,0.023136627,0.65643966,False
tile_14414.npy,0.33976528,0.015366393,0.6641642,False
tile_12945.npy,0.33967376,0.015597811,0.6637497,False
tile_18231.npy,0.33960137,0.015948396,0.6632543,False
tile_14022.npy,0.33952755,0.017631317,0.6614238,False
tile_19090.npy,0.3394424,0.017501641,0.66138315,False
tile_14716.npy,0.3394208,0.015949372,0.6628922,False
tile_18056.npy,0.33940378,0.016787492,0.6620201,False
tile_13115.npy,0.3393309,0.015477493,0.66318434,False
tile_15981.npy,0.3392829,0.018012583,0.6605532,False
tile_13853.npy,0.3392015,0.017908338,0.6604947,False
tile_17678.npy,0.33911222,0.016677726,0.6615467,False
tile_13648.npy,0.33910155,0.017165488,0.6610376,False
tile_11594.npy,0.33900887,0.014858105,0.6631596,False
tile_20478.npy,0.33898145,0.017979862,0.65998304,False
tile_12944.npy,0.33895198,0.017676082,0.6602279,False
tile_14192.npy,0.33887917,0.016415456,0.66134286,False
tile_14720.npy,0.33881533,0.016867844,0.66076285,False
tile_16414.npy,0.33880258,0.013586901,0.6640183,False
tile_22158.npy,0.33865303,0.018234039,0.65907204,False
tile_11595.npy,0.33846486,0.012759908,0.6641698,False
tile_13513.npy,0.3380359,0.017453348,0.65861845,False
tile_21454.npy,0.3380341,0.017200483,0.6588677,False
tile_14007.npy,0.33799928,0.017330417,0.65866816,False
tile_14236.npy,0.33794132,0.016318548,0.6595641,False
tile_12994.npy,0.3378686,0.018522227,0.657215,False
tile_20261.npy,0.3378608,0.019948382,0.6557732,False
tile_4252.npy,0.33779863,0.016603502,0.6589937,False
tile_11414.npy,0.3377898,0.015024989,0.66055465,False
tile_15763.npy,0.33769587,0.014486763,0.66090494,False
tile_14558.npy,0.33768994,0.016925074,0.6584548,False
tile_12463.npy,0.33759928,0.016158529,0.65904003,False
tile_15240.npy,0.33759218,0.016113691,0.6590707,False
tile_12599.npy,0.33756164,0.018566098,0.6565572,False
tile_15891.npy,0.33753577,0.016303126,0.6587684,False
tile_15953.npy,0.3375342,0.015442193,0.6596262,False
tile_22333.npy,0.33750248,0.016877731,0.65812725,False
tile_15287.npy,0.3374699,0.018036537,0.65690327,False
tile_19777.npy,0.3374058,0.013246322,0.6615653,False
tile_13118.npy,0.33735564,0.01706684,0.65764445,False
tile_20922.npy,0.3370115,0.015243417,0.65877956,False
tile_12124.npy,0.33696973,0.016922582,0.6570169,False
tile_14896.npy,0.3367531,0.016248863,0.6572573,False
tile_18739.npy,0.3367197,0.015508477,0.6579309,False
tile_11264.npy,0.33668193,0.014305072,0.6590588,False
tile_16768.npy,0.336549,0.012868587,0.66022944,False
tile_18350.npy,0.33654532,0.015788825,0.6573018,False
tile_12668.npy,0.33651936,0.011930402,0.6611083,False
tile_14547.npy,0.3364266,0.018892769,0.6539604,False
tile_15792.npy,0.3362673,0.01634731,0.6561873,False
tile_13989.npy,0.33618122,0.016950373,0.6554121,False
tile_10750.npy,0.33616638,0.019404415,0.65292835,False
tile_17185.npy,0.33603245,0.014273391,0.6577915,False
tile_17197.npy,0.33596167,0.014558279,0.6573651,False
tile_18164.npy,0.3358122,0.016194714,0.6554297,False
tile_19420.npy,0.33577764,0.014667612,0.65688765,False
tile_14353.npy,0.3357679,0.015950996,0.6555848,False
tile_13472.npy,0.3357461,0.01538191,0.6561103,False
tile_19918.npy,0.33568344,0.016215157,0.6551517,False
tile_16495.npy,0.33568016,0.012491183,0.65886915,False
tile_12670.npy,0.33563712,0.014913603,0.6563606,False
tile_11090.npy,0.33563465,0.015837971,0.65543133,False
tile_12660.npy,0.3356173,0.017848678,0.65338594,False
tile_17624.npy,0.33552852,0.016883902,0.65417314,False
tile_21274.npy,0.33544633,0.017469361,0.6534233,False
tile_12943.npy,0.33542058,0.016345805,0.65449536,False
tile_16676.npy,0.3353891,0.015440188,0.65533805,False
tile_13535.npy,0.3352389,0.01775846,0.6527193,False
tile_14218.npy,0.33500755,0.017371912,0.6526432,False
tile_12947.npy,0.33498,0.01614169,0.6538183,False
tile_16810.npy,0.3349771,0.016736288,0.6532179,False
tile_22685.npy,0.33491138,0.016701186,0.6531216,False
tile_16848.npy,0.3348919,0.015847955,0.6539358,False
tile_16989.npy,0.3348885,0.012165317,0.65761167,False
tile_18546.npy,0.33484733,0.016155262,0.6535394,False
tile_12635.npy,0.3347604,0.016364448,0.65315634,False
tile_11961.npy,0.334723,0.01676187,0.65268415,False
tile_12659.npy,0.3347157,0.01406023,0.6553711,False
tile_18729.npy,0.33457464,0.016689718,0.65245956,False
tile_21280.npy,0.3345196,0.015113907,0.6539253,False
tile_20486.npy,0.3344858,0.016348913,0.6526227,False
tile_12634.npy,0.33426106,0.015858628,0.65266347,False
tile_16316.npy,0.33425084,0.016358435,0.65214324,False
tile_17645.npy,0.33424893,0.012459219,0.65603864,False
tile_20488.npy,0.33422247,0.017029611,0.65141535,False
tile_19247.npy,0.33421946,0.013696426,0.6547425,False
tile_14352.npy,0.33421105,0.014261074,0.65416104,False
tile_14909.npy,0.33409786,0.013192524,0.6550032,False
tile_14040.npy,0.33405408,0.013959877,0.6541483,False
tile_20572.npy,0.33401898,0.016040167,0.6519978,False
tile_17286.npy,0.33379492,0.013908935,0.6536809,False
tile_19945.npy,0.33377427,0.012724915,0.6548236,False
tile_12485.npy,0.3337466,0.0113871675,0.65610605,False
tile_20229.npy,0.33366334,0.015765766,0.6515609,False
tile_11791.npy,0.333562,0.012605136,0.65451884,False
tile_13016.npy,0.33354318,0.017761678,0.6493247,False
tile_17343.npy,0.3334968,0.014325354,0.65266824,False
tile_11976.npy,0.33349314,0.012934733,0.65405154,False
tile_17192.npy,0.333481,0.0143693695,0.65259266,False
tile_13026.npy,0.3334333,0.013400242,0.65346634,False
tile_17182.npy,0.3333421,0.015658198,0.651026,False
tile_10392.npy,0.33317092,0.015580683,0.6507612,False
tile_12768.npy,0.3330773,0.014825113,0.6513295,False
tile_13349.npy,0.3329661,0.013292674,0.6526395,False
tile_13549.npy,0.33293396,0.012484179,0.65338373,False
tile_13645.npy,0.33281934,0.016140677,0.649498,False
tile_11415.npy,0.33274725,0.014359307,0.6511352,False
tile_16502.npy,0.33274004,0.014561801,0.6509183,False
tile_16240.npy,0.33273348,0.014645995,0.650821,False
tile_13373.npy,0.33268556,0.013758137,0.651613,False
tile_12316.npy,0.33257005,0.0165536,0.6485865,False
tile_19783.npy,0.3325019,0.014363127,0.65064067,False
tile_20930.npy,0.33224812,0.017488267,0.647008,False
tile_16503.npy,0.3322476,0.0120379105,0.6524573,False
tile_11237.npy,0.33211628,0.016753707,0.6474788,False
tile_11968.npy,0.33204904,0.012658158,0.6514399,False
tile_17676.npy,0.3319624,0.015318185,0.6486066,False
tile_11071.npy,0.33187613,0.012072589,0.6516797,False
tile_13475.npy,0.33181927,0.015873633,0.6477649,False
tile_16466.npy,0.331798,0.012888288,0.65070766,False
tile_11073.npy,0.33175102,0.012861563,0.6506405,False
tile_16491.npy,0.33170885,0.012430742,0.65098697,False
tile_14004.npy,0.33164886,0.016943658,0.6463541,False
tile_15444.npy,0.33159694,0.017229721,0.64596415,False
tile_15568.npy,0.3315614,0.017340435,0.64578235,False
tile_15071.npy,0.33155933,0.015966495,0.6471522,False
tile_20826.npy,0.3315432,0.016612835,0.6464736,False
tile_13366.npy,0.33146667,0.013120571,0.64981276,False
tile_17368.npy,0.33130822,0.014616639,0.64799976,False
tile_12473.npy,0.33125344,0.015345617,0.64716125,False
tile_12677.npy,0.33101436,0.014605157,0.64742357,False
tile_16122.npy,0.3309827,0.016936578,0.6450288,False
tile_15801.npy,0.3309363,0.015132339,0.64674026,False
tile_20138.npy,0.33093357,0.016787738,0.6450794,False
tile_19429.npy,0.33091995,0.017221281,0.64461863,False
tile_11069.npy,0.33068308,0.015496543,0.6458696,False
tile_15269.npy,0.33064416,0.013169208,0.6481191,False
tile_13019.npy,0.33061656,0.017245293,0.64398783,False
tile_13199.npy,0.3302241,0.014502432,0.6459458,False
tile_16648.npy,0.33008525,0.015668094,0.6445024,False
tile_18872.npy,0.329915,0.0143675525,0.6454624,False
tile_18555.npy,0.32991102,0.01585896,0.6439631,False
tile_19251.npy,0.3299055,0.015510283,0.64430076,False
tile_18918.npy,0.32965285,0.017664902,0.6416408,False
tile_18837.npy,0.32953146,0.01371216,0.64535075,False
tile_16291.npy,0.32947478,0.014198025,0.64475155,False
tile_13867.npy,0.32934982,0.014524355,0.6441753,False
tile_20957.npy,0.32906532,0.015451547,0.6426791,False
tile_13528.npy,0.32889897,0.016713403,0.64108455,False
tile_16410.npy,0.32878765,0.015235979,0.64233935,False
tile_11442.npy,0.32873893,0.012665253,0.6448126,False
tile_15247.npy,0.32871,0.01515299,0.642267,False
tile_17346.npy,0.32858065,0.015480042,0.64168125,False
tile_15956.npy,0.3284226,0.012899992,0.6439452,False
tile_17366.npy,0.32835189,0.0134160165,0.6432878,False
tile_12247.npy,0.3283271,0.012565799,0.6440884,False
tile_11265.npy,0.32832542,0.015373183,0.6412777,False
tile_14222.npy,0.3283094,0.012031266,0.6445875,False
tile_19419.npy,0.328264,0.013780851,0.64274716,False
tile_19044.npy,0.32820064,0.014787335,0.64161396,False
tile_15583.npy,0.3281566,0.016381282,0.6399319,False
tile_13202.npy,0.3279262,0.014844073,0.6410083,False
tile_11625.npy,0.3278766,0.01266261,0.6430906,False
tile_16653.npy,0.3277716,0.01100339,0.64453983,False
tile_13345.npy,0.32769004,0.012207198,0.64317286,False
tile_15425.npy,0.32766378,0.012437709,0.64288986,False
tile_18336.npy,0.3275821,0.013543222,0.64162093,False
tile_11776.npy,0.32757586,0.016700033,0.6384517,False
tile_18516.npy,0.32753065,0.013742982,0.6413183,False
tile_13171.npy,0.32725483,0.012000041,0.64250964,False
tile_16830.npy,0.32699564,0.01299911,0.64099216,False
tile_17360.npy,0.32694545,0.011800094,0.6420908,False
tile_17367.npy,0.32685342,0.012551247,0.6411556,False
tile_18346.npy,0.3268225,0.010908283,0.6427367,False
tile_11253.npy,0.32677108,0.015674077,0.6378681,False
tile_13492.npy,0.32670358,0.020056508,0.6333507,False
tile_17295.npy,0.3266701,0.011492604,0.6418476,False
tile_17288.npy,0.32661703,0.011274627,0.6419594,False
tile_16288.npy,0.32659712,0.014442736,0.6387515,False
tile_18693.npy,0.32654616,0.013015334,0.640077,False
tile_16639.npy,0.32651287,0.010345307,0.64268047,False
tile_16824.npy,0.32622543,0.011750492,0.64070034,False
tile_10891.npy,0.3260424,0.013389304,0.63869554,False
tile_17623.npy,0.32561615,0.014911812,0.6363205,False
tile_12680.npy,0.32543498,0.014572842,0.6362971,False
tile_17115.npy,0.32531786,0.015533574,0.63510215,False
tile_17807.npy,0.32524222,0.014650578,0.63583386,False
tile_16126.npy,0.32503995,0.0125164315,0.63756347,False
tile_16131.npy,0.32485187,0.014417405,0.63528633,False
tile_17340.npy,0.3245962,0.012670095,0.6365223,False
tile_15970.npy,0.32441616,0.014689685,0.63414264,False
tile_16287.npy,0.32426572,0.013369251,0.6351622,False
tile_15438.npy,0.3237344,0.01217285,0.6352959,False
tile_18865.npy,0.32372424,0.015593597,0.6318549,False
tile_16411.npy,0.3237098,0.0132989455,0.63412064,False
tile_15968.npy,0.32367042,0.011738937,0.6356019,False
tile_16835.npy,0.3236665,0.011641834,0.63569117,False
tile_18866.npy,0.3236142,0.01659276,0.6306357,False
tile_17276.npy,0.3236014,0.013010776,0.634192,False
tile_12475.npy,0.32357854,0.014520925,0.63263613,False
tile_16578.npy,0.3234901,0.018532693,0.62844753,False
tile_16996.npy,0.323263,0.010655662,0.63587034,False
tile_14567.npy,0.32298136,0.015050915,0.6309118,False
tile_11447.npy,0.32288918,0.011651319,0.634127,False
tile_20300.npy,0.32282013,0.014436409,0.63120383,False
tile_15617.npy,0.32271808,0.011258226,0.6341779,False
tile_16991.npy,0.32244682,0.012365661,0.632528,False
tile_18521.npy,0.32243705,0.011784442,0.63308966,False
tile_12651.npy,0.3222816,0.014428586,0.6301346,False
tile_14213.npy,0.3216733,0.013668355,0.62967825,False
tile_14904.npy,0.32157117,0.0108795315,0.6322628,False
tile_12303.npy,0.32132366,0.010838196,0.6318091,False
tile_16469.npy,0.32110178,0.010768922,0.6314346,False
tile_12831.npy,0.32109332,0.012701962,0.62948465,False
tile_13003.npy,0.32102254,0.0135158375,0.62852925,False
tile_15715.npy,0.3209866,0.012812719,0.62916046,False
tile_10547.npy,0.32079268,0.013899452,0.6276859,False
tile_11971.npy,0.3203168,0.014192149,0.6264414,False
tile_16468.npy,0.32024717,0.013703493,0.6267909,False
tile_17013.npy,0.3202078,0.010419127,0.6299965,False
tile_16929.npy,0.3194901,0.012612674,0.6263675,False
tile_19243.npy,0.31946906,0.01365293,0.6252852,False
tile_15785.npy,0.3192441,0.010291075,0.6281971,False
tile_17462.npy,0.3188341,0.011593413,0.6260748,False
tile_16417.npy,0.31826377,0.011824289,0.6247032,False
tile_18412.npy,0.31809646,0.012430814,0.62376213,False
tile_15056.npy,0.31698987,0.012037437,0.6219423,False
tile_7923.npy,0.31495196,0.013403803,0.61650014,False
tile_18170.npy,0.31449986,0.01262093,0.6163788,False
tile_8218.npy,0.31432608,0.008224497,0.62042767,False
tile_16839.npy,0.31407893,0.011397449,0.61676043,False
tile_16303.npy,0.3140653,0.009736103,0.6183945,False
tile_20297.npy,0.313875,0.010078991,0.617671,False
tile_12681.npy,0.3137883,0.012695815,0.6148808,False
tile_16938.npy,0.31258312,0.012326075,0.6128402,False
tile_16480.npy,0.31241104,0.013071869,0.6117502,False
tile_18530.npy,0.3119499,0.010994087,0.61290574,False
tile_15888.npy,0.3110062,0.007725588,0.6142868,False
tile_23733.npy,0.31091553,0.011774177,0.6100569,False
tile_16308.npy,0.30946836,0.011635335,0.60730135,False
tile_10904.npy,0.30927435,0.009397349,0.60915136,False
tile_13248.npy,0.3086534,0.010578049,0.6067288,False
tile_15809.npy,0.30843452,0.00947293,0.6073961,False
tile_28623.npy,0.3082773,0.012725247,0.6038294,False
tile_15261.npy,0.3079211,0.011444835,0.6043974,False
tile_10519.npy,0.30708227,0.009866567,0.60429794,False
tile_17102.npy,0.3067341,0.009986334,0.6034819,False
tile_9868.npy,0.30662155,0.012093788,0.6011493,False
tile_17328.npy,0.30569988,0.008332512,0.6030673,False
tile_24417.npy,0.3055502,0.010990096,0.6001103,False
tile_21666.npy,0.3046726,0.011788109,0.59755707,False
tile_25991.npy,0.30399358,0.008570894,0.59941626,False
tile_29645.npy,0.30386728,0.0134471655,0.5942874,False
tile_17545.npy,0.3034506,0.00813253,0.5987687,False
tile_10715.npy,0.3033944,0.0070906226,0.5996982,False
tile_29145.npy,0.30335447,0.010594825,0.5961141,False
tile_13800.npy,0.3033328,0.009280626,0.597385,False
tile_23361.npy,0.3028086,0.00952707,0.59609014,False
tile_24461.npy,0.30242273,0.0104724355,0.59437305,False
tile_23201.npy,0.30199328,0.00799123,0.5959953,False
tile_24957.npy,0.30067354,0.0101621235,0.591185,False
tile_27771.npy,0.29858357,0.009264448,0.58790267,False
tile_23560.npy,0.2980291,0.008142141,0.5879161,False
tile_12154.npy,0.29798383,0.0060545,0.58991313,False
tile_15360.npy,0.29779103,0.008094246,0.5874878,False
tile_10218.npy,0.29748464,0.007306618,0.58766264,False
tile_7000.npy,0.2974469,0.009437415,0.5854564,False
tile_24476.npy,0.29699925,0.007243069,0.5867554,False
tile_19795.npy,0.2964862,0.007592221,0.5853802,False
tile_22674.npy,0.29607415,0.0070828963,0.5850654,False
tile_26012.npy,0.29586,0.00819304,0.58352697,False
tile_9846.npy,0.2958508,0.006962075,0.58473957,False
tile_10706.npy,0.29581255,0.0075012264,0.58412385,False
tile_7244.npy,0.2957873,0.0074340985,0.58414054,False
tile_13074.npy,0.29564327,0.007894161,0.5833924,False
tile_27555.npy,0.2954227,0.009172782,0.5816726,False
tile_18413.npy,0.2946073,0.00787488,0.5813397,False
tile_28972.npy,0.29449624,0.008926075,0.5800664,False
tile_23169.npy,0.29438454,0.0063708266,0.58239824,False
tile_22717.npy,0.29408497,0.007985955,0.580184,False
tile_8633.npy,0.2939627,0.008646754,0.57927865,False
tile_30704.npy,0.2935411,0.007884663,0.5791975,False
tile_11348.npy,0.29331967,0.006696815,0.5799425,False
tile_24076.npy,0.2932419,0.0077818157,0.578702,False
tile_18704.npy,0.29288265,0.0065754224,0.5791899,False
tile_25621.npy,0.2926008,0.0066008437,0.57860076,False
tile_27018.npy,0.29229677,0.00797036,0.5766232,False
tile_11930.npy,0.29204983,0.006572634,0.57752705,False
tile_13784.npy,0.29124516,0.006105536,0.5763848,False
tile_29825.npy,0.29096845,0.0074967593,0.5744401,False
tile_23003.npy,0.29093274,0.0065503893,0.5753151,False
tile_23601.npy,0.29074463,0.008157578,0.5733317,False
tile_15507.npy,0.29032016,0.005350365,0.57528996,False
tile_11746.npy,0.29002154,0.006701741,0.5733413,False
tile_28502.npy,0.28997436,0.0010525278,0.5788962,False
tile_27395.npy,0.28990337,0.00593488,0.57387185,False
tile_5623.npy,0.28988078,0.006086453,0.5736751,False
tile_28821.npy,0.28974918,0.0078117535,0.5716866,False
tile_20115.npy,0.2897229,0.0068964628,0.57254934,False
tile_10879.npy,0.289518,0.007930147,0.57110584,False
tile_24046.npy,0.2892773,0.006913637,0.5716409,False
tile_29503.npy,0.2890496,0.0070436373,0.57105553,False
tile_18706.npy,0.28878593,0.006270652,0.5713012,False
tile_21139.npy,0.2885329,0.0066870237,0.5703788,False
tile_21478.npy,0.2885082,0.005818892,0.5711975,False
tile_29660.npy,0.28839874,0.005485151,0.5713123,False
tile_28094.npy,0.2883175,0.005729459,0.57090557,False
tile_22524.npy,0.28802377,0.0067515657,0.569296,False
tile_19982.npy,0.2879627,0.0041901628,0.57173526,False
tile_22212.npy,0.2878797,0.006432036,0.56932735,False
tile_9497.npy,0.2878224,0.0071704364,0.56847435,False
tile_22916.npy,0.28778782,0.0071401284,0.56843555,False
tile_13138.npy,0.2877729,0.006951995,0.5685938,False
tile_9334.npy,0.287644,0.0060929847,0.56919503,False
tile_18991.npy,0.28753844,0.0070405602,0.5680363,False
tile_8101.npy,0.28710264,0.0062726857,0.5679326,False
tile_24597.npy,0.28686726,0.0077054715,0.5660291,False
tile_22357.npy,0.28674722,0.0069504078,0.56654406,False
tile_25275.npy,0.2866902,0.0070213424,0.56635904,False
tile_26338.npy,0.286482,0.005516834,0.5674472,False
tile_16103.npy,0.28644887,0.008611335,0.5642864,False
tile_21685.npy,0.28628984,0.0069218324,0.56565785,False
tile_4594.npy,0.28615516,0.004989999,0.56732035,False
tile_3572.npy,0.28589904,0.00672748,0.5650706,False
tile_20118.npy,0.2856221,0.0065478673,0.5646963,False
tile_7277.npy,0.28559393,0.002183225,0.56900465,False
tile_25132.npy,0.28541133,0.0061450712,0.5646776,False
tile_7580.npy,0.28532454,0.0056281295,0.565021,False
tile_23192.npy,0.28525117,0.0058531277,0.5646492,False
tile_13484.npy,0.2852221,0.006506677,0.56393754,False
tile_26007.npy,0.2851434,0.0048754043,0.5654114,False
tile_24123.npy,0.28508583,0.004835247,0.5653364,False
tile_20451.npy,0.28501514,0.0069667455,0.5630635,False
tile_13974.npy,0.28499427,0.006719474,0.5632691,False
tile_28286.npy,0.28481808,0.005867286,0.56376886,False
tile_18194.npy,0.28470892,0.0041756495,0.5652422,False
tile_16281.npy,0.2846762,0.006926302,0.5624261,False
tile_18934.npy,0.28450662,0.006525251,0.56248796,False
tile_21838.npy,0.2844744,0.006442222,0.56250656,False
tile_17902.npy,0.2844243,0.005124403,0.5637242,False
tile_27428.npy,0.28432813,0.006319711,0.56233656,False
tile_24408.npy,0.28418937,0.0062195905,0.5621592,False
tile_15879.npy,0.28411156,0.0063709226,0.5618522,False
tile_16568.npy,0.28410974,0.005230668,0.5629888,False
tile_26739.npy,0.2841061,0.0060319565,0.5621803,False
tile_25810.npy,0.28405777,0.0059455773,0.56216997,False
tile_14422.npy,0.2839342,0.005436367,0.56243205,False
tile_24254.npy,0.2837926,0.0049902718,0.5625949,False
tile_24430.npy,0.28378013,0.0050752526,0.562485,False
tile_22021.npy,0.2837043,0.0057124766,0.5616962,False
tile_24316.npy,0.28358942,0.006826736,0.5603521,False
tile_26367.npy,0.28352395,0.0059318873,0.561116,False
tile_20283.npy,0.28348246,0.0052948687,0.56167006,False
tile_25310.npy,0.28329438,0.005080596,0.5615082,False
tile_10588.npy,0.28292802,0.006067701,0.55978835,False
tile_25532.npy,0.2828765,0.0048699155,0.56088305,False
tile_22761.npy,0.28285804,0.0058736107,0.55984247,False
tile_7578.npy,0.28279078,0.004354829,0.5612267,False
tile_6718.npy,0.2827843,0.0055546295,0.560014,False
tile_23436.npy,0.2827832,0.0052481694,0.56031823,False
tile_16456.npy,0.2827482,0.0054156147,0.56008077,False
tile_20437.npy,0.28270078,0.005245952,0.56015563,False
tile_24922.npy,0.282689,0.005427205,0.5599508,False
tile_23370.npy,0.28265074,0.004724103,0.5605774,False
tile_22868.npy,0.28262687,0.0050839484,0.5601698,False
tile_21527.npy,0.28255433,0.006058257,0.5590504,False
tile_20814.npy,0.2825319,0.0050147427,0.56004906,False
tile_24055.npy,0.28248763,0.0046552503,0.56032,False
tile_30369.npy,0.2824816,0.0052639656,0.55969924,False
tile_16384.npy,0.28247035,0.005353418,0.5595873,False
tile_24233.npy,0.28245872,0.006039247,0.5588782,False
tile_4075.npy,0.2824003,0.0050770203,0.5597236,False
tile_25337.npy,0.28232187,0.004718205,0.55992556,False
tile_7227.npy,0.28228462,0.004862083,0.55970716,False
tile_22736.npy,0.28228146,0.0062654107,0.5582975,False
tile_10881.npy,0.28227043,0.005789966,0.55875087,False
tile_23445.npy,0.28213263,0.004989291,0.559276,False
tile_23799.npy,0.28207746,0.004312464,0.55984247,False
tile_12787.npy,0.28205416,0.0047232993,0.559385,False
tile_10045.npy,0.28202635,0.0053243656,0.55872834,False
tile_30008.npy,0.28197694,0.0049716104,0.55898225,False
tile_21556.npy,0.281969,0.0052294587,0.55870855,False
tile_24782.npy,0.28189832,0.004868704,0.55892795,False
tile_23718.npy,0.28187847,0.0040983483,0.5596586,False
tile_24805.npy,0.28183758,0.005406067,0.5582691,False
tile_19158.npy,0.2818266,0.0068811513,0.556772,False
tile_26850.npy,0.2817938,0.0045083975,0.55907923,False
tile_9144.npy,0.2817714,0.006045642,0.55749714,False
tile_29304.npy,0.28168464,0.0059813634,0.5573879,False
tile_29508.npy,0.28163585,0.005126711,0.558145,False
tile_25843.npy,0.2816196,0.0055403546,0.55769885,False
tile_28970.npy,0.28154173,0.0054788054,0.5576047,False
tile_7959.npy,0.28143921,0.006350713,0.55652773,False
tile_28428.npy,0.28138044,0.0047015618,0.55805933,False
tile_20460.npy,0.28134108,0.0057033966,0.55697876,False
tile_28415.npy,0.28132933,0.0052329707,0.5574257,False
tile_26026.npy,0.28131908,0.005051005,0.55758715,False
tile_7421.npy,0.2813036,0.005199375,0.55740786,False
tile_28456.npy,0.28126308,0.004996836,0.55752933,False
tile_25474.npy,0.2812031,0.0045339214,0.55787224,False
tile_19941.npy,0.28115517,0.0051814793,0.55712885,False
tile_20639.npy,0.2811455,0.004813224,0.55747783,False
tile_28640.npy,0.2808598,0.0052438546,0.55647576,False
tile_14846.npy,0.2808072,0.00517288,0.5564415,False
tile_22053.npy,0.28079024,0.0051843417,0.5563961,False
tile_21496.npy,0.28073147,0.004006169,0.5574568,False
tile_25317.npy,0.28069752,0.004738569,0.5566565,False
tile_26702.npy,0.2806812,0.005030323,0.55633205,False
tile_16558.npy,0.28064662,0.0045074383,0.5567858,False
tile_11737.npy,0.28063288,0.0050797015,0.5561861,False
tile_25499.npy,0.2806183,0.0057363436,0.55550027,False
tile_23458.npy,0.28059807,0.0053920364,0.55580413,False
tile_26871.npy,0.28055474,0.0053248433,0.55578464,False
tile_25011.npy,0.28036934,0.0049332604,0.55580544,False
tile_28105.npy,0.28026363,0.005061673,0.5554656,False
tile_25106.npy,0.28023982,0.0043322034,0.55614746,False
tile_21863.npy,0.28020868,0.0050577396,0.5553596,False
tile_19064.npy,0.28019103,0.005592785,0.5547893,False
tile_17327.npy,0.2801735,0.0056311395,0.5547159,False
tile_9885.npy,0.28007707,0.0054127574,0.5547414,False
tile_17776.npy,0.2800737,0.005191698,0.5549557,False
tile_23938.npy,0.2799576,0.0042932946,0.55562186,False
tile_23266.npy,0.27995062,0.0039709806,0.55593026,False
tile_21728.npy,0.27993548,0.005337483,0.5545335,False
tile_27596.npy,0.27988365,0.0043437975,0.5554235,False
tile_20995.npy,0.27981222,0.005085335,0.5545391,False
tile_19871.npy,0.27980787,0.005312782,0.55430293,False
tile_29309.npy,0.27973798,0.0048245625,0.5546514,False
tile_24310.npy,0.27971157,0.004709078,0.5547141,False
tile_10535.npy,0.27969867,0.004444978,0.5549524,False
tile_13430.npy,0.27965382,0.0036628682,0.55564475,False
tile_7933.npy,0.27962786,0.0044758418,0.5547799,False
tile_26303.npy,0.27958798,0.0028819235,0.556294,False
tile_26162.npy,0.27956548,0.0056926776,0.5534383,False
tile_29306.npy,0.2795062,0.0042340457,0.55477834,False
tile_27610.npy,0.2795049,0.0048471694,0.5541626,False
tile_19759.npy,0.2794595,0.0039406223,0.5549784,False
tile_10880.npy,0.27943003,0.004913391,0.5539467,False
tile_25625.npy,0.27942687,0.0049046855,0.55394906,False
tile_27269.npy,0.2793256,0.004831575,0.55381966,False
tile_18889.npy,0.27926418,0.0055352794,0.55299306,False
tile_28458.npy,0.27926382,0.0043574106,0.55417025,False
tile_24258.npy,0.27922383,0.0040803687,0.5543673,False
tile_15189.npy,0.27920663,0.0044723335,0.55394095,False
tile_10212.npy,0.27918974,0.0056489296,0.55273056,False
tile_28250.npy,0.279184,0.0051631136,0.5532049,False
tile_7416.npy,0.2791786,0.004672139,0.55368507,False
tile_19455.npy,0.2791295,0.0053845444,0.55287445,False
tile_10940.npy,0.27912045,0.004723935,0.553517,False
tile_24464.npy,0.27910036,0.0043792166,0.5538215,False
tile_21140.npy,0.27909842,0.0053675966,0.55282927,False
tile_23622.npy,0.27895716,0.004999713,0.5529146,False
tile_28464.npy,0.27887994,0.0046706432,0.55308926,False
tile_27551.npy,0.2788378,0.0045545856,0.55312103,False
tile_28934.npy,0.27881053,0.0039177644,0.5537033,False
tile_29486.npy,0.27880633,0.003964166,0.5536485,False
tile_26845.npy,0.27874795,0.004684405,0.5528115,False
tile_29116.npy,0.27873275,0.0045361845,0.5529293,False
tile_11568.npy,0.27868518,0.0056648017,0.55170554,False
tile_28789.npy,0.2786633,0.004599761,0.55272686,False
tile_28632.npy,0.27859104,0.0047539333,0.5524281,False
tile_7186.npy,0.27858895,0.0042425464,0.55293536,False
tile_15684.npy,0.27850887,0.004736441,0.5522813,False
tile_25498.npy,0.27846944,0.004178726,0.5527602,False
tile_17594.npy,0.27846494,0.0042600227,0.5526699,False
tile_22739.npy,0.2784456,0.004275233,0.55261594,False
tile_20616.npy,0.27837512,0.0042700265,0.5524802,False
tile_20792.npy,0.27833453,0.004309843,0.5523592,False
tile_28068.npy,0.27831295,0.004635296,0.5519906,False
tile_23884.npy,0.27826256,0.004667611,0.5518575,False
tile_8278.npy,0.27825445,0.0040783924,0.5524305,False
tile_28936.npy,0.2782158,0.0065262523,0.54990536,False
tile_10027.npy,0.2782138,0.004289833,0.5521378,False
tile_19058.npy,0.27821323,0.0040397,0.55238676,False
tile_30367.npy,0.27819404,0.0046051648,0.5517829,False
tile_14323.npy,0.2781681,0.004717178,0.55161905,False
tile_26361.npy,0.27813226,0.0044457903,0.5518187,False
tile_23771.npy,0.2781224,0.0045799417,0.5516648,False
tile_29310.npy,0.2780932,0.004951302,0.5512351,False
tile_27953.npy,0.27801278,0.005079807,0.55094576,False
tile_22363.npy,0.2780087,0.0042718654,0.55174553,False
tile_10213.npy,0.27799565,0.004226764,0.55176455,False
tile_29320.npy,0.27798712,0.0045254016,0.5514488,False
tile_20961.npy,0.27797398,0.0045376364,0.5514103,False
tile_6024.npy,0.27795514,0.0038454854,0.5520648,False
tile_12956.npy,0.27793705,0.0050451932,0.55082893,False
tile_14296.npy,0.27790254,0.0046465565,0.55115855,False
tile_22358.npy,0.27788267,0.00503858,0.5507268,False
tile_17208.npy,0.2778676,0.0045330725,0.5512021,False
tile_18190.npy,0.2778407,0.00534657,0.5503348,False
tile_19401.npy,0.27782908,0.00444036,0.5512178,False
tile_18769.npy,0.27770624,0.0042858347,0.55112666,False
tile_23614.npy,0.27766293,0.0035920222,0.55173385,False
tile_21539.npy,0.27762732,0.0047966572,0.55045795,False
tile_24110.npy,0.27759665,0.0042371484,0.55095613,False
tile_27949.npy,0.2774808,0.0051293466,0.5498323,False
tile_13664.npy,0.27747536,0.0046339766,0.55031675,False
tile_10888.npy,0.27739823,0.0048477785,0.5499487,False
tile_26736.npy,0.27738813,0.0045384606,0.5502378,False
tile_27557.npy,0.27738428,0.004129854,0.55063874,False
tile_20853.npy,0.27737617,0.005455261,0.5492971,False
tile_27036.npy,0.27734014,0.0048288507,0.5498514,False
tile_24433.npy,0.2773367,0.0048362706,0.5498371,False
tile_25524.npy,0.27731687,0.0044946377,0.55013907,False
tile_8471.npy,0.277184,0.0044486863,0.5499193,False
tile_25642.npy,0.27718335,0.0036595813,0.5507071,False
tile_26520.npy,0.27715316,0.0055916444,0.5487147,False
tile_6034.npy,0.27711472,0.002997942,0.5512315,False
tile_25105.npy,0.27706936,0.004703443,0.54943526,False
tile_6379.npy,0.2770639,0.0041724737,0.54995537,False
tile_19465.npy,0.27704194,0.00410234,0.54998153,False
tile_28808.npy,0.27696416,0.004546214,0.5493821,False
tile_7441.npy,0.27695814,0.004432603,0.54948366,False
tile_22024.npy,0.27695498,0.0045520375,0.5493579,False
tile_22349.npy,0.27692002,0.005436524,0.5484035,False
tile_18127.npy,0.27687874,0.0040071737,0.5497503,False
tile_27739.npy,0.2768519,0.004344958,0.54935884,False
tile_25093.npy,0.2768198,0.003642028,0.54999757,False
tile_22672.npy,0.27678555,0.0037441528,0.549827,False
tile_10229.npy,0.276743,0.0044070315,0.54907894,False
tile_5835.npy,0.2767237,0.0043638535,0.5490836,False
tile_26030.npy,0.27667543,0.0036377115,0.54971313,False
tile_24619.npy,0.2766711,0.0048238495,0.54851836,False
tile_11457.npy,0.2766467,0.0040086242,0.54928476,False
tile_15857.npy,0.27663895,0.0040665953,0.5492113,False
tile_21712.npy,0.27663392,0.004760853,0.548507,False
tile_29336.npy,0.276618,0.0048271655,0.54840887,False
tile_23960.npy,0.2766011,0.0044832826,0.5487189,False
tile_28269.npy,0.27659988,0.0035413767,0.5496584,False
tile_25171.npy,0.2765977,0.004578408,0.548617,False
tile_17943.npy,0.27657443,0.0045293835,0.5486195,False
tile_5335.npy,0.2765572,0.0040224767,0.54909194,False
tile_27192.npy,0.27648884,0.0035927847,0.5493849,False
tile_25267.npy,0.27648532,0.004883555,0.5480871,False
tile_8128.npy,0.2764697,0.0043000323,0.54863936,False
tile_7626.npy,0.276455,0.0016609117,0.5512491,False
tile_26176.npy,0.27642977,0.004209994,0.54864955,False
tile_19330.npy,0.27638945,0.0053032534,0.54747564,False
tile_22359.npy,0.2763872,0.0045999316,0.5481745,False
tile_23974.npy,0.2763556,0.0034163408,0.5492948,False
tile_28136.npy,0.27625692,0.0040784036,0.54843545,False
tile_20984.npy,0.2762296,0.0039873803,0.5484718,False
tile_6046.npy,0.27618808,0.004108198,0.54826796,False
tile_26582.npy,0.2761752,0.0036109914,0.54873943,False
tile_10700.npy,0.2761579,0.004805139,0.5475106,False
tile_27955.npy,0.27612957,0.004119795,0.54813933,False
tile_23957.npy,0.27610183,0.0041565727,0.54804707,False
tile_27255.npy,0.27609015,0.003413302,0.548767,False
tile_5170.npy,0.27608895,0.003990593,0.5481873,False
tile_23691.npy,0.27606228,0.0042485944,0.54787594,False
tile_18301.npy,0.27605307,0.0044304095,0.5476757,False
tile_24103.npy,0.27603492,0.004390507,0.54767936,False
tile_26329.npy,0.27602503,0.0041778553,0.5478722,False
tile_22228.npy,0.2759822,0.004015474,0.54794896,False
tile_5168.npy,0.27596462,0.0038022916,0.54812694,False
tile_19228.npy,0.27595618,0.005051422,0.54686093,False
tile_18134.npy,0.27594495,0.004671169,0.54721874,False
tile_12620.npy,0.27589062,0.0040448224,0.5477364,False
tile_21853.npy,0.27587932,0.00369937,0.5480593,False
tile_20156.npy,0.27585846,0.0039166426,0.5478003,False
tile_24573.npy,0.27585527,0.0034269455,0.5482836,False
tile_5147.npy,0.2758386,0.0045935945,0.5470836,False
tile_3203.npy,0.27581295,0.003735025,0.5478909,False
tile_23065.npy,0.27581254,0.004495321,0.54712975,False
tile_15535.npy,0.27575782,0.0039033378,0.5476123,False
tile_26681.npy,0.275721,0.0032713711,0.5481707,False
tile_9154.npy,0.2757016,0.0034752423,0.547928,False
tile_23448.npy,0.27568072,0.0041559404,0.5472055,False
tile_27723.npy,0.27562737,0.0036586523,0.5475961,False
tile_20741.npy,0.27561098,0.0039392323,0.54728276,False
tile_21733.npy,0.27557692,0.004219704,0.5469341,False
tile_30199.npy,0.2755494,0.0032881123,0.54781073,False
tile_25009.npy,0.27552375,0.0042441394,0.54680336,False
tile_26914.npy,0.27550587,0.0038627787,0.54714894,False
tile_22663.npy,0.2753807,0.0040341737,0.54672724,False
tile_26886.npy,0.27535334,0.004134493,0.5465722,False
tile_6559.npy,0.27533534,0.0034941307,0.54717654,False
tile_6553.npy,0.2753054,0.0042375317,0.54637325,False
tile_15753.npy,0.27522233,0.0039395904,0.5465051,False
tile_28115.npy,0.2752059,0.0040433533,0.5463685,False
tile_19356.npy,0.27519283,0.004346297,0.54603934,False
tile_23274.npy,0.2751697,0.004352958,0.5459864,False
tile_11397.npy,0.27515164,0.0043699797,0.5459333,False
tile_15018.npy,0.27512765,0.0043775113,0.5458778,False
tile_28830.npy,0.27504656,0.004180128,0.545913,False
tile_21258.npy,0.27504337,0.003446482,0.5466403,False
tile_15158.npy,0.27503532,0.0040209168,0.5460497,False
tile_24853.npy,0.27500448,0.0042355857,0.5457734,False
tile_25189.npy,0.27495196,0.0036652524,0.54623866,False
tile_20150.npy,0.27493128,0.003805231,0.54605734,False
tile_16688.npy,0.2749161,0.0045968224,0.5452354,False
tile_21360.npy,0.27485633,0.0038413047,0.5458714,False
tile_7411.npy,0.27475044,0.0042772694,0.5452236,False
tile_26658.npy,0.27474478,0.0041087368,0.54538083,False
tile_28131.npy,0.27467445,0.0037091817,0.5456397,False
tile_27359.npy,0.2746266,0.0036354628,0.54561776,False
tile_18774.npy,0.27459964,0.0039334814,0.5452658,False
tile_27768.npy,0.27459678,0.003968291,0.54522526,False
tile_24929.npy,0.27451977,0.0038208305,0.5452187,False
tile_7753.npy,0.27449235,0.003686742,0.545298,False
tile_14999.npy,0.27443773,0.0042602504,0.5446152,False
tile_26378.npy,0.2743794,0.004392118,0.54436666,False
tile_7702.npy,0.27434218,0.0035002367,0.54518414,False
tile_26539.npy,0.27432302,0.004274233,0.5443718,False
tile_17723.npy,0.27432147,0.0034156186,0.5452273,False
tile_23518.npy,0.2742953,0.0049920618,0.54359853,False
tile_28299.npy,0.2742728,0.0037303767,0.54481524,False
tile_27714.npy,0.2742096,0.003776757,0.54464245,False
tile_29836.npy,0.27416635,0.0034762744,0.5448564,False
tile_30005.npy,0.27415773,0.0036712564,0.54464424,False
tile_15167.npy,0.27406493,0.004084525,0.5440453,False
tile_21546.npy,0.2740106,0.0041660964,0.5438551,False
tile_25785.npy,0.27399155,0.0026027702,0.54538035,False
tile_9323.npy,0.27398607,0.0033418667,0.5446303,False
tile_13960.npy,0.2739737,0.003542915,0.5444045,False
tile_22052.npy,0.27396297,0.003469815,0.5444561,False
tile_23020.npy,0.27395838,0.0038213013,0.54409546,False
tile_25510.npy,0.2739551,0.003721849,0.5441884,False
tile_26866.npy,0.27393746,0.003898014,0.5439769,False
tile_23093.npy,0.27392536,0.0033139004,0.5445368,False
tile_29694.npy,0.27390206,0.0034664348,0.5443377,False
tile_21703.npy,0.273881,0.0034896831,0.5442723,False
tile_18985.npy,0.27382815,0.0046222867,0.543034,False
tile_21705.npy,0.27380565,0.003590836,0.5440205,False
tile_19933.npy,0.27379584,0.0035292348,0.54406244,False
tile_28792.npy,0.27376282,0.003726474,0.54379916,False
tile_20108.npy,0.27375665,0.0039602094,0.5435531,False
tile_30363.npy,0.27371404,0.004402801,0.54302526,False
tile_23604.npy,0.2736965,0.003934224,0.5434588,False
tile_30716.npy,0.27369317,0.004383981,0.54300237,False
tile_10035.npy,0.2736845,0.004366708,0.5430023,False
tile_24626.npy,0.27367836,0.0035724402,0.54378426,False
tile_14832.npy,0.2736624,0.003435562,0.5438892,False
tile_23871.npy,0.27363822,0.0036383308,0.5436381,False
tile_24061.npy,0.2735974,0.003818437,0.5433763,False
tile_17596.npy,0.27349705,0.0037513422,0.54324275,False
tile_21375.npy,0.2734311,0.0038082532,0.5430539,False
tile_12961.npy,0.27343088,0.003601861,0.5432599,False
tile_18931.npy,0.27340588,0.0036745695,0.5431372,False
tile_26891.npy,0.27339244,0.0033931695,0.5433917,False
tile_20219.npy,0.27337676,0.003716932,0.5430366,False
tile_26413.npy,0.27332613,0.0046381284,0.5420141,False
tile_28278.npy,0.2733133,0.0041786805,0.5424479,False
tile_23777.npy,0.2733005,0.0036286034,0.5429724,False
tile_21515.npy,0.27329168,0.0030990392,0.54348433,False
tile_21441.npy,0.27328596,0.0035267756,0.54304516,False
tile_21790.npy,0.27328375,0.004203906,0.5423636,False
tile_3945.npy,0.27328023,0.0037587443,0.54280174,False
tile_25702.npy,0.27324057,0.0040493403,0.5424318,False
tile_16223.npy,0.27320674,0.0033375847,0.5430759,False
tile_29147.npy,0.27320457,0.0038409275,0.5425682,False
tile_25458.npy,0.27319205,0.0032680267,0.5431161,False
tile_8814.npy,0.27317536,0.0034848237,0.5428659,False
tile_21878.npy,0.27314675,0.004143688,0.5421498,False
tile_29659.npy,0.27314645,0.003503073,0.5427898,False
tile_11459.npy,0.2730827,0.0031895933,0.54297584,False
tile_8983.npy,0.27307323,0.003762302,0.54238415,False
tile_15331.npy,0.27306956,0.0044339434,0.5417052,False
tile_18766.npy,0.27305722,0.0033786078,0.5427358,False
tile_26856.npy,0.2730502,0.0032158815,0.54288447,False
tile_7407.npy,0.27304667,0.0042134286,0.5418799,False
tile_19761.npy,0.27303994,0.003543913,0.54253596,False
tile_25506.npy,0.27303743,0.003468181,0.5426067,False
tile_11685.npy,0.27303553,0.003176713,0.54289436,False
tile_15819.npy,0.2730034,0.003656882,0.54234993,False
tile_22202.npy,0.27294904,0.0033748501,0.5425232,False
tile_7356.npy,0.27290198,0.003459962,0.542344,False
tile_23357.npy,0.27288875,0.0031729722,0.5426045,False
tile_25530.npy,0.27288765,0.0029031239,0.5428722,False
tile_24837.npy,0.27282298,0.0035378558,0.5421081,False
tile_23630.npy,0.27276963,0.003540176,0.5419991,False
tile_29662.npy,0.27276647,0.0036337897,0.54189914,False
tile_28468.npy,0.27273878,0.0034369596,0.5420406,False
tile_13431.npy,0.27272984,0.0022924498,0.54316723,False
tile_6392.npy,0.27272263,0.0030878359,0.54235744,False
tile_20112.npy,0.2726548,0.0032594171,0.5420502,False
tile_28447.npy,0.27261618,0.004105879,0.5411265,False
tile_21196.npy,0.27255523,0.003518408,0.54159206,False
tile_16279.npy,0.2725367,0.003980067,0.54109335,False
tile_22214.npy,0.27252814,0.0037970173,0.5412593,False
tile_28846.npy,0.27250224,0.0006600533,0.5443444,False
tile_7420.npy,0.27248776,0.0029343076,0.5420412,False
tile_20319.npy,0.27245784,0.0040543242,0.54086137,False
tile_4981.npy,0.27244082,0.0032959324,0.5415857,False
tile_24122.npy,0.27243844,0.0038400446,0.54103684,False
tile_13080.npy,0.27243534,0.0031924145,0.54167825,False
tile_7087.npy,0.2724185,0.004094515,0.54074246,False
tile_28954.npy,0.27241445,0.003502297,0.5413266,False
tile_26555.npy,0.27241248,0.003602033,0.54122293,False
tile_30894.npy,0.2723895,0.0040274025,0.5407516,False
tile_20666.npy,0.2723584,0.0025825975,0.54213417,False
tile_28418.npy,0.27233782,0.0036398754,0.5410358,False
tile_26201.npy,0.27233267,0.0035573696,0.54110795,False
tile_11463.npy,0.27232647,0.0029519158,0.541701,False
tile_18314.npy,0.27232552,0.0033215987,0.54132944,False
tile_14634.npy,0.27232075,0.0028738745,0.5417676,False
tile_24452.npy,0.27231738,0.0035674232,0.54106736,False
tile_22025.npy,0.27223465,0.0033623711,0.54110694,False
tile_21691.npy,0.27223295,0.0035908527,0.540875,False
tile_19005.npy,0.27219832,0.003939879,0.5404568,False
tile_4464.npy,0.2721916,0.0033326857,0.54105055,False
tile_23520.npy,0.27218255,0.0034094597,0.54095566,False
tile_21726.npy,0.27217144,0.004091278,0.5402516,False
tile_23185.npy,0.27213225,0.0034254612,0.540839,False
tile_29365.npy,0.27212816,0.00223088,0.54202545,False
tile_7934.npy,0.27210587,0.0033652852,0.54084647,False
tile_19407.npy,0.27207798,0.0035328823,0.54062307,False
tile_7436.npy,0.27206844,0.0033438494,0.54079306,False
tile_20665.npy,0.27204853,0.003238649,0.5408584,False
tile_23017.npy,0.27203065,0.0027092772,0.54135203,False
tile_28459.npy,0.27202085,0.0037597064,0.540282,False
tile_31247.npy,0.27199924,0.0026968797,0.5413016,False
tile_26829.npy,0.27198666,0.0043145493,0.5396588,False
tile_17494.npy,0.27197555,0.0039740377,0.5399771,False
tile_26143.npy,0.27196488,0.003467782,0.54046196,False
tile_24962.npy,0.2719287,0.0034541637,0.54040325,False
tile_21895.npy,0.2718855,0.0036569615,0.54011405,False
tile_24801.npy,0.2718192,0.003694719,0.5399437,False
tile_20804.npy,0.27180955,0.0038355405,0.53978354,False
tile_21858.npy,0.2718078,0.0033291522,0.5402864,False
tile_21379.npy,0.27179292,0.0037221864,0.53986365,False
tile_29193.npy,0.27175874,0.00050365506,0.5430138,False
tile_9335.npy,0.27173397,0.0039106845,0.5395573,False
tile_23407.npy,0.2717283,0.002811464,0.5406451,False
tile_21494.npy,0.27168363,0.0029074007,0.5404599,False
tile_24468.npy,0.271674,0.0031045252,0.5402435,False
tile_3895.npy,0.27167174,0.0030897781,0.5402537,False
tile_23887.npy,0.27164546,0.0036856965,0.5396052,False
tile_19161.npy,0.27164313,0.0034251101,0.53986114,False
tile_20981.npy,0.27160442,0.0038079638,0.5394009,False
tile_19340.npy,0.2715971,0.003457657,0.5397365,False
tile_26198.npy,0.27151704,0.0035793858,0.5394547,False
tile_13072.npy,0.2715069,0.0036538732,0.5393599,False
tile_6880.npy,0.27150163,0.0031359089,0.53986734,False
tile_16680.npy,0.2714688,0.0028162114,0.5401214,False
tile_17667.npy,0.2714517,0.0028586152,0.5400448,False
tile_18988.npy,0.27141714,0.00316166,0.5396726,False
tile_21315.npy,0.27139515,0.0033823382,0.53940797,False
tile_22140.npy,0.271377,0.0039519276,0.5388021,False
tile_21488.npy,0.27134514,0.0030419729,0.5396483,False
tile_26491.npy,0.27134192,0.003528412,0.5391554,False
tile_23344.npy,0.27128616,0.004038385,0.5385339,False
tile_10187.npy,0.27128547,0.0034875677,0.53908336,False
tile_31063.npy,0.27127936,0.0035540252,0.5390047,False
tile_16225.npy,0.27127537,0.0035821032,0.5389686,False
tile_18811.npy,0.27125221,0.004264,0.53824043,False
tile_26565.npy,0.27120388,0.003335926,0.5390718,False
tile_5323.npy,0.27119285,0.0034414316,0.53894424,False
tile_21684.npy,0.27119184,0.0032136496,0.53917,False
tile_20678.npy,0.27118477,0.0034493033,0.5389202,False
tile_25793.npy,0.2711507,0.0039982684,0.53830314,False
tile_8796.npy,0.2711412,0.0031277305,0.53915465,False
tile_22942.npy,0.27112055,0.0032029136,0.5390382,False
tile_30345.npy,0.27110747,0.003459502,0.5387554,False
tile_26533.npy,0.27110106,0.0029669788,0.5392351,False
tile_6896.npy,0.27109823,0.0036516672,0.5385448,False
tile_15883.npy,0.2710847,0.0029973844,0.539172,False
tile_18884.npy,0.27102596,0.003695957,0.53835595,False
tile_24097.npy,0.27100778,0.002881182,0.5391344,False
tile_24777.npy,0.2709809,0.0031500147,0.5388118,False
tile_7096.npy,0.27089876,0.003068081,0.5387294,False
tile_25678.npy,0.27089733,0.0033311874,0.5384635,False
tile_4463.npy,0.27087018,0.002451953,0.5392884,False
tile_29469.npy,0.27086684,0.0031877665,0.5385459,False
tile_22226.npy,0.27085638,0.0036193084,0.53809345,False
tile_28116.npy,0.27082548,0.003241992,0.53840894,False
tile_6565.npy,0.27077654,0.0026339744,0.5389191,False
tile_22020.npy,0.27075714,0.00301169,0.5385026,False
tile_25314.npy,0.27073464,0.0029326167,0.53853667,False
tile_4242.npy,0.27072564,0.003068566,0.5383827,False
tile_7618.npy,0.27067566,0.0027266701,0.53862464,False
tile_25867.npy,0.2706708,0.002513391,0.5388282,False
tile_6564.npy,0.2706557,0.0031155052,0.53819585,False
tile_18591.npy,0.27063325,0.0026715267,0.53859496,False
tile_7236.npy,0.27061826,0.003614758,0.53762174,False
tile_3418.npy,0.2706031,0.0025361422,0.53867006,False
tile_28987.npy,0.2706024,0.003455275,0.5377495,False
tile_7521.npy,0.27057865,0.0029289387,0.5382284,False
tile_28234.npy,0.27056238,0.003750904,0.53737384,False
tile_26746.npy,0.27055225,0.0034142057,0.5376903,False
tile_16805.npy,0.2705448,0.0033726157,0.537717,False
tile_27970.npy,0.2705425,0.0032853168,0.5377997,False
tile_23373.npy,0.2704879,0.0032196278,0.5377562,False
tile_28282.npy,0.27046463,0.0028476072,0.53808165,False
tile_29178.npy,0.27046287,0.0026956843,0.53823006,False
tile_5105.npy,0.2704567,0.0030774858,0.5378359,False
tile_28246.npy,0.2704505,0.0027727322,0.53812826,False
tile_9535.npy,0.2704333,0.0031081554,0.53775847,False
tile_29288.npy,0.27042732,0.003432807,0.5374218,False
tile_24734.npy,0.27042592,0.0030006117,0.5378512,False
tile_24454.npy,0.27034712,0.0032459258,0.5374483,False
tile_10870.npy,0.2703311,0.003385277,0.5372769,False
tile_23912.npy,0.27029398,0.0030088765,0.53757906,False
tile_8297.npy,0.270293,0.003305455,0.53728056,False
tile_16549.npy,0.27027702,0.0035890653,0.53696495,False
tile_22538.npy,0.27024448,0.003103681,0.5373853,False
tile_9698.npy,0.27023664,0.003307147,0.5371661,False
tile_25258.npy,0.27022788,0.0027511595,0.5377046,False
tile_25819.npy,0.27020958,0.0033007849,0.5371184,False
tile_30207.npy,0.27019766,0.0035747234,0.5368206,False
tile_16400.npy,0.27016592,0.0028444286,0.5374874,False
tile_8139.npy,0.27016452,0.0032064118,0.5371226,False
tile_21158.npy,0.2701452,0.0028265207,0.5374639,False
tile_25671.npy,0.2701435,0.0034595942,0.53682745,False
tile_14293.npy,0.270113,0.0028764987,0.53734946,False
tile_20736.npy,0.2700838,0.0033962473,0.53677136,False
tile_21520.npy,0.27007586,0.002821457,0.53733027,False
tile_17263.npy,0.2700195,0.0032314197,0.5368076,False
tile_28597.npy,0.26999724,0.0029343187,0.53706014,False
tile_28483.npy,0.26998776,0.0030073163,0.53696823,False
tile_24771.npy,0.2699827,0.002576024,0.53738934,False
tile_16164.npy,0.26998216,0.0025368712,0.5374274,False
tile_17941.npy,0.26998165,0.0028544539,0.53710884,False
tile_20449.npy,0.26992917,0.0026494463,0.5372089,False
tile_25344.npy,0.26991475,0.0031732218,0.53665626,False
tile_4439.npy,0.26991194,0.00291243,0.5369115,False
tile_26039.npy,0.26990926,0.003139231,0.53667927,False
tile_9680.npy,0.26990086,0.0026293984,0.5371723,False
tile_17554.npy,0.26988357,0.0033757628,0.5363914,False
tile_25502.npy,0.26987222,0.0029906922,0.5367538,False
tile_24789.npy,0.269869,0.0030868803,0.53665113,False
tile_24228.npy,0.26982462,0.0027297868,0.5369195,False
tile_9835.npy,0.269816,0.0033715544,0.5362605,False
tile_12378.npy,0.26981542,0.0029074273,0.5367234,False
tile_21962.npy,0.26980397,0.0028412058,0.5367667,False
tile_27792.npy,0.26978087,0.002998766,0.536563,False
tile_24295.npy,0.26973712,0.0024272185,0.537047,False
tile_22215.npy,0.26969028,0.0032501076,0.5361304,False
tile_9019.npy,0.2696863,0.003137142,0.53623545,False
tile_10819.npy,0.26967165,0.0029967139,0.53634655,False
tile_23941.npy,0.2696665,0.002623573,0.5367094,False
tile_9857.npy,0.2696377,0.002557074,0.5367183,False
tile_19347.npy,0.26962733,0.0028959098,0.5363588,False
tile_24460.npy,0.26962063,0.0032602074,0.53598106,False
tile_23343.npy,0.26961723,0.0038680963,0.53536636,False
tile_19637.npy,0.26958188,0.0032813991,0.53588235,False
tile_10641.npy,0.26958117,0.0032728603,0.5358895,False
tile_26893.npy,0.26956314,0.002984028,0.53614223,False
tile_18995.npy,0.26955503,0.0028331578,0.53627694,False
tile_23171.npy,0.26954383,0.0027816575,0.536306,False
tile_7793.npy,0.2695304,0.0031819665,0.5358788,False
tile_8673.npy,0.26952717,0.00134253,0.5377118,False
tile_28466.npy,0.26952597,0.0034583402,0.5355936,False
tile_17035.npy,0.2694882,0.0028578527,0.5361185,False
tile_26537.npy,0.26948395,0.0025551976,0.5364127,False
tile_22308.npy,0.2694823,0.0026636072,0.536301,False
tile_9590.npy,0.26947844,0.0005742439,0.53838265,False
tile_3746.npy,0.26946366,0.0030901213,0.5358372,False
tile_6012.npy,0.2694445,0.0032091935,0.5356798,False
tile_21775.npy,0.2694413,0.002693195,0.53618944,False
tile_26670.npy,0.26938957,0.0031200452,0.5356591,False
tile_18076.npy,0.26937094,0.002830584,0.5359113,False
tile_25444.npy,0.26935267,0.0019450581,0.5367603,False
tile_11575.npy,0.2693296,0.0030508176,0.5356084,False
tile_23234.npy,0.26930824,0.0023352574,0.5362812,False
tile_3756.npy,0.26927134,0.002186114,0.53635657,False
tile_25875.npy,0.269261,0.0031114263,0.5354106,False
tile_32274.npy,0.26923913,0.0007589426,0.5377193,False
tile_22845.npy,0.26923257,0.0024377527,0.5360274,False
tile_5143.npy,0.26920077,0.002824201,0.53557736,False
tile_26869.npy,0.2691625,0.0027339777,0.535591,False
tile_3382.npy,0.2691462,0.0031747865,0.5351176,False
tile_28951.npy,0.26914188,0.002665702,0.53561807,False
tile_22909.npy,0.2691416,0.002802603,0.5354806,False
tile_27915.npy,0.26912013,0.0030732844,0.535167,False
tile_29344.npy,0.26911747,0.0030538412,0.5351811,False
tile_25301.npy,0.26911333,0.0030167906,0.5352099,False
tile_9662.npy,0.26910743,0.0029632333,0.5352516,False
tile_20798.npy,0.2691039,0.002900634,0.53530717,False
tile_21203.npy,0.2690259,0.003046906,0.53500485,False
tile_22307.npy,0.26899305,0.0025804765,0.53540564,False
tile_12899.npy,0.26897898,0.0032679273,0.53469,False
tile_5866.npy,0.2689721,0.0024982817,0.5354459,False
tile_21724.npy,0.26896718,0.0029330808,0.5350013,False
tile_27220.npy,0.26895177,0.0033852905,0.53451824,False
tile_17318.npy,0.26893207,0.0025714955,0.5352926,False
tile_23624.npy,0.26892635,0.002862377,0.5349903,False
tile_4973.npy,0.26892388,0.0035159676,0.5343318,False
tile_23935.npy,0.26891097,0.002766681,0.5350553,False
tile_11511.npy,0.2688948,0.0025515351,0.535238,False
tile_6014.npy,0.26889235,0.0027461736,0.53503853,False
tile_18191.npy,0.26886758,0.0029414939,0.5347937,False
tile_10240.npy,0.26885372,0.0027170242,0.53499043,False
tile_23054.npy,0.26883867,0.0025660158,0.5351113,False
tile_30205.npy,0.2688342,0.0029620784,0.53470635,False
tile_9252.npy,0.2688146,0.0025348207,0.5350944,False
tile_6735.npy,0.26881388,0.0029113758,0.53471637,False
tile_30019.npy,0.26880902,0.0028394337,0.5347786,False
tile_20973.npy,0.26879516,0.0031235702,0.53446674,False
tile_19293.npy,0.2687941,0.002128754,0.5354594,False
tile_6131.npy,0.2687923,0.0031686423,0.53441596,False
tile_27945.npy,0.26878545,0.0026039516,0.53496695,False
tile_21839.npy,0.26875517,0.0030201522,0.53449017,False
tile_26326.npy,0.26871663,0.0026725691,0.5347607,False
tile_26558.npy,0.26867476,0.003187194,0.53416234,False
tile_17067.npy,0.26865196,0.002459388,0.5348445,False
tile_19285.npy,0.2686489,0.002606644,0.53469115,False
tile_15335.npy,0.268647,0.0029370326,0.53435695,False
tile_19577.npy,0.26859456,0.0026281942,0.5345609,False
tile_15347.npy,0.26858515,0.0024852538,0.534685,False
tile_20163.npy,0.268583,0.003072607,0.5340934,False
tile_3744.npy,0.26855037,0.0024501465,0.53465056,False
tile_11629.npy,0.2685466,0.0025637797,0.53452945,False
tile_5447.npy,0.2685258,0.002798844,0.53425276,False
tile_17787.npy,0.26851198,0.0025324342,0.53449154,False
tile_18767.npy,0.26849017,0.0024242229,0.5345561,False
tile_6534.npy,0.2684882,0.0028249423,0.53415143,False
tile_24976.npy,0.2684795,0.0028370884,0.53412193,False
tile_24304.npy,0.26846218,0.0027816312,0.53414273,False
tile_29182.npy,0.2684231,0.0031199027,0.53372633,False
tile_12429.npy,0.26842216,0.0033648391,0.53347945,False
tile_25358.npy,0.2684218,0.0031075997,0.533736,False
tile_28279.npy,0.2684183,0.002868367,0.53396827,False
tile_26590.npy,0.26839676,0.0026338769,0.53415966,False
tile_8123.npy,0.26836154,0.0028233328,0.5338997,False
tile_20321.npy,0.26835984,0.0021006356,0.53461903,False
tile_21792.npy,0.26835632,0.0027238317,0.53398883,False
tile_20802.npy,0.26835135,0.0027914606,0.5339112,False
tile_23529.npy,0.26835018,0.0022819503,0.5344184,False
tile_30703.npy,0.26834938,0.0030879253,0.5336108,False
tile_27079.npy,0.26834428,0.0030813958,0.5336072,False
tile_23170.npy,0.26832932,0.0025441102,0.53411454,False
tile_21312.npy,0.2683228,0.0025919154,0.5340537,False
tile_30190.npy,0.26829872,0.0027343575,0.53386307,False
tile_25149.npy,0.26827914,0.0029653322,0.53359294,False
tile_19689.npy,0.2682643,0.0028971224,0.53363144,False
tile_22702.npy,0.26824895,0.0030177508,0.53348017,False
tile_23551.npy,0.2682183,0.0024954523,0.53394115,False
tile_24242.npy,0.2682115,0.0026752586,0.5337478,False
tile_15119.npy,0.2682109,0.0028803814,0.5335414,False
tile_4079.npy,0.26819804,0.0023073608,0.53408873,False
tile_27011.npy,0.26813528,0.0027331996,0.5335374,False
tile_4054.npy,0.2681324,0.0016141469,0.5346506,False
tile_23290.npy,0.2681146,0.0029546171,0.5332746,False
tile_6836.npy,0.26810947,0.0024583372,0.5337606,False
tile_27590.npy,0.26809523,0.0029104184,0.53328,False
tile_24250.npy,0.26806685,0.0025125009,0.5336212,False
tile_9000.npy,0.26805452,0.0018803291,0.5342287,False
tile_29633.npy,0.2680482,0.0023457776,0.5337506,False
tile_16215.npy,0.26804796,0.002591522,0.53350437,False
tile_26241.npy,0.2680416,0.0025847296,0.53349847,False
tile_26203.npy,0.2680274,0.0026122027,0.5334426,False
tile_26882.npy,0.26802176,0.0025696892,0.53347385,False
tile_28306.npy,0.26801085,0.0030381524,0.53298354,False
tile_19863.npy,0.26797885,0.00314618,0.5328115,False
tile_8730.npy,0.26797777,0.0028924826,0.53306305,False
tile_12444.npy,0.26794454,0.002868942,0.53302014,False
tile_31759.npy,0.26794112,0.0023982814,0.533484,False
tile_4285.npy,0.2679043,0.0024914758,0.53331715,False
tile_17416.npy,0.26788402,0.003285597,0.53248245,False
tile_26561.npy,0.26788387,0.0029876768,0.53278005,False
tile_22385.npy,0.26786122,0.0028363497,0.5328861,False
tile_25891.npy,0.26785147,0.0026643751,0.53303856,False
tile_6716.npy,0.2678307,0.0020642965,0.5335971,False
tile_16897.npy,0.26782566,0.0026812935,0.53297,False
tile_25967.npy,0.2678191,0.0026007746,0.5330374,False
tile_26513.npy,0.267805,0.002855015,0.532755,False
tile_22752.npy,0.26776543,0.0028490953,0.53268176,False
tile_17793.npy,0.26775405,0.0023536202,0.5331545,False
tile_7515.npy,0.26771405,0.0025737802,0.5328543,False
tile_9491.npy,0.2677061,0.0022591448,0.53315306,False
tile_29115.npy,0.26770505,0.0020880213,0.5333221,False
tile_26183.npy,0.26770175,0.002842052,0.5325614,False
tile_27541.npy,0.26768243,0.002965679,0.5323992,False
tile_24615.npy,0.26767087,0.0029826206,0.5323591,False
tile_29672.npy,0.26766625,0.002469312,0.5328632,False
tile_21437.npy,0.26763615,0.0027973196,0.532475,False
tile_14638.npy,0.26760042,0.0023369407,0.5328639,False
tile_26076.npy,0.2675556,0.0012762625,0.53383493,False
tile_19236.npy,0.26755354,0.0025906898,0.53251636,False
tile_7862.npy,0.26755068,0.002961569,0.5321398,False
tile_9694.npy,0.26754758,0.0024440761,0.53265107,False
tile_8843.npy,0.2675294,0.0023434414,0.5327154,False
tile_18243.npy,0.2675253,0.0029364382,0.53211415,False
tile_8806.npy,0.26751244,0.0027527,0.53227216,False
tile_29326.npy,0.26748517,0.0026339912,0.53233635,False
tile_19458.npy,0.26748088,0.0027791657,0.5321826,False
tile_21718.npy,0.26746008,0.0030064094,0.53191376,False
tile_25161.npy,0.267451,0.00292207,0.5319799,False
tile_8135.npy,0.26745036,0.0026903467,0.53221035,False
tile_24561.npy,0.26736063,0.0022748546,0.5324464,False
tile_27725.npy,0.2673326,0.0021506792,0.5325146,False
tile_28995.npy,0.26731777,0.0025869387,0.5320486,False
tile_12214.npy,0.26730594,0.002560061,0.5320518,False
tile_25784.npy,0.26730457,0.0021372112,0.53247195,False
tile_20036.npy,0.2672967,0.002297246,0.5322962,False
tile_10125.npy,0.26728147,0.002900966,0.531662,False
tile_24105.npy,0.2672729,0.0024645438,0.53208125,False
tile_30002.npy,0.2672717,0.0028322113,0.53171116,False
tile_24138.npy,0.26726288,0.0017558028,0.53277,False
tile_27199.npy,0.26725748,0.002625308,0.5318897,False
tile_12156.npy,0.26725027,0.0027258904,0.53177464,False
tile_23347.npy,0.26722082,0.0024491875,0.53199244,False
tile_18654.npy,0.26721525,0.002687546,0.53174293,False
tile_6920.npy,0.26721245,0.0032309447,0.531194,False
tile_8798.npy,0.2672071,0.0028725816,0.5315416,False
tile_21688.npy,0.26717946,0.0019484197,0.5324105,False
tile_22197.npy,0.26717928,0.002040071,0.5323185,False
tile_24858.npy,0.26715815,0.00231026,0.532006,False
tile_10865.npy,0.2671557,0.0025834013,0.531728,False
tile_23623.npy,0.2671303,0.0024296758,0.5318309,False
tile_23981.npy,0.26712996,0.0025322468,0.5317277,False
tile_23018.npy,0.26712713,0.0023020841,0.53195214,False
tile_11337.npy,0.26711714,0.0023560626,0.53187823,False
tile_6205.npy,0.26709157,0.0025486888,0.53163445,False
tile_17957.npy,0.26708445,0.002642341,0.53152657,False
tile_22023.npy,0.267081,0.0026722697,0.53148973,False
tile_28126.npy,0.26707155,0.0025064014,0.5316367,False
tile_25464.npy,0.26706827,0.0025848523,0.53155166,False
tile_4287.npy,0.26706505,0.0030373097,0.53109276,False
tile_6368.npy,0.26706237,0.002452504,0.53167224,False
tile_27056.npy,0.26704425,0.0025464343,0.53154206,False
tile_4113.npy,0.26703954,0.002950799,0.5311283,False
tile_22939.npy,0.26703277,0.0028878069,0.53117776,False
tile_10713.npy,0.26703057,0.0025641406,0.531497,False
tile_23936.npy,0.267016,0.002778072,0.53125393,False
tile_21015.npy,0.26701492,0.0027542824,0.5312756,False
tile_20994.npy,0.26700497,0.0026234412,0.5313865,False
tile_30558.npy,0.2669271,0.0027612639,0.53109294,False
tile_7070.npy,0.26691458,0.0021539866,0.53167516,False
tile_25870.npy,0.26690924,0.0024118251,0.53140664,False
tile_31055.npy,0.2668886,0.0026537417,0.53112346,False
tile_4117.npy,0.26688638,0.0026276899,0.5311451,False
tile_6539.npy,0.26686132,0.0022791661,0.5314435,False
tile_22232.npy,0.26685706,0.0024374167,0.5312767,False
tile_20505.npy,0.26682633,0.0033106701,0.530342,False
tile_21011.npy,0.26682258,0.002325781,0.5313194,False
tile_15695.npy,0.26681948,0.0023271884,0.53131175,False
tile_23387.npy,0.26681432,0.0023793336,0.5312493,False
tile_10206.npy,0.2668046,0.0026393612,0.53096986,False
tile_28266.npy,0.266765,0.0023849194,0.5311451,False
tile_18248.npy,0.26675993,0.002231833,0.531288,False
tile_12041.npy,0.26675302,0.0022827643,0.5312233,False
tile_20452.npy,0.26675162,0.002545309,0.53095794,False
tile_23255.npy,0.26672602,0.0025724373,0.5308796,False
tile_21955.npy,0.26670253,0.002589323,0.5308157,False
tile_21025.npy,0.26667872,0.0028484734,0.530509,False
tile_21882.npy,0.2666563,0.0022526095,0.53106,False
tile_10872.npy,0.26663268,0.002001177,0.5312642,False
tile_19512.npy,0.26661596,0.0026935707,0.5305383,False
tile_25882.npy,0.26654235,0.002361483,0.5307232,False
tile_10178.npy,0.2665343,0.0024880557,0.5305805,False
tile_23530.npy,0.26653144,0.0023339374,0.53072894,False
tile_21168.npy,0.26651624,0.0024446363,0.53058785,False
tile_9702.npy,0.26648766,0.002493368,0.53048193,False
tile_11806.npy,0.26647773,0.0020286595,0.5309268,False
tile_20843.npy,0.266432,0.0023882599,0.53047574,False
tile_6537.npy,0.26641354,0.0027129336,0.5301142,False
tile_10734.npy,0.26639625,0.002463032,0.53032947,False
tile_21717.npy,0.26639384,0.0022346298,0.53055304,False
tile_27045.npy,0.26638618,0.002738167,0.5300342,False
tile_5850.npy,0.26637357,0.0022621122,0.53048503,False
tile_3238.npy,0.26635692,0.0021845805,0.53052926,False
tile_12739.npy,0.26635438,0.002768035,0.5299407,False
tile_27453.npy,0.26635322,0.0029582223,0.5297482,False
tile_19810.npy,0.2663518,0.0021053234,0.5305983,False
tile_6356.npy,0.26631638,0.0027200817,0.5299127,False
tile_31227.npy,0.26630077,0.0024791572,0.5301224,False
tile_5339.npy,0.26628992,0.0019739063,0.5306059,False
tile_4109.npy,0.26627734,0.0023287619,0.53022593,False
tile_15876.npy,0.26623946,0.001944802,0.53053415,False
tile_28813.npy,0.26620898,0.0025018957,0.52991605,False
tile_13948.npy,0.26616117,0.0021981888,0.5301242,False
tile_22830.npy,0.2661551,0.0024738603,0.52983636,False
tile_22248.npy,0.26615354,0.0021589124,0.53014815,False
tile_19345.npy,0.2661035,0.0021103518,0.53009665,False
tile_24215.npy,0.26609066,0.00205896,0.53012234,False
tile_28800.npy,0.26608273,0.0031190747,0.5290464,False
tile_28838.npy,0.26606864,0.0020919647,0.53004533,False
tile_9176.npy,0.26606122,0.0028293973,0.52929306,False
tile_16394.npy,0.26601198,0.002467061,0.52955693,False
tile_4121.npy,0.26600057,0.0030333928,0.52896774,False
tile_23516.npy,0.26599383,0.0026111365,0.5293765,False
tile_22249.npy,0.26596245,0.0024396074,0.5294853,False
tile_23174.npy,0.26596096,0.002643595,0.52927834,False
tile_27708.npy,0.26595807,0.0026396522,0.5292765,False
tile_9670.npy,0.2659428,0.0026260463,0.52925956,False
tile_12782.npy,0.26591182,0.0017088227,0.5301148,False
tile_25617.npy,0.2658834,0.002872631,0.5288941,False
tile_22488.npy,0.26585343,0.002060745,0.5296461,False
tile_19111.npy,0.26584643,0.0020152072,0.5296776,False
tile_27030.npy,0.26584634,0.002304634,0.52938807,False
tile_20912.npy,0.2658111,0.0022432755,0.5293789,False
tile_28929.npy,0.26580426,0.002944977,0.5286635,False
tile_23517.npy,0.26580152,0.002135716,0.52946734,False
tile_18074.npy,0.26578692,0.0018407833,0.52973306,False
tile_22716.npy,0.26578158,0.0021533594,0.5294098,False
tile_23200.npy,0.2657497,0.0017076683,0.5297917,False
tile_23953.npy,0.2657409,0.001771136,0.52971065,False
tile_23706.npy,0.26569316,0.0020228196,0.5293635,False
tile_27422.npy,0.26568657,0.0027803662,0.52859277,False
tile_4759.npy,0.26568276,0.0021579517,0.5292076,False
tile_9362.npy,0.26568228,0.0025170767,0.52884746,False
tile_8276.npy,0.265649,0.002053808,0.5292442,False
tile_10016.npy,0.26560077,0.0021269084,0.5290746,False
tile_4918.npy,0.2655983,0.0018492735,0.5293473,False
tile_26145.npy,0.26559633,0.002423244,0.52876943,False
tile_17099.npy,0.26559585,0.0024974546,0.5286943,False
tile_26830.npy,0.26559535,0.0025424461,0.52864826,False
tile_15692.npy,0.26557642,0.0023431648,0.52880967,False
tile_26556.npy,0.26556438,0.0021203314,0.52900845,False
tile_12158.npy,0.26554352,0.0025261089,0.52856094,False
tile_31769.npy,0.2655026,0.0015722906,0.5294329,False
tile_25527.npy,0.26547587,0.0024155916,0.52853614,False
tile_24419.npy,0.26546732,0.0019957537,0.5289389,False
tile_27748.npy,0.26546612,0.0019797366,0.52895254,False
tile_10115.npy,0.26545691,0.0014399838,0.52947384,False
tile_25265.npy,0.2654538,0.0021064705,0.5288011,False
tile_29985.npy,0.26544362,0.0017773054,0.52910995,False
tile_21700.npy,0.26544207,0.0022713693,0.5286128,False
tile_10044.npy,0.2654009,0.0022158674,0.5285859,False
tile_23723.npy,0.26536733,0.0023044772,0.52843016,False
tile_7606.npy,0.26535022,0.0020090507,0.5286914,False
tile_3710.npy,0.26528728,0.0016580145,0.52891654,False
tile_21603.npy,0.2652808,0.0020787497,0.52848285,False
tile_29317.npy,0.2652604,0.0022339101,0.5282869,False
tile_10222.npy,0.26525357,0.0022612638,0.52824587,False
tile_27436.npy,0.26522014,0.0026201434,0.5278201,False
tile_21605.npy,0.2652151,0.0025377513,0.5278925,False
tile_14477.npy,0.2652108,0.0021373178,0.5282843,False
tile_21672.npy,0.26520857,0.0021109392,0.5283062,False
tile_12026.npy,0.26516157,0.002120985,0.5282022,False
tile_8834.npy,0.26514578,0.0019860163,0.52830553,False
tile_23898.npy,0.26513013,0.002392037,0.5278682,False
tile_31225.npy,0.26510593,0.0021672081,0.52804464,False
tile_20317.npy,0.26506102,0.0020247495,0.5280973,False
tile_26397.npy,0.26505947,0.0020349952,0.5280839,False
tile_30530.npy,0.26504356,0.0022063907,0.5278807,False
tile_10820.npy,0.26504323,0.002049764,0.5280367,False
tile_20273.npy,0.26503408,0.0019825557,0.5280856,False
tile_22484.npy,0.26503333,0.0022274647,0.5278392,False
tile_22015.npy,0.26501492,0.0019405341,0.5280893,False
tile_15518.npy,0.264993,0.002023202,0.5279628,False
tile_23868.npy,0.26494858,0.0022556277,0.52764153,False
tile_15536.npy,0.2649328,0.0021478871,0.5277177,False
tile_13417.npy,0.26492804,0.0018997109,0.52795637,False
tile_29827.npy,0.26492518,0.0027684383,0.5270819,False
tile_4095.npy,0.2649075,0.0022979479,0.5275171,False
tile_20816.npy,0.26489162,0.0020372958,0.52774596,False
tile_9531.npy,0.2648769,0.002141805,0.527612,False
tile_20469.npy,0.2648722,0.002479883,0.5272645,False
tile_19297.npy,0.2648518,0.002305009,0.5273986,False
tile_16927.npy,0.26478148,0.0022619697,0.52730095,False
tile_6562.npy,0.26478064,0.0025667395,0.5269945,False
tile_6745.npy,0.26476097,0.0021100086,0.52741194,False
tile_10385.npy,0.26475272,0.0024747378,0.5270307,False
tile_23990.npy,0.2647416,0.0017991355,0.5276841,False
tile_19525.npy,0.26471248,0.00221465,0.5272103,False
tile_23183.npy,0.264712,0.0020058795,0.52741814,False
tile_10576.npy,0.26464215,0.0016879314,0.52759635,False
tile_13420.npy,0.26463798,0.0020705105,0.52720547,False
tile_17153.npy,0.26462033,0.0022689612,0.5269717,False
tile_23336.npy,0.26459387,0.0022914102,0.52689636,False
tile_10067.npy,0.26459214,0.0025339762,0.5266503,False
tile_30882.npy,0.26459005,0.0019798186,0.5272003,False
tile_11990.npy,0.2645888,0.0015254811,0.52765214,False
tile_22756.npy,0.26454124,0.0022475896,0.5268349,False
tile_19335.npy,0.26452687,0.0024004849,0.5266533,False
tile_12029.npy,0.26451132,0.0021543861,0.5268682,False
tile_25018.npy,0.2644544,0.0021022493,0.52680653,False
tile_23634.npy,0.26444525,0.0021151667,0.5267753,False
tile_10906.npy,0.2644346,0.0020576753,0.52681154,False
tile_19642.npy,0.2644286,0.0019498256,0.5269073,False
tile_15366.npy,0.26438755,0.0022951488,0.52647996,False
tile_8146.npy,0.26438662,0.0017594865,0.5270138,False
tile_6823.npy,0.2643829,0.0016187427,0.52714705,False
tile_21174.npy,0.26436633,0.0020695762,0.52666306,False
tile_32109.npy,0.2643633,0.00045419033,0.5282724,False
tile_20842.npy,0.26435187,0.0018881252,0.52681565,False
tile_17669.npy,0.26428574,0.0022010547,0.5263704,False
tile_25183.npy,0.2642505,0.0020640302,0.5264369,False
tile_21559.npy,0.2642324,0.0020038118,0.526461,False
tile_24908.npy,0.26422718,0.0027102625,0.5257441,False
tile_20161.npy,0.26422578,0.0022139708,0.5262376,False
tile_21036.npy,0.26418006,0.0019012857,0.52645886,False
tile_21417.npy,0.2641639,0.0010110709,0.52731675,False
tile_15853.npy,0.264139,0.002658133,0.52561986,False
tile_28805.npy,0.26409185,0.002383262,0.52580047,False
tile_22740.npy,0.26408467,0.002013644,0.5261557,False
tile_27414.npy,0.26408273,0.0018172057,0.52634823,False
tile_4584.npy,0.26406783,0.0021653837,0.5259703,False
tile_11563.npy,0.26404756,0.002018312,0.5260768,False
tile_4585.npy,0.26401046,0.0018425825,0.52617836,False
tile_30022.npy,0.2639817,0.002065753,0.5258976,False
tile_23870.npy,0.26397052,0.0020616492,0.5258794,False
tile_22478.npy,0.26396704,0.0015962934,0.5263378,False
tile_26219.npy,0.26396146,0.0022031723,0.52571976,False
tile_29860.npy,0.26394123,0.0019129519,0.5259695,False
tile_28148.npy,0.2639233,0.0022146804,0.5256319,False
tile_20044.npy,0.26391938,0.0020305242,0.5258082,False
tile_4274.npy,0.26386824,0.0021404983,0.52559596,False
tile_27385.npy,0.26385912,0.0021547766,0.5255635,False
tile_3030.npy,0.2638491,0.0019492471,0.52574897,False
tile_10235.npy,0.26384756,0.0020296935,0.5256654,False
tile_25851.npy,0.26384196,0.0020254077,0.5256585,False
tile_5510.npy,0.26380616,0.001736632,0.5258757,False
tile_30906.npy,0.26380116,0.00201533,0.52558696,False
tile_16514.npy,0.26377138,0.0018649823,0.5256778,False
tile_19298.npy,0.26377025,0.0021103844,0.52543014,False
tile_19696.npy,0.26375043,0.001796852,0.525704,False
tile_13837.npy,0.26367933,0.002042167,0.5253165,False
tile_26729.npy,0.26365855,0.0018747139,0.5254424,False
tile_13771.npy,0.26365766,0.0017284686,0.52558684,False
tile_7077.npy,0.26362306,0.0018826614,0.52536345,False
tile_21382.npy,0.263602,0.0016692393,0.52553475,False
tile_15299.npy,0.26359516,0.0007422817,0.5264481,False
tile_14301.npy,0.2635759,0.0017604139,0.5253914,False
tile_6125.npy,0.26356387,0.001087298,0.52604043,False
tile_25371.npy,0.2635545,0.0015069302,0.5256021,False
tile_8148.npy,0.26353028,0.0017426861,0.5253179,False
tile_22428.npy,0.2635259,0.0027674637,0.52428436,False
tile_22835.npy,0.26350096,0.0020137324,0.5249882,False
tile_21037.npy,0.26350033,0.0019348755,0.5250658,False
tile_21030.npy,0.26348045,0.001756395,0.52520454,False
tile_24289.npy,0.26341024,0.002289103,0.52453136,False
tile_11507.npy,0.26336488,0.0016250272,0.52510476,False
tile_27063.npy,0.26334247,0.0018551901,0.52482975,False
tile_25856.npy,0.26333636,0.0017779921,0.5248947,False
tile_23100.npy,0.2632507,0.0019147557,0.5245867,False
tile_11343.npy,0.26322842,0.0015718568,0.524885,False
tile_11923.npy,0.2631988,0.0019283539,0.52446926,False
tile_30032.npy,0.2631802,0.0020685457,0.5242919,False
tile_3725.npy,0.26317123,0.001571123,0.52477133,False
tile_6999.npy,0.263112,0.0016196016,0.52460444,False
tile_25635.npy,0.26310918,0.0019360054,0.52428234,False
tile_6045.npy,0.26308617,0.001652513,0.5245198,False
tile_2882.npy,0.26307717,0.0016376688,0.52451664,False
tile_2509.npy,0.263073,0.00093480863,0.5252112,False
tile_25032.npy,0.2630559,0.002193903,0.52391785,False
tile_21032.npy,0.2630505,0.0017912271,0.52430975,False
tile_12513.npy,0.26304305,0.0006491553,0.52543694,False
tile_16979.npy,0.26303804,0.0016691422,0.5244069,False
tile_5871.npy,0.26303667,0.001716143,0.5243572,False
tile_8726.npy,0.263031,0.0018160255,0.524246,False
tile_23045.npy,0.26298198,0.0015627733,0.5244012,False
tile_10572.npy,0.2629685,0.0014695548,0.52446747,False
tile_11810.npy,0.26296008,0.0017249326,0.5241952,False
tile_11212.npy,0.2629469,0.0018270507,0.52406675,False
tile_31074.npy,0.26294196,0.0023381473,0.52354574,False
tile_24128.npy,0.2629326,0.0017660997,0.5240991,False
tile_18643.npy,0.26289028,0.0020711382,0.5237094,False
tile_23005.npy,0.26287344,0.0017633835,0.5239835,False
tile_19684.npy,0.26285535,0.0015470074,0.5241637,False
tile_27215.npy,0.2628139,0.0016827991,0.523945,False
tile_11113.npy,0.2628038,0.0023829932,0.5232246,False
tile_18195.npy,0.26279375,0.0018550911,0.5237324,False
tile_10761.npy,0.26278466,0.0016298159,0.5239395,False
tile_13765.npy,0.26277563,0.0017684774,0.5237828,False
tile_21836.npy,0.26277414,0.0018310167,0.5237173,False
tile_4090.npy,0.2627738,0.002056581,0.523491,False
tile_10124.npy,0.26272646,0.0018133838,0.5236395,False
tile_28425.npy,0.26269978,0.0016663058,0.52373326,False
tile_7426.npy,0.26268804,0.0014009526,0.52397513,False
tile_14980.npy,0.26265654,0.0019143895,0.5233987,False
tile_29167.npy,0.26261187,0.0020721084,0.52315164,False
tile_19861.npy,0.26257882,0.0021638772,0.52299374,False
tile_11508.npy,0.2625543,0.0015335836,0.523575,False
tile_3552.npy,0.2625524,0.0019724676,0.5231323,False
tile_23713.npy,0.26255178,0.0017933781,0.5233102,False
tile_9951.npy,0.26254568,0.001579943,0.5235114,False
tile_13786.npy,0.26248795,0.0015452167,0.5234307,False
tile_27355.npy,0.26248732,0.0022111242,0.5227635,False
tile_26730.npy,0.26248497,0.0015350652,0.5234349,False
tile_27965.npy,0.2624519,0.0020596918,0.5228441,False
tile_26752.npy,0.26244962,0.0017396464,0.5231596,False
tile_18826.npy,0.2624485,0.001746065,0.5231509,False
tile_22604.npy,0.2624334,0.00050030625,0.5243665,False
tile_25111.npy,0.2624319,0.0016854213,0.52317834,False
tile_32117.npy,0.26239666,0.00056633336,0.524227,False
tile_18777.npy,0.2623742,0.0013542026,0.52339417,False
tile_4411.npy,0.26233807,0.0016786642,0.5229975,False
tile_5621.npy,0.2623344,0.0014688565,0.5232,False
tile_8385.npy,0.2623344,0.0018535759,0.5228152,False
tile_5962.npy,0.26233122,0.0013493403,0.5233131,False
tile_17259.npy,0.26231223,0.001722201,0.52290225,False
tile_23867.npy,0.26229915,0.0014856225,0.52311265,False
tile_28251.npy,0.26228595,0.0016060956,0.5229658,False
tile_24469.npy,0.26226634,0.001565428,0.5229672,False
tile_19875.npy,0.2622412,0.0016289225,0.5228535,False
tile_10056.npy,0.2622407,0.0019013863,0.52258,False
tile_22883.npy,0.26222748,0.0017411866,0.5227138,False
tile_14107.npy,0.26222354,0.00042559433,0.5240215,False
tile_8998.npy,0.2622101,0.0014913277,0.5229289,False
tile_31053.npy,0.26215243,0.00212863,0.52217627,False
tile_21843.npy,0.26215106,0.001651994,0.5226501,False
tile_6051.npy,0.26209366,0.0008677201,0.5233196,False
tile_27972.npy,0.26207024,0.0015496197,0.5225909,False
tile_25341.npy,0.2620546,0.0014440133,0.52266514,False
tile_29289.npy,0.2620515,0.0013311219,0.52277184,False
tile_27732.npy,0.26204583,0.0017341102,0.5223575,False
tile_28669.npy,0.2620453,0.0019956403,0.52209496,False
tile_6047.npy,0.2620446,0.0017937629,0.5222955,False
tile_9722.npy,0.26203254,0.00066973676,0.52339536,False
tile_13593.npy,0.26201472,0.0011059887,0.52292347,False
tile_9350.npy,0.261985,0.0013958337,0.5225742,False
tile_16453.npy,0.2619806,0.0013954213,0.5225658,False
tile_5622.npy,0.26196417,0.0015992696,0.5223291,False
tile_10219.npy,0.26193017,0.0015648599,0.5222955,False
tile_10051.npy,0.26190645,0.0018326805,0.5219802,False
tile_5087.npy,0.26188537,0.000661138,0.5231096,False
tile_3897.npy,0.26186368,0.0014383483,0.52228904,False
tile_29107.npy,0.2617941,0.0016143546,0.52197385,False
tile_25440.npy,0.26177257,0.0015584523,0.5219867,False
tile_18072.npy,0.26176938,0.0016671836,0.52187157,False
tile_7184.npy,0.2617408,0.0014207286,0.5220609,False
tile_27876.npy,0.2617375,0.00095515617,0.5225198,False
tile_3594.npy,0.2617301,0.0010159161,0.5224443,False
tile_22073.npy,0.2616224,0.0012901658,0.52195466,False
tile_23755.npy,0.26161143,0.0015865825,0.5216363,False
tile_3195.npy,0.26160398,0.0017707975,0.52143717,False
tile_26655.npy,0.26157185,0.0015415424,0.52160215,False
tile_4397.npy,0.26156986,0.0004191209,0.5227206,False
tile_3206.npy,0.26156142,0.0017849905,0.52133787,False
tile_22651.npy,0.26155305,0.0015515471,0.5215545,False
tile_29516.npy,0.26154533,0.0015111524,0.5215795,False
tile_15152.npy,0.26153553,0.0014744843,0.52159655,False
tile_26048.npy,0.26149076,0.001414049,0.52156746,False
tile_25981.npy,0.26148692,0.0017972653,0.5211766,False
tile_31073.npy,0.26148367,0.0015474902,0.5214198,False
tile_22639.npy,0.26148278,0.001760961,0.5212046,False
tile_6644.npy,0.26145655,0.0008785438,0.5220345,False
tile_9189.npy,0.2614499,0.0013621221,0.52153766,False
tile_26668.npy,0.26144683,0.001602782,0.5212909,False
tile_7683.npy,0.2614433,0.0006714289,0.5222151,False
tile_3741.npy,0.26144314,0.0015017902,0.5213845,False
tile_20642.npy,0.26139584,0.0016622685,0.5211294,False
tile_25780.npy,0.26138997,0.0018048997,0.52097505,False
tile_10555.npy,0.2613695,0.0017983441,0.52094066,False
tile_11218.npy,0.2613552,0.001522054,0.5211883,False
tile_30206.npy,0.261343,0.0016609484,0.52102506,False
tile_18067.npy,0.26132396,0.0015269308,0.52112097,False
tile_20332.npy,0.26131567,0.0012395832,0.52139175,False
tile_3888.npy,0.26131353,0.0013517444,0.5212753,False
tile_9004.npy,0.26129073,0.0016338432,0.52094764,False
tile_4105.npy,0.2612821,0.0013388102,0.52122533,False
tile_28620.npy,0.26127964,0.0012917462,0.52126753,False
tile_22584.npy,0.26125613,0.0014380348,0.52107424,False
tile_10711.npy,0.26124826,0.0014894878,0.52100706,False
tile_18368.npy,0.2612259,0.0016969761,0.5207548,False
tile_28321.npy,0.26121163,0.0014137716,0.5210095,False
tile_27625.npy,0.2612115,0.0013929902,0.52103007,False
tile_17735.npy,0.26120996,0.0015231622,0.5208968,False
tile_25821.npy,0.26119727,0.0015804737,0.52081406,False
tile_21967.npy,0.26116228,0.0015981474,0.52072644,False
tile_31605.npy,0.26113683,0.0011531169,0.52112055,False
tile_27877.npy,0.26112297,0.0011066556,0.52113926,False
tile_14310.npy,0.26111305,0.001498451,0.52072763,False
tile_2347.npy,0.26110318,0.0007292373,0.5214771,False
tile_20672.npy,0.26105288,0.0013554352,0.52075034,False
tile_7531.npy,0.26104942,0.0011467533,0.5209521,False
tile_10646.npy,0.26104838,0.0014503172,0.52064645,False
tile_30732.npy,0.261047,0.0008268922,0.5212671,False
tile_29485.npy,0.2610369,0.0017230858,0.5203507,False
tile_21421.npy,0.26098886,0.0010473169,0.5209304,False
tile_8449.npy,0.26097894,0.0013933319,0.52056456,False
tile_25816.npy,0.2609725,0.0014860511,0.52045894,False
tile_25196.npy,0.26091284,0.0011911192,0.52063453,False
tile_28665.npy,0.2609033,0.001071362,0.52073526,False
tile_10228.npy,0.26089844,0.0011882004,0.52060866,False
tile_27111.npy,0.26084653,0.0011410327,0.52055204,False
tile_7962.npy,0.26082665,0.0012970774,0.52035624,False
tile_24221.npy,0.260825,0.0011518468,0.52049816,False
tile_25322.npy,0.26081526,0.0015785868,0.52005196,False
tile_22600.npy,0.26080218,0.001681759,0.5199226,False
tile_14113.npy,0.2607523,0.0012886054,0.520216,False
tile_21209.npy,0.26074198,0.0013115287,0.5201724,False
tile_14839.npy,0.26072928,0.0015576617,0.5199009,False
tile_4244.npy,0.26069963,0.0015895682,0.51980966,False
tile_16902.npy,0.26069888,0.00104776,0.52035004,False
tile_3591.npy,0.26068115,0.0015766638,0.51978564,False
tile_3736.npy,0.26067653,0.0015232099,0.51982987,False
tile_18804.npy,0.26067278,0.0009924709,0.5203531,False
tile_3549.npy,0.26063707,0.0017237165,0.51955044,False
tile_2523.npy,0.26060936,0.0010184404,0.52020025,False
tile_16852.npy,0.26059917,0.0014343654,0.51976395,False
tile_18582.npy,0.260597,0.0014154441,0.51977855,False
tile_15187.npy,0.26057577,0.0014644555,0.5196871,False
tile_9718.npy,0.26056585,0.001548407,0.5195833,False
tile_4070.npy,0.26054704,0.0013823248,0.51971173,False
tile_24625.npy,0.26054242,0.0016172035,0.51946765,False
tile_27796.npy,0.26049897,0.0016655118,0.5193324,False
tile_20382.npy,0.26049793,0.0013831252,0.5196127,False
tile_3068.npy,0.26047802,0.00041818715,0.52053785,False
tile_25194.npy,0.26044858,0.0011454329,0.5197517,False
tile_18938.npy,0.26039818,0.0013251072,0.5194712,False
tile_24673.npy,0.26036733,0.0014496979,0.51928496,False
tile_11342.npy,0.26035532,0.001442347,0.5192683,False
tile_11333.npy,0.2603496,0.0013677359,0.51933146,False
tile_17967.npy,0.2603177,0.0011152768,0.51952016,False
tile_9533.npy,0.2602451,0.001144559,0.51934564,False
tile_6027.npy,0.26021072,0.0013065024,0.519115,False
tile_7092.npy,0.26018047,0.0014244268,0.5189365,False
tile_8979.npy,0.2601757,0.0013444518,0.51900697,False
tile_3947.npy,0.2601605,0.0011453624,0.51917565,False
tile_26936.npy,0.26013526,0.0013233956,0.5189471,False
tile_2713.npy,0.26011908,0.0005763249,0.51966184,False
tile_6135.npy,0.26011428,0.0013096873,0.5189189,False
tile_4413.npy,0.26010433,0.0015092464,0.5186994,False
tile_2525.npy,0.26006797,0.0014847822,0.5186511,False
tile_13588.npy,0.260063,0.0015674136,0.51855856,False
tile_12557.npy,0.26006117,0.0014469441,0.5186754,False
tile_30388.npy,0.26005402,0.0012536868,0.5188544,False
tile_20162.npy,0.2600377,0.0014762466,0.51859915,False
tile_23193.npy,0.26002336,0.001376127,0.51867056,False
tile_21877.npy,0.26001897,0.0013577085,0.5186802,False
tile_9601.npy,0.26000974,0.0013015362,0.51871794,False
tile_22143.npy,0.26000372,0.0013008455,0.51870656,False
tile_5694.npy,0.25994822,0.0012907467,0.5186057,False
tile_32101.npy,0.25994658,0.0010351135,0.5188581,False
tile_4984.npy,0.2599451,0.0012024384,0.5186877,False
tile_24770.npy,0.25988004,0.0010747185,0.51868534,False
tile_17273.npy,0.2598442,0.0011782129,0.5185102,False
tile_20151.npy,0.25983867,0.0014430836,0.51823425,False
tile_22255.npy,0.25983435,0.0012626561,0.51840603,False
tile_31767.npy,0.25975376,0.0010478136,0.51845974,False
tile_28941.npy,0.25974151,0.0013314551,0.5181516,False
tile_24558.npy,0.2597356,0.0013057827,0.51816547,False
tile_32113.npy,0.2597222,0.00085026486,0.51859415,False
tile_28475.npy,0.2597208,0.0011443106,0.5182973,False
tile_20734.npy,0.259719,0.0011746495,0.5182634,False
tile_27893.npy,0.25970662,0.0012979489,0.5181153,False
tile_29804.npy,0.25966164,0.0010141105,0.5183092,False
tile_31076.npy,0.2595822,0.0009982287,0.5181662,False
tile_26665.npy,0.25957572,0.0013645241,0.5177869,False
tile_25607.npy,0.25956294,0.0013407068,0.5177852,False
tile_25082.npy,0.25955567,0.0015780029,0.51753336,False
tile_4640.npy,0.2595532,0.0011683657,0.517938,False
tile_32115.npy,0.25952852,0.00071708625,0.51833993,False
tile_18607.npy,0.25951684,0.00042781682,0.5186058,False
tile_8826.npy,0.25951028,0.0011153354,0.51790524,False
tile_21889.npy,0.25949714,0.00157461,0.51741964,False
tile_10534.npy,0.25948134,0.0012468237,0.5177159,False
tile_19675.npy,0.25942087,0.0011798714,0.51766187,False
tile_31601.npy,0.2594011,0.0008361642,0.51796603,False
tile_28839.npy,0.25939178,0.0010386793,0.5177449,False
tile_22595.npy,0.259391,0.0012789848,0.517503,False
tile_30692.npy,0.25926682,0.0014254748,0.5171082,False
tile_23118.npy,0.25926626,0.0011897606,0.51734275,False
tile_4744.npy,0.25925606,0.0008976485,0.5176145,False
tile_20723.npy,0.25924873,0.0014583459,0.5170391,False
tile_28766.npy,0.259234,0.0011193149,0.5173487,False
tile_11862.npy,0.25922433,0.0013849307,0.51706374,False
tile_8042.npy,0.25913846,0.0011280698,0.51714885,False
tile_3368.npy,0.259115,0.0011803792,0.5170497,False
tile_16367.npy,0.25906536,0.0007206655,0.51741004,False
tile_27790.npy,0.25901648,0.0012032441,0.5168297,False
tile_28847.npy,0.25900936,0.0005054228,0.5175133,False
tile_9952.npy,0.2589806,0.0012206056,0.5167406,False
tile_30152.npy,0.25897986,0.00053091615,0.5174288,False
tile_27177.npy,0.25895667,0.0012361989,0.51667714,False
tile_28135.npy,0.25893617,0.0010314488,0.5168409,False
tile_29016.npy,0.25890124,0.0014634309,0.51633906,False
tile_24306.npy,0.25887945,0.001392366,0.51636654,False
tile_14774.npy,0.25887746,0.001225029,0.51652986,False
tile_10362.npy,0.258813,0.0011170884,0.5165089,False
tile_28840.npy,0.25879335,0.0010209621,0.51656574,False
tile_9719.npy,0.25876722,0.0010978486,0.5164366,False
tile_13261.npy,0.2587652,0.0010801824,0.5164502,False
tile_21766.npy,0.25870398,0.0010488594,0.5163591,False
tile_24165.npy,0.25869203,0.0013722589,0.5160118,False
tile_11678.npy,0.25861865,0.0008368534,0.51640046,False
tile_27704.npy,0.2585998,0.0011732442,0.5160263,False
tile_8205.npy,0.25852048,0.0008432878,0.5161977,False
tile_8728.npy,0.25847977,0.0011007679,0.51585877,False
tile_2513.npy,0.25847527,0.0011224018,0.51582813,False
tile_6535.npy,0.25846884,0.00087276404,0.5160649,False
tile_13259.npy,0.25844222,0.0009970458,0.5158874,False
tile_16036.npy,0.25837114,0.0012658348,0.51547647,False
tile_11865.npy,0.25828597,0.00088866596,0.5156833,False
tile_3411.npy,0.25827408,0.0009072776,0.51564085,False
tile_5346.npy,0.25826994,0.0012485373,0.51529133,False
tile_11983.npy,0.25826347,0.00079438125,0.5157325,False
tile_31583.npy,0.25826216,0.0011495162,0.5153748,False
tile_11335.npy,0.25825727,0.0010047592,0.5155098,False
tile_6995.npy,0.25825417,0.001401868,0.5151065,False
tile_11115.npy,0.25823906,0.0012424162,0.5152357,False
tile_12549.npy,0.25823796,0.00092540676,0.5155505,False
tile_18781.npy,0.25822923,0.00039352855,0.51606494,False
tile_25271.npy,0.25816235,0.0010775055,0.51524717,False
tile_19678.npy,0.25814617,0.0011786874,0.51511365,False
tile_29102.npy,0.25811344,0.0008030045,0.5154239,False
tile_26309.npy,0.25810963,0.00087044295,0.5153488,False
tile_2679.npy,0.25808835,0.00070019084,0.5154765,False
tile_3761.npy,0.25804842,0.00096806965,0.51512873,False
tile_9720.npy,0.25803992,0.00091214513,0.5151677,False
tile_29517.npy,0.2579828,0.0009920548,0.5149735,False
tile_10411.npy,0.25797176,0.0009890972,0.51495445,False
tile_26595.npy,0.25795528,0.00032310208,0.51558745,False
tile_8551.npy,0.25793043,0.0006960327,0.51516485,False
tile_14489.npy,0.25787193,0.0010868465,0.514657,False
tile_29864.npy,0.25786898,0.0009773307,0.5147606,False
tile_11059.npy,0.2578363,0.000809859,0.5148628,False
tile_5961.npy,0.25783256,0.001004412,0.5146607,False
tile_22933.npy,0.25782415,0.0012697703,0.51437855,False
tile_18458.npy,0.2577169,0.0011056955,0.5143281,False
tile_2851.npy,0.25769624,0.0008535619,0.51453894,False
tile_25089.npy,0.25767687,0.0009554,0.51439834,False
tile_3229.npy,0.2576648,0.0010546709,0.51427495,False
tile_14952.npy,0.25764924,0.00061117695,0.5146873,False
tile_28752.npy,0.25760686,0.00076567737,0.51444805,False
tile_2859.npy,0.25760245,0.0007891614,0.51441574,False
tile_6202.npy,0.25759387,0.00078751676,0.51440024,False
tile_25901.npy,0.25758576,0.00081537425,0.51435614,False
tile_21560.npy,0.25757372,0.00070191274,0.51444554,False
tile_16867.npy,0.25755966,0.00041778892,0.51470155,False
tile_17737.npy,0.2575516,0.00043552383,0.5146677,False
tile_27631.npy,0.2575481,0.0010645286,0.51403165,False
tile_27629.npy,0.25754157,0.00082190085,0.51426125,False
tile_10747.npy,0.25751832,0.0009073544,0.5141293,False
tile_28498.npy,0.25751078,0.0008237219,0.5141978,False
tile_22813.npy,0.25750995,0.0008246829,0.5141952,False
tile_17038.npy,0.25747004,0.0009312339,0.5140088,False
tile_6563.npy,0.2574576,0.0009063914,0.5140088,False
tile_30561.npy,0.25745037,0.00084819127,0.51405257,False
tile_18083.npy,0.25744125,0.00092350063,0.513959,False
tile_22417.npy,0.25743982,0.0009573697,0.5139223,False
tile_3040.npy,0.25742486,0.0011557746,0.5136939,False
tile_7065.npy,0.2573027,0.00094448205,0.5136609,False
tile_5875.npy,0.25724217,0.0007628865,0.51372147,False
tile_30224.npy,0.25723323,0.00067600457,0.5137905,False
tile_24851.npy,0.2572122,0.00082444213,0.51359993,False
tile_8727.npy,0.25718293,0.00079902104,0.51356685,False
tile_12861.npy,0.25718215,0.0005216101,0.5138427,False
tile_27702.npy,0.2571546,0.0006986115,0.5136106,False
tile_30870.npy,0.25713557,0.0009246821,0.51334643,False
tile_5434.npy,0.25711802,0.00056703633,0.513669,False
tile_29277.npy,0.2571038,0.00095091003,0.51325667,False
tile_24646.npy,0.2570971,0.00089032564,0.5133039,False
tile_4583.npy,0.25709507,0.00095133507,0.5132388,False
tile_6834.npy,0.25705642,0.0009032296,0.5132096,False
tile_25449.npy,0.2570352,0.00097408926,0.5130963,False
tile_9512.npy,0.25702965,0.0007196836,0.51333964,False
tile_24042.npy,0.25702572,0.00082871906,0.5132227,False
tile_6223.npy,0.25692356,0.0009154266,0.5129317,False
tile_23645.npy,0.25691295,0.0007802517,0.51304567,False
tile_31249.npy,0.25689986,0.00074549834,0.51305425,False
tile_21072.npy,0.25682455,0.0009850316,0.5126641,False
tile_23684.npy,0.25682312,0.0005033314,0.51314294,False
tile_30218.npy,0.25681853,0.0008471259,0.51278996,False
tile_5877.npy,0.25681588,0.00035541638,0.51327634,False
tile_13933.npy,0.25680965,0.000322828,0.5132965,False
tile_30189.npy,0.2568028,0.00067772734,0.5129279,False
tile_27628.npy,0.25677362,0.0009327135,0.51261455,False
tile_22115.npy,0.2567626,0.0006844293,0.51284075,False
tile_11813.npy,0.2567391,0.0009170106,0.5125612,False
tile_30398.npy,0.25655535,0.0004135694,0.5126971,False
tile_29883.npy,0.25654903,0.000412902,0.5126852,False
tile_19991.npy,0.25652206,0.00073347567,0.5123106,False
tile_22640.npy,0.25650132,0.0009824215,0.51202023,False
tile_11504.npy,0.25648755,0.00088534073,0.5120897,False
tile_14115.npy,0.25648013,0.00065139914,0.51230884,False
tile_14776.npy,0.2564696,0.0006999541,0.5122393,False
tile_30864.npy,0.2564246,0.00064108655,0.5122081,False
tile_28492.npy,0.25641352,0.0005031595,0.51232386,False
tile_3558.npy,0.2564069,0.000824954,0.5119889,False
tile_5965.npy,0.25639912,0.00065549876,0.5121428,False
tile_30356.npy,0.25636017,0.0008424315,0.5118779,False
tile_30034.npy,0.2563209,0.0007687858,0.511873,False
tile_20895.npy,0.25631154,0.00056126027,0.51206183,False
tile_23125.npy,0.25627837,0.0002681563,0.5122886,False
tile_10979.npy,0.25625437,0.00032549747,0.51218325,False
tile_30335.npy,0.25613463,0.0006009219,0.5116683,False
tile_13069.npy,0.25611135,0.00051528466,0.5117074,False
tile_26419.npy,0.25607166,0.0008297794,0.51131356,False
tile_11676.npy,0.25603262,0.0005046953,0.51156056,False
tile_12859.npy,0.25597572,0.0007185028,0.511233,False
tile_30340.npy,0.25594288,0.0006430894,0.5112427,False
tile_17415.npy,0.25592774,0.0008053207,0.51105016,False
tile_31430.npy,0.2558967,0.0003393109,0.51145405,False
tile_23297.npy,0.25587678,0.0005856933,0.5111679,False
tile_17064.npy,0.25587028,0.00064684567,0.51109374,False
tile_4236.npy,0.25584972,0.00064130704,0.51105815,False
tile_26935.npy,0.2558433,0.00083193916,0.51085466,False
tile_4467.npy,0.25582698,0.0006685719,0.5109854,False
tile_7275.npy,0.25569916,0.00048825206,0.51091003,False
tile_31774.npy,0.25567505,0.00031747462,0.51103264,False
tile_10983.npy,0.2556246,0.0006312318,0.510618,False
tile_3718.npy,0.25552294,0.00071132404,0.51033455,False
tile_4919.npy,0.255517,0.00067367393,0.51036036,False
tile_29707.npy,0.25551477,0.0007182922,0.51031125,False
tile_8901.npy,0.25549716,0.0005027196,0.5104916,False
tile_20168.npy,0.25548482,0.0006367509,0.5103329,False
tile_29011.npy,0.2554254,0.00062676513,0.51022404,False
tile_5094.npy,0.2554216,0.0008778467,0.50996536,False
tile_5350.npy,0.25541267,0.0005567914,0.51026857,False
tile_16719.npy,0.25537917,0.000795284,0.50996304,False
tile_25035.npy,0.25531787,0.0003733668,0.51026237,False
tile_23298.npy,0.2552912,0.00039228384,0.5101901,False
tile_12901.npy,0.2552909,0.00060048734,0.5099813,False
tile_14979.npy,0.25528368,0.00076170015,0.5098057,False
tile_2683.npy,0.2552645,0.00057926634,0.50994974,False
tile_9419.npy,0.255259,0.00039343268,0.51012456,False
tile_25955.npy,0.25523087,0.00071251823,0.50974923,False
tile_14777.npy,0.2552301,0.0004486703,0.51001155,False
tile_8207.npy,0.2552136,0.0007665256,0.50966066,False
tile_13067.npy,0.2551881,0.00060210965,0.5097741,False
tile_31602.npy,0.25517467,0.0003330755,0.51001626,False
tile_17389.npy,0.25516084,0.00026138788,0.5100603,False
tile_18457.npy,0.25512925,0.00053982076,0.50971866,False
tile_11156.npy,0.25512356,0.00049241213,0.5097547,False
tile_26482.npy,0.2551212,0.00053003535,0.50971234,False
tile_30745.npy,0.25508896,0.00047510216,0.5097028,False
tile_31396.npy,0.2550652,0.0006224683,0.50950795,False
tile_11159.npy,0.25503173,0.00055289874,0.5095106,False
tile_17934.npy,0.2550204,0.00042077625,0.5096201,False
tile_5609.npy,0.25496876,0.0004726771,0.50946486,False
tile_32280.npy,0.25494367,0.00022604811,0.5096613,False
tile_27805.npy,0.25488827,0.0004623487,0.5093142,False
tile_30691.npy,0.25487232,0.0006457785,0.5090989,False
tile_30332.npy,0.2548302,0.00040531583,0.5092551,False
tile_18950.npy,0.2547369,0.0005705075,0.50890326,False
tile_5174.npy,0.25471675,0.0006104655,0.50882304,False
tile_31214.npy,0.25471157,0.00019884882,0.5092243,False
tile_6549.npy,0.25469577,0.0005162629,0.5088753,False
tile_8383.npy,0.2545193,0.0005051789,0.5085335,False
tile_20691.npy,0.2545118,0.0005022989,0.5085213,False
tile_30048.npy,0.254421,0.0005496492,0.5082923,False
tile_30217.npy,0.25438568,0.0006601019,0.50811124,False
tile_28673.npy,0.25438258,0.0003979962,0.5083672,False
tile_29808.npy,0.25428227,0.0003504554,0.50821406,False
tile_28151.npy,0.25419924,0.0005195555,0.5078789,False
tile_4231.npy,0.2541785,0.0003301181,0.5080269,False
tile_31762.npy,0.2541458,0.00043571126,0.5078559,False
tile_16344.npy,0.25408804,0.00033417536,0.5078419,False
tile_3052.npy,0.25404584,0.00039006124,0.50770164,False
tile_29631.npy,0.25387174,0.00039383554,0.50734967,False
tile_2682.npy,0.25378233,0.00029957455,0.5072651,False
tile_20865.npy,0.253759,0.00035734446,0.50716066,False
tile_31603.npy,0.25373158,0.0002120965,0.5072511,False
tile_13415.npy,0.25363567,0.00035109394,0.5069203,False
tile_2690.npy,0.25343654,0.0003951065,0.50647795,False
tile_31752.npy,0.253284,0.00032921287,0.5062388,False
tile_6128.npy,0.2530249,0.0002534726,0.5057963,False
tile_7340.npy,0.25265342,0.00021065433,0.5050962,False
tile_10461.npy,0.25260672,0.00028717046,0.50492626,False
tile_14447.npy,0.041229047,1.1640159e-05,0.082446456,False
tile_1446.npy,0.041229047,1.1640159e-05,0.082446456,False
tile_1448.npy,0.041229047,1.1640159e-05,0.082446456,False
tile_23324.npy,0.041229047,1.1640159e-05,0.082446456,False
tile_23334.npy,0.041229047,1.1640159e-05,0.082446456,False
tile_27119.npy,0.041229047,1.1640159e-05,0.082446456,False
tile_27135.npy,0.041229047,1.1640159e-05,0.082446456,False
tile_27138.npy,0.041229047,1.1640159e-05,0.082446456,False
tile_27144.npy,0.041229047,1.1640159e-05,0.082446456,False
tile_27146.npy,0.041229047,1.1640159e-05,0.082446456,False
tile_27153.npy,0.041229047,1.1640159e-05,0.082446456,False
tile_27167.npy,0.041229047,1.1640159e-05,0.082446456,False
tile_27171.npy,0.041229047,1.1640159e-05,0.082446456,False
tile_2358.npy,0.041229047,1.1640159e-05,0.082446456,False
tile_2360.npy,0.041229047,1.1640159e-05,0.082446456,False
tile_13226.npy,0.041229047,1.1640159e-05,0.082446456,False
tile_13228.npy,0.041229047,1.1640159e-05,0.082446456,False
tile_13230.npy,0.041229047,1.1640159e-05,0.082446456,False
tile_13235.npy,0.041229047,1.1640159e-05,0.082446456,False
tile_133.npy,0.041229047,1.1640159e-05,0.082446456,False
tile_2720.npy,0.041229047,1.1640159e-05,0.082446456,False
tile_27299.npy,0.041229047,1.1640159e-05,0.082446456,False
tile_27314.npy,0.041229047,1.1640159e-05,0.082446456,False
tile_27315.npy,0.041229047,1.1640159e-05,0.082446456,False
tile_27320.npy,0.041229047,1.1640159e-05,0.082446456,False
tile_27348.npy,0.041229047,1.1640159e-05,0.082446456,False
tile_14627.npy,0.041229047,1.1640159e-05,0.082446456,False
tile_14628.npy,0.041229047,1.1640159e-05,0.082446456,False
tile_27647.npy,0.041229047,1.1640159e-05,0.082446456,False
tile_27671.npy,0.041229047,1.1640159e-05,0.082446456,False
tile_27672.npy,0.041229047,1.1640159e-05,0.082446456,False
tile_27674.npy,0.041229047,1.1640159e-05,0.082446456,False
tile_27691.npy,0.041229047,1.1640159e-05,0.082446456,False
tile_27469.npy,0.041229047,1.1640159e-05,0.082446456,False
tile_27474.npy,0.041229047,1.1640159e-05,0.082446456,False
tile_27477.npy,0.041229047,1.1640159e-05,0.082446456,False
tile_27494.npy,0.041229047,1.1640159e-05,0.082446456,False
tile_27508.npy,0.041229047,1.1640159e-05,0.082446456,False
tile_1314.npy,0.041229047,1.1640159e-05,0.082446456,False
tile_13219.npy,0.041229047,1.1640159e-05,0.082446456,False
tile_27817.npy,0.041229047,1.1640159e-05,0.082446456,False
tile_27825.npy,0.041229047,1.1640159e-05,0.082446456,False
tile_2320.npy,0.041229047,1.1640159e-05,0.082446456,False
tile_23305.npy,0.041229047,1.1640159e-05,0.082446456,False
tile_2331.npy,0.041229047,1.1640159e-05,0.082446456,False
tile_23319.npy,0.041229047,1.1640159e-05,0.082446456,False
tile_23322.npy,0.041229047,1.1640159e-05,0.082446456,False
tile_1454.npy,0.041229047,1.1640159e-05,0.082446456,False
tile_1458.npy,0.041229047,1.1640159e-05,0.082446456,False
tile_14626.npy,0.041229047,1.1640159e-05,0.082446456,False
tile_27517.npy,0.041229047,1.1640159e-05,0.082446456,False
tile_23153.npy,0.041229047,1.1640159e-05,0.082446456,False
tile_2316.npy,0.041229047,1.1640159e-05,0.082446456,False
tile_1473.npy,0.041229047,1.1640159e-05,0.082446456,False
tile_14778.npy,0.041229047,1.1640159e-05,0.082446456,False
tile_1478.npy,0.041229047,1.1640159e-05,0.082446456,False
tile_2775.npy,0.041229047,1.1640159e-05,0.082446456,False
tile_2781.npy,0.041229047,1.1640159e-05,0.082446456,False
tile_27811.npy,0.041229047,1.1640159e-05,0.082446456,False
tile_28016.npy,0.041229047,1.1640159e-05,0.082446456,False
tile_28040.npy,0.041229047,1.1640159e-05,0.082446456,False
tile_28046.npy,0.041229047,1.1640159e-05,0.082446456,False
tile_2810.npy,0.041229047,1.1640159e-05,0.082446456,False
tile_2812.npy,0.041229047,1.1640159e-05,0.082446456,False
tile_27838.npy,0.041229047,1.1640159e-05,0.082446456,False
tile_27851.npy,0.041229047,1.1640159e-05,0.082446456,False
tile_27856.npy,0.041229047,1.1640159e-05,0.082446456,False
tile_27861.npy,0.041229047,1.1640159e-05,0.082446456,False
tile_27873.npy,0.041229047,1.1640159e-05,0.082446456,False
tile_2797.npy,0.041229047,1.1640159e-05,0.082446456,False
tile_23144.npy,0.041229047,1.1640159e-05,0.082446456,False
tile_28216.npy,0.041229047,1.1640159e-05,0.082446456,False
tile_22966.npy,0.041229047,1.1640159e-05,0.082446456,False
tile_22976.npy,0.041229047,1.1640159e-05,0.082446456,False
tile_22977.npy,0.041229047,1.1640159e-05,0.082446456,False
tile_2298.npy,0.041229047,1.1640159e-05,0.082446456,False
tile_2309.npy,0.041229047,1.1640159e-05,0.082446456,False
tile_2798.npy,0.041229047,1.1640159e-05,0.082446456,False
tile_27982.npy,0.041229047,1.1640159e-05,0.082446456,False
tile_27987.npy,0.041229047,1.1640159e-05,0.082446456,False
tile_27992.npy,0.041229047,1.1640159e-05,0.082446456,False
tile_280.npy,0.041229047,1.1640159e-05,0.082446456,False
tile_28006.npy,0.041229047,1.1640159e-05,0.082446456,False
tile_28010.npy,0.041229047,1.1640159e-05,0.082446456,False
tile_13063.npy,0.041229047,1.1640159e-05,0.082446456,False
tile_1312.npy,0.041229047,1.1640159e-05,0.082446456,False
tile_2816.npy,0.041229047,1.1640159e-05,0.082446456,False
tile_28164.npy,0.041229047,1.1640159e-05,0.082446456,False
tile_2817.npy,0.041229047,1.1640159e-05,0.082446456,False
tile_28174.npy,0.041229047,1.1640159e-05,0.082446456,False
tile_2818.npy,0.041229047,1.1640159e-05,0.082446456,False
tile_28197.npy,0.041229047,1.1640159e-05,0.082446456,False
tile_282.npy,0.041229047,1.1640159e-05,0.082446456,False
tile_28208.npy,0.041229047,1.1640159e-05,0.082446456,False
tile_28210.npy,0.041229047,1.1640159e-05,0.082446456,False
tile_28213.npy,0.041229047,1.1640159e-05,0.082446456,False
tile_28384.npy,0.041229047,1.1640159e-05,0.082446456,False
tile_22779.npy,0.041229047,1.1640159e-05,0.082446456,False
tile_2278.npy,0.041229047,1.1640159e-05,0.082446456,False
tile_22783.npy,0.041229047,1.1640159e-05,0.082446456,False
tile_22792.npy,0.041229047,1.1640159e-05,0.082446456,False
tile_2281.npy,0.041229047,1.1640159e-05,0.082446456,False
tile_2288.npy,0.041229047,1.1640159e-05,0.082446456,False
tile_22965.npy,0.041229047,1.1640159e-05,0.082446456,False
tile_28220.npy,0.041229047,1.1640159e-05,0.082446456,False
tile_13040.npy,0.041229047,1.1640159e-05,0.082446456,False
tile_13048.npy,0.041229047,1.1640159e-05,0.082446456,False
tile_13062.npy,0.041229047,1.1640159e-05,0.082446456,False
tile_1492.npy,0.041229047,1.1640159e-05,0.082446456,False
tile_14955.npy,0.041229047,1.1640159e-05,0.082446456,False
tile_14959.npy,0.041229047,1.1640159e-05,0.082446456,False
tile_1496.npy,0.041229047,1.1640159e-05,0.082446456,False
tile_14960.npy,0.041229047,1.1640159e-05,0.082446456,False
tile_14975.npy,0.041229047,1.1640159e-05,0.082446456,False
tile_1500.npy,0.041229047,1.1640159e-05,0.082446456,False
tile_28331.npy,0.041229047,1.1640159e-05,0.082446456,False
tile_28333.npy,0.041229047,1.1640159e-05,0.082446456,False
tile_2835.npy,0.041229047,1.1640159e-05,0.082446456,False
tile_28377.npy,0.041229047,1.1640159e-05,0.082446456,False
tile_28378.npy,0.041229047,1.1640159e-05,0.082446456,False
tile_28379.npy,0.041229047,1.1640159e-05,0.082446456,False
tile_28736.npy,0.041229047,1.1640159e-05,0.082446456,False
tile_28742.npy,0.041229047,1.1640159e-05,0.082446456,False
tile_28745.npy,0.041229047,1.1640159e-05,0.082446456,False
tile_1297.npy,0.041229047,1.1640159e-05,0.082446456,False
tile_2845.npy,0.041229047,1.1640159e-05,0.082446456,False
tile_28503.npy,0.041229047,1.1640159e-05,0.082446456,False
tile_28529.npy,0.041229047,1.1640159e-05,0.082446456,False
tile_28533.npy,0.041229047,1.1640159e-05,0.082446456,False
tile_28536.npy,0.041229047,1.1640159e-05,0.082446456,False
tile_28558.npy,0.041229047,1.1640159e-05,0.082446456,False
tile_22613.npy,0.041229047,1.1640159e-05,0.082446456,False
tile_22617.npy,0.041229047,1.1640159e-05,0.082446456,False
tile_22634.npy,0.041229047,1.1640159e-05,0.082446456,False
tile_28682.npy,0.041229047,1.1640159e-05,0.082446456,False
tile_28883.npy,0.041229047,1.1640159e-05,0.082446456,False
tile_28889.npy,0.041229047,1.1640159e-05,0.082446456,False
tile_28898.npy,0.041229047,1.1640159e-05,0.082446456,False
tile_28916.npy,0.041229047,1.1640159e-05,0.082446456,False
tile_28920.npy,0.041229047,1.1640159e-05,0.082446456,False
tile_1259.npy,0.041229047,1.1640159e-05,0.082446456,False
tile_1265.npy,0.041229047,1.1640159e-05,0.082446456,False
tile_12694.npy,0.041229047,1.1640159e-05,0.082446456,False
tile_12714.npy,0.041229047,1.1640159e-05,0.082446456,False
tile_12867.npy,0.041229047,1.1640159e-05,0.082446456,False
tile_12883.npy,0.041229047,1.1640159e-05,0.082446456,False
tile_2235.npy,0.041229047,1.1640159e-05,0.082446456,False
tile_2240.npy,0.041229047,1.1640159e-05,0.082446456,False
tile_22435.npy,0.041229047,1.1640159e-05,0.082446456,False
tile_22436.npy,0.041229047,1.1640159e-05,0.082446456,False
tile_2244.npy,0.041229047,1.1640159e-05,0.082446456,False
tile_22445.npy,0.041229047,1.1640159e-05,0.082446456,False
tile_22450.npy,0.041229047,1.1640159e-05,0.082446456,False
tile_22456.npy,0.041229047,1.1640159e-05,0.082446456,False
tile_22460.npy,0.041229047,1.1640159e-05,0.082446456,False
tile_28865.npy,0.041229047,1.1640159e-05,0.082446456,False
tile_28881.npy,0.041229047,1.1640159e-05,0.082446456,False
tile_22263.npy,0.041229047,1.1640159e-05,0.082446456,False
tile_22267.npy,0.041229047,1.1640159e-05,0.082446456,False
tile_223.npy,0.041229047,1.1640159e-05,0.082446456,False
tile_2902.npy,0.041229047,1.1640159e-05,0.082446456,False
tile_29030.npy,0.041229047,1.1640159e-05,0.082446456,False
tile_29031.npy,0.041229047,1.1640159e-05,0.082446456,False
tile_29042.npy,0.041229047,1.1640159e-05,0.082446456,False
tile_29064.npy,0.041229047,1.1640159e-05,0.082446456,False
tile_29072.npy,0.041229047,1.1640159e-05,0.082446456,False
tile_29085.npy,0.041229047,1.1640159e-05,0.082446456,False
tile_29088.npy,0.041229047,1.1640159e-05,0.082446456,False
tile_2216.npy,0.041229047,1.1640159e-05,0.082446456,False
tile_1510.npy,0.041229047,1.1640159e-05,0.082446456,False
tile_15129.npy,0.041229047,1.1640159e-05,0.082446456,False
tile_15147.npy,0.041229047,1.1640159e-05,0.082446456,False
tile_15149.npy,0.041229047,1.1640159e-05,0.082446456,False
tile_2919.npy,0.041229047,1.1640159e-05,0.082446456,False
tile_29197.npy,0.041229047,1.1640159e-05,0.082446456,False
tile_29207.npy,0.041229047,1.1640159e-05,0.082446456,False
tile_29214.npy,0.041229047,1.1640159e-05,0.082446456,False
tile_29225.npy,0.041229047,1.1640159e-05,0.082446456,False
tile_29230.npy,0.041229047,1.1640159e-05,0.082446456,False
tile_29234.npy,0.041229047,1.1640159e-05,0.082446456,False
tile_29238.npy,0.041229047,1.1640159e-05,0.082446456,False
tile_29255.npy,0.041229047,1.1640159e-05,0.082446456,False
tile_29621.npy,0.041229047,1.1640159e-05,0.082446456,False
tile_29624.npy,0.041229047,1.1640159e-05,0.082446456,False
tile_29369.npy,0.041229047,1.1640159e-05,0.082446456,False
tile_29385.npy,0.041229047,1.1640159e-05,0.082446456,False
tile_29397.npy,0.041229047,1.1640159e-05,0.082446456,False
tile_29420.npy,0.041229047,1.1640159e-05,0.082446456,False
tile_29425.npy,0.041229047,1.1640159e-05,0.082446456,False
tile_29435.npy,0.041229047,1.1640159e-05,0.082446456,False
tile_29442.npy,0.041229047,1.1640159e-05,0.082446456,False
tile_29448.npy,0.041229047,1.1640159e-05,0.082446456,False
tile_22084.npy,0.041229047,1.1640159e-05,0.082446456,False
tile_22086.npy,0.041229047,1.1640159e-05,0.082446456,False
tile_22095.npy,0.041229047,1.1640159e-05,0.082446456,False
tile_21916.npy,0.041229047,1.1640159e-05,0.082446456,False
tile_21923.npy,0.041229047,1.1640159e-05,0.082446456,False
tile_21935.npy,0.041229047,1.1640159e-05,0.082446456,False
tile_2194.npy,0.041229047,1.1640159e-05,0.082446456,False
tile_2951.npy,0.041229047,1.1640159e-05,0.082446456,False
tile_29544.npy,0.041229047,1.1640159e-05,0.082446456,False
tile_29549.npy,0.041229047,1.1640159e-05,0.082446456,False
tile_29553.npy,0.041229047,1.1640159e-05,0.082446456,False
tile_29566.npy,0.041229047,1.1640159e-05,0.082446456,False
tile_29606.npy,0.041229047,1.1640159e-05,0.082446456,False
tile_29886.npy,0.041229047,1.1640159e-05,0.082446456,False
tile_29896.npy,0.041229047,1.1640159e-05,0.082446456,False
tile_29922.npy,0.041229047,1.1640159e-05,0.082446456,False
tile_29949.npy,0.041229047,1.1640159e-05,0.082446456,False
tile_29727.npy,0.041229047,1.1640159e-05,0.082446456,False
tile_29728.npy,0.041229047,1.1640159e-05,0.082446456,False
tile_29729.npy,0.041229047,1.1640159e-05,0.082446456,False
tile_29732.npy,0.041229047,1.1640159e-05,0.082446456,False
tile_1249.npy,0.041229047,1.1640159e-05,0.082446456,False
tile_1251.npy,0.041229047,1.1640159e-05,0.082446456,False
tile_12515.npy,0.041229047,1.1640159e-05,0.082446456,False
tile_12527.npy,0.041229047,1.1640159e-05,0.082446456,False
tile_12528.npy,0.041229047,1.1640159e-05,0.082446456,False
tile_2175.npy,0.041229047,1.1640159e-05,0.082446456,False
tile_21764.npy,0.041229047,1.1640159e-05,0.082446456,False
tile_2180.npy,0.041229047,1.1640159e-05,0.082446456,False
tile_2182.npy,0.041229047,1.1640159e-05,0.082446456,False
tile_29751.npy,0.041229047,1.1640159e-05,0.082446456,False
tile_29752.npy,0.041229047,1.1640159e-05,0.082446456,False
tile_29754.npy,0.041229047,1.1640159e-05,0.082446456,False
tile_29767.npy,0.041229047,1.1640159e-05,0.082446456,False
tile_298.npy,0.041229047,1.1640159e-05,0.082446456,False
tile_30249.npy,0.041229047,1.1640159e-05,0.082446456,False
tile_30255.npy,0.041229047,1.1640159e-05,0.082446456,False
tile_2171.npy,0.041229047,1.1640159e-05,0.082446456,False
tile_21737.npy,0.041229047,1.1640159e-05,0.082446456,False
tile_21738.npy,0.041229047,1.1640159e-05,0.082446456,False
tile_21745.npy,0.041229047,1.1640159e-05,0.082446456,False
tile_29957.npy,0.041229047,1.1640159e-05,0.082446456,False
tile_29966.npy,0.041229047,1.1640159e-05,0.082446456,False
tile_30059.npy,0.041229047,1.1640159e-05,0.082446456,False
tile_30063.npy,0.041229047,1.1640159e-05,0.082446456,False
tile_30066.npy,0.041229047,1.1640159e-05,0.082446456,False
tile_30072.npy,0.041229047,1.1640159e-05,0.082446456,False
tile_30073.npy,0.041229047,1.1640159e-05,0.082446456,False
tile_30076.npy,0.041229047,1.1640159e-05,0.082446456,False
tile_30309.npy,0.041229047,1.1640159e-05,0.082446456,False
tile_30311.npy,0.041229047,1.1640159e-05,0.082446456,False
tile_30087.npy,0.041229047,1.1640159e-05,0.082446456,False
tile_30117.npy,0.041229047,1.1640159e-05,0.082446456,False
tile_30135.npy,0.041229047,1.1640159e-05,0.082446456,False
tile_3016.npy,0.041229047,1.1640159e-05,0.082446456,False
tile_21566.npy,0.041229047,1.1640159e-05,0.082446456,False
tile_21571.npy,0.041229047,1.1640159e-05,0.082446456,False
tile_21587.npy,0.041229047,1.1640159e-05,0.082446456,False
tile_21589.npy,0.041229047,1.1640159e-05,0.082446456,False
tile_15313.npy,0.041229047,1.1640159e-05,0.082446456,False
tile_15316.npy,0.041229047,1.1640159e-05,0.082446456,False
tile_1532.npy,0.041229047,1.1640159e-05,0.082446456,False
tile_30273.npy,0.041229047,1.1640159e-05,0.082446456,False
tile_30274.npy,0.041229047,1.1640159e-05,0.082446456,False
tile_30275.npy,0.041229047,1.1640159e-05,0.082446456,False
tile_30287.npy,0.041229047,1.1640159e-05,0.082446456,False
tile_30293.npy,0.041229047,1.1640159e-05,0.082446456,False
tile_30302.npy,0.041229047,1.1640159e-05,0.082446456,False
tile_30306.npy,0.041229047,1.1640159e-05,0.082446456,False
tile_3070.npy,0.041229047,1.1640159e-05,0.082446456,False
tile_30404.npy,0.041229047,1.1640159e-05,0.082446456,False
tile_30424.npy,0.041229047,1.1640159e-05,0.082446456,False
tile_30449.npy,0.041229047,1.1640159e-05,0.082446456,False
tile_30469.npy,0.041229047,1.1640159e-05,0.082446456,False
tile_30486.npy,0.041229047,1.1640159e-05,0.082446456,False
tile_30489.npy,0.041229047,1.1640159e-05,0.082446456,False
tile_30498.npy,0.041229047,1.1640159e-05,0.082446456,False
tile_30501.npy,0.041229047,1.1640159e-05,0.082446456,False
tile_30802.npy,0.041229047,1.1640159e-05,0.082446456,False
tile_30803.npy,0.041229047,1.1640159e-05,0.082446456,False
tile_3081.npy,0.041229047,1.1640159e-05,0.082446456,False
tile_30814.npy,0.041229047,1.1640159e-05,0.082446456,False
tile_30831.npy,0.041229047,1.1640159e-05,0.082446456,False
tile_30581.npy,0.041229047,1.1640159e-05,0.082446456,False
tile_30586.npy,0.041229047,1.1640159e-05,0.082446456,False
tile_30592.npy,0.041229047,1.1640159e-05,0.082446456,False
tile_30601.npy,0.041229047,1.1640159e-05,0.082446456,False
tile_30616.npy,0.041229047,1.1640159e-05,0.082446456,False
tile_30622.npy,0.041229047,1.1640159e-05,0.082446456,False
tile_30628.npy,0.041229047,1.1640159e-05,0.082446456,False
tile_30633.npy,0.041229047,1.1640159e-05,0.082446456,False
tile_30644.npy,0.041229047,1.1640159e-05,0.082446456,False
tile_30663.npy,0.041229047,1.1640159e-05,0.082446456,False
tile_30665.npy,0.041229047,1.1640159e-05,0.082446456,False
tile_30976.npy,0.041229047,1.1640159e-05,0.082446456,False
tile_1552.npy,0.041229047,1.1640159e-05,0.082446456,False
tile_21407.npy,0.041229047,1.1640159e-05,0.082446456,False
tile_2149.npy,0.041229047,1.1640159e-05,0.082446456,False
tile_2153.npy,0.041229047,1.1640159e-05,0.082446456,False
tile_3071.npy,0.041229047,1.1640159e-05,0.082446456,False
tile_3074.npy,0.041229047,1.1640159e-05,0.082446456,False
tile_30750.npy,0.041229047,1.1640159e-05,0.082446456,False
tile_30756.npy,0.041229047,1.1640159e-05,0.082446456,False
tile_30758.npy,0.041229047,1.1640159e-05,0.082446456,False
tile_30770.npy,0.041229047,1.1640159e-05,0.082446456,False
tile_30772.npy,0.041229047,1.1640159e-05,0.082446456,False
tile_30774.npy,0.041229047,1.1640159e-05,0.082446456,False
tile_31102.npy,0.041229047,1.1640159e-05,0.082446456,False
tile_31105.npy,0.041229047,1.1640159e-05,0.082446456,False
tile_31107.npy,0.041229047,1.1640159e-05,0.082446456,False
tile_31109.npy,0.041229047,1.1640159e-05,0.082446456,False
tile_30839.npy,0.041229047,1.1640159e-05,0.082446456,False
tile_30845.npy,0.041229047,1.1640159e-05,0.082446456,False
tile_30851.npy,0.041229047,1.1640159e-05,0.082446456,False
tile_30935.npy,0.041229047,1.1640159e-05,0.082446456,False
tile_30949.npy,0.041229047,1.1640159e-05,0.082446456,False
tile_3095.npy,0.041229047,1.1640159e-05,0.082446456,False
tile_30952.npy,0.041229047,1.1640159e-05,0.082446456,False
tile_30956.npy,0.041229047,1.1640159e-05,0.082446456,False
tile_3097.npy,0.041229047,1.1640159e-05,0.082446456,False
tile_30971.npy,0.041229047,1.1640159e-05,0.082446456,False
tile_31209.npy,0.041229047,1.1640159e-05,0.082446456,False
tile_31270.npy,0.041229047,1.1640159e-05,0.082446456,False
tile_31275.npy,0.041229047,1.1640159e-05,0.082446456,False
tile_31283.npy,0.041229047,1.1640159e-05,0.082446456,False
tile_31296.npy,0.041229047,1.1640159e-05,0.082446456,False
tile_3098.npy,0.041229047,1.1640159e-05,0.082446456,False
tile_30985.npy,0.041229047,1.1640159e-05,0.082446456,False
tile_30995.npy,0.041229047,1.1640159e-05,0.082446456,False
tile_31002.npy,0.041229047,1.1640159e-05,0.082446456,False
tile_31007.npy,0.041229047,1.1640159e-05,0.082446456,False
tile_3101.npy,0.041229047,1.1640159e-05,0.082446456,False
tile_31446.npy,0.041229047,1.1640159e-05,0.082446456,False
tile_31483.npy,0.041229047,1.1640159e-05,0.082446456,False
tile_31487.npy,0.041229047,1.1640159e-05,0.082446456,False
tile_31496.npy,0.041229047,1.1640159e-05,0.082446456,False
tile_31501.npy,0.041229047,1.1640159e-05,0.082446456,False
tile_31505.npy,0.041229047,1.1640159e-05,0.082446456,False
tile_31512.npy,0.041229047,1.1640159e-05,0.082446456,False
tile_31515.npy,0.041229047,1.1640159e-05,0.082446456,False
tile_31526.npy,0.041229047,1.1640159e-05,0.082446456,False
tile_31530.npy,0.041229047,1.1640159e-05,0.082446456,False
tile_31116.npy,0.041229047,1.1640159e-05,0.082446456,False
tile_31121.npy,0.041229047,1.1640159e-05,0.082446456,False
tile_31122.npy,0.041229047,1.1640159e-05,0.082446456,False
tile_31152.npy,0.041229047,1.1640159e-05,0.082446456,False
tile_31161.npy,0.041229047,1.1640159e-05,0.082446456,False
tile_31194.npy,0.041229047,1.1640159e-05,0.082446456,False
tile_31608.npy,0.041229047,1.1640159e-05,0.082446456,False
tile_31619.npy,0.041229047,1.1640159e-05,0.082446456,False
tile_31626.npy,0.041229047,1.1640159e-05,0.082446456,False
tile_31632.npy,0.041229047,1.1640159e-05,0.082446456,False
tile_31642.npy,0.041229047,1.1640159e-05,0.082446456,False
tile_31648.npy,0.041229047,1.1640159e-05,0.082446456,False
tile_31658.npy,0.041229047,1.1640159e-05,0.082446456,False
tile_31659.npy,0.041229047,1.1640159e-05,0.082446456,False
tile_31339.npy,0.041229047,1.1640159e-05,0.082446456,False
tile_31343.npy,0.041229047,1.1640159e-05,0.082446456,False
tile_31360.npy,0.041229047,1.1640159e-05,0.082446456,False
tile_31376.npy,0.041229047,1.1640159e-05,0.082446456,False
tile_31788.npy,0.041229047,1.1640159e-05,0.082446456,False
tile_2135.npy,0.041229047,1.1640159e-05,0.082446456,False
tile_21404.npy,0.041229047,1.1640159e-05,0.082446456,False
tile_15475.npy,0.041229047,1.1640159e-05,0.082446456,False
tile_15481.npy,0.041229047,1.1640159e-05,0.082446456,False
tile_15486.npy,0.041229047,1.1640159e-05,0.082446456,False
tile_15492.npy,0.041229047,1.1640159e-05,0.082446456,False
tile_15493.npy,0.041229047,1.1640159e-05,0.082446456,False
tile_155.npy,0.041229047,1.1640159e-05,0.082446456,False
tile_1550.npy,0.041229047,1.1640159e-05,0.082446456,False
tile_31534.npy,0.041229047,1.1640159e-05,0.082446456,False
tile_31549.npy,0.041229047,1.1640159e-05,0.082446456,False
tile_31558.npy,0.041229047,1.1640159e-05,0.082446456,False
tile_31914.npy,0.041229047,1.1640159e-05,0.082446456,False
tile_31981.npy,0.041229047,1.1640159e-05,0.082446456,False
tile_31662.npy,0.041229047,1.1640159e-05,0.082446456,False
tile_3167.npy,0.041229047,1.1640159e-05,0.082446456,False
tile_31694.npy,0.041229047,1.1640159e-05,0.082446456,False
tile_31695.npy,0.041229047,1.1640159e-05,0.082446456,False
tile_31718.npy,0.041229047,1.1640159e-05,0.082446456,False
tile_3172.npy,0.041229047,1.1640159e-05,0.082446456,False
tile_31728.npy,0.041229047,1.1640159e-05,0.082446456,False
tile_3178.npy,0.041229047,1.1640159e-05,0.082446456,False
tile_31780.npy,0.041229047,1.1640159e-05,0.082446456,False
tile_31794.npy,0.041229047,1.1640159e-05,0.082446456,False
tile_31795.npy,0.041229047,1.1640159e-05,0.082446456,False
tile_31805.npy,0.041229047,1.1640159e-05,0.082446456,False
tile_31807.npy,0.041229047,1.1640159e-05,0.082446456,False
tile_31819.npy,0.041229047,1.1640159e-05,0.082446456,False
tile_31839.npy,0.041229047,1.1640159e-05,0.082446456,False
tile_31842.npy,0.041229047,1.1640159e-05,0.082446456,False
tile_3186.npy,0.041229047,1.1640159e-05,0.082446456,False
tile_3187.npy,0.041229047,1.1640159e-05,0.082446456,False
tile_31877.npy,0.041229047,1.1640159e-05,0.082446456,False
tile_31887.npy,0.041229047,1.1640159e-05,0.082446456,False
tile_31898.npy,0.041229047,1.1640159e-05,0.082446456,False
tile_31909.npy,0.041229047,1.1640159e-05,0.082446456,False
tile_32203.npy,0.041229047,1.1640159e-05,0.082446456,False
tile_32213.npy,0.041229047,1.1640159e-05,0.082446456,False
tile_32225.npy,0.041229047,1.1640159e-05,0.082446456,False
tile_32229.npy,0.041229047,1.1640159e-05,0.082446456,False
tile_32249.npy,0.041229047,1.1640159e-05,0.082446456,False
tile_31982.npy,0.041229047,1.1640159e-05,0.082446456,False
tile_31989.npy,0.041229047,1.1640159e-05,0.082446456,False
tile_31992.npy,0.041229047,1.1640159e-05,0.082446456,False
tile_32015.npy,0.041229047,1.1640159e-05,0.082446456,False
tile_32017.npy,0.041229047,1.1640159e-05,0.082446456,False
tile_32027.npy,0.041229047,1.1640159e-05,0.082446456,False
tile_32039.npy,0.041229047,1.1640159e-05,0.082446456,False
tile_32052.npy,0.041229047,1.1640159e-05,0.082446456,False
tile_32067.npy,0.041229047,1.1640159e-05,0.082446456,False
tile_32097.npy,0.041229047,1.1640159e-05,0.082446456,False
tile_32384.npy,0.041229047,1.1640159e-05,0.082446456,False
tile_32408.npy,0.041229047,1.1640159e-05,0.082446456,False
tile_32412.npy,0.041229047,1.1640159e-05,0.082446456,False
tile_32439.npy,0.041229047,1.1640159e-05,0.082446456,False
tile_32449.npy,0.041229047,1.1640159e-05,0.082446456,False
tile_32450.npy,0.041229047,1.1640159e-05,0.082446456,False
tile_32129.npy,0.041229047,1.1640159e-05,0.082446456,False
tile_32135.npy,0.041229047,1.1640159e-05,0.082446456,False
tile_32141.npy,0.041229047,1.1640159e-05,0.082446456,False
tile_32145.npy,0.041229047,1.1640159e-05,0.082446456,False
tile_32149.npy,0.041229047,1.1640159e-05,0.082446456,False
tile_32161.npy,0.041229047,1.1640159e-05,0.082446456,False
tile_32168.npy,0.041229047,1.1640159e-05,0.082446456,False
tile_32172.npy,0.041229047,1.1640159e-05,0.082446456,False
tile_32193.npy,0.041229047,1.1640159e-05,0.082446456,False
tile_32508.npy,0.041229047,1.1640159e-05,0.082446456,False
tile_32512.npy,0.041229047,1.1640159e-05,0.082446456,False
tile_32532.npy,0.041229047,1.1640159e-05,0.082446456,False
tile_32534.npy,0.041229047,1.1640159e-05,0.082446456,False
tile_32539.npy,0.041229047,1.1640159e-05,0.082446456,False
tile_32543.npy,0.041229047,1.1640159e-05,0.082446456,False
tile_32554.npy,0.041229047,1.1640159e-05,0.082446456,False
tile_32295.npy,0.041229047,1.1640159e-05,0.082446456,False
tile_32308.npy,0.041229047,1.1640159e-05,0.082446456,False
tile_32311.npy,0.041229047,1.1640159e-05,0.082446456,False
tile_32334.npy,0.041229047,1.1640159e-05,0.082446456,False
tile_32354.npy,0.041229047,1.1640159e-05,0.082446456,False
tile_32363.npy,0.041229047,1.1640159e-05,0.082446456,False
tile_32376.npy,0.041229047,1.1640159e-05,0.082446456,False
tile_32648.npy,0.041229047,1.1640159e-05,0.082446456,False
tile_3265.npy,0.041229047,1.1640159e-05,0.082446456,False
tile_32658.npy,0.041229047,1.1640159e-05,0.082446456,False
tile_32659.npy,0.041229047,1.1640159e-05,0.082446456,False
tile_32667.npy,0.041229047,1.1640159e-05,0.082446456,False
tile_32671.npy,0.041229047,1.1640159e-05,0.082446456,False
tile_32676.npy,0.041229047,1.1640159e-05,0.082446456,False
tile_32462.npy,0.041229047,1.1640159e-05,0.082446456,False
tile_32465.npy,0.041229047,1.1640159e-05,0.082446456,False
tile_3248.npy,0.041229047,1.1640159e-05,0.082446456,False
tile_32485.npy,0.041229047,1.1640159e-05,0.082446456,False
tile_32488.npy,0.041229047,1.1640159e-05,0.082446456,False
tile_32497.npy,0.041229047,1.1640159e-05,0.082446456,False
tile_32498.npy,0.041229047,1.1640159e-05,0.082446456,False
tile_32501.npy,0.041229047,1.1640159e-05,0.082446456,False
tile_32502.npy,0.041229047,1.1640159e-05,0.082446456,False
tile_32758.npy,0.041229047,1.1640159e-05,0.082446456,False
tile_32763.npy,0.041229047,1.1640159e-05,0.082446456,False
tile_32770.npy,0.041229047,1.1640159e-05,0.082446456,False
tile_32771.npy,0.041229047,1.1640159e-05,0.082446456,False
tile_32777.npy,0.041229047,1.1640159e-05,0.082446456,False
tile_32780.npy,0.041229047,1.1640159e-05,0.082446456,False
tile_32784.npy,0.041229047,1.1640159e-05,0.082446456,False
tile_32562.npy,0.041229047,1.1640159e-05,0.082446456,False
tile_32587.npy,0.041229047,1.1640159e-05,0.082446456,False
tile_32588.npy,0.041229047,1.1640159e-05,0.082446456,False
tile_326.npy,0.041229047,1.1640159e-05,0.082446456,False
tile_32612.npy,0.041229047,1.1640159e-05,0.082446456,False
tile_32619.npy,0.041229047,1.1640159e-05,0.082446456,False
tile_3262.npy,0.041229047,1.1640159e-05,0.082446456,False
tile_32625.npy,0.041229047,1.1640159e-05,0.082446456,False
tile_32638.npy,0.041229047,1.1640159e-05,0.082446456,False
tile_32841.npy,0.041229047,1.1640159e-05,0.082446456,False
tile_32842.npy,0.041229047,1.1640159e-05,0.082446456,False
tile_32869.npy,0.041229047,1.1640159e-05,0.082446456,False
tile_3287.npy,0.041229047,1.1640159e-05,0.082446456,False
tile_32879.npy,0.041229047,1.1640159e-05,0.082446456,False
tile_32882.npy,0.041229047,1.1640159e-05,0.082446456,False
tile_32886.npy,0.041229047,1.1640159e-05,0.082446456,False
tile_3271.npy,0.041229047,1.1640159e-05,0.082446456,False
tile_32711.npy,0.041229047,1.1640159e-05,0.082446456,False
tile_32724.npy,0.041229047,1.1640159e-05,0.082446456,False
tile_32728.npy,0.041229047,1.1640159e-05,0.082446456,False
tile_32733.npy,0.041229047,1.1640159e-05,0.082446456,False
tile_32738.npy,0.041229047,1.1640159e-05,0.082446456,False
tile_32741.npy,0.041229047,1.1640159e-05,0.082446456,False
tile_32746.npy,0.041229047,1.1640159e-05,0.082446456,False
tile_32750.npy,0.041229047,1.1640159e-05,0.082446456,False
tile_32976.npy,0.041229047,1.1640159e-05,0.082446456,False
tile_32979.npy,0.041229047,1.1640159e-05,0.082446456,False
tile_3298.npy,0.041229047,1.1640159e-05,0.082446456,False
tile_32981.npy,0.041229047,1.1640159e-05,0.082446456,False
tile_32991.npy,0.041229047,1.1640159e-05,0.082446456,False
tile_33010.npy,0.041229047,1.1640159e-05,0.082446456,False
tile_33013.npy,0.041229047,1.1640159e-05,0.082446456,False
tile_32803.npy,0.041229047,1.1640159e-05,0.082446456,False
tile_32806.npy,0.041229047,1.1640159e-05,0.082446456,False
tile_32813.npy,0.041229047,1.1640159e-05,0.082446456,False
tile_32816.npy,0.041229047,1.1640159e-05,0.082446456,False
tile_32818.npy,0.041229047,1.1640159e-05,0.082446456,False
tile_32819.npy,0.041229047,1.1640159e-05,0.082446456,False
tile_32823.npy,0.041229047,1.1640159e-05,0.082446456,False
tile_32838.npy,0.041229047,1.1640159e-05,0.082446456,False
tile_32839.npy,0.041229047,1.1640159e-05,0.082446456,False
tile_33070.npy,0.041229047,1.1640159e-05,0.082446456,False
tile_3308.npy,0.041229047,1.1640159e-05,0.082446456,False
tile_33103.npy,0.041229047,1.1640159e-05,0.082446456,False
tile_33104.npy,0.041229047,1.1640159e-05,0.082446456,False
tile_33108.npy,0.041229047,1.1640159e-05,0.082446456,False
tile_33113.npy,0.041229047,1.1640159e-05,0.082446456,False
tile_33117.npy,0.041229047,1.1640159e-05,0.082446456,False
tile_32889.npy,0.041229047,1.1640159e-05,0.082446456,False
tile_32894.npy,0.041229047,1.1640159e-05,0.082446456,False
tile_329.npy,0.041229047,1.1640159e-05,0.082446456,False
tile_32912.npy,0.041229047,1.1640159e-05,0.082446456,False
tile_32917.npy,0.041229047,1.1640159e-05,0.082446456,False
tile_32921.npy,0.041229047,1.1640159e-05,0.082446456,False
tile_32937.npy,0.041229047,1.1640159e-05,0.082446456,False
tile_32973.npy,0.041229047,1.1640159e-05,0.082446456,False
tile_32974.npy,0.041229047,1.1640159e-05,0.082446456,False
tile_33212.npy,0.041229047,1.1640159e-05,0.082446456,False
tile_33220.npy,0.041229047,1.1640159e-05,0.082446456,False
tile_33225.npy,0.041229047,1.1640159e-05,0.082446456,False
tile_33238.npy,0.041229047,1.1640159e-05,0.082446456,False
tile_33254.npy,0.041229047,1.1640159e-05,0.082446456,False
tile_33260.npy,0.041229047,1.1640159e-05,0.082446456,False
tile_33262.npy,0.041229047,1.1640159e-05,0.082446456,False
tile_33018.npy,0.041229047,1.1640159e-05,0.082446456,False
tile_3302.npy,0.041229047,1.1640159e-05,0.082446456,False
tile_33032.npy,0.041229047,1.1640159e-05,0.082446456,False
tile_33039.npy,0.041229047,1.1640159e-05,0.082446456,False
tile_33042.npy,0.041229047,1.1640159e-05,0.082446456,False
tile_33062.npy,0.041229047,1.1640159e-05,0.082446456,False
tile_33063.npy,0.041229047,1.1640159e-05,0.082446456,False
tile_33069.npy,0.041229047,1.1640159e-05,0.082446456,False
tile_3307.npy,0.041229047,1.1640159e-05,0.082446456,False
tile_3333.npy,0.041229047,1.1640159e-05,0.082446456,False
tile_33332.npy,0.041229047,1.1640159e-05,0.082446456,False
tile_33335.npy,0.041229047,1.1640159e-05,0.082446456,False
tile_3335.npy,0.041229047,1.1640159e-05,0.082446456,False
tile_33354.npy,0.041229047,1.1640159e-05,0.082446456,False
tile_33362.npy,0.041229047,1.1640159e-05,0.082446456,False
tile_33364.npy,0.041229047,1.1640159e-05,0.082446456,False
tile_3312.npy,0.041229047,1.1640159e-05,0.082446456,False
tile_33139.npy,0.041229047,1.1640159e-05,0.082446456,False
tile_3315.npy,0.041229047,1.1640159e-05,0.082446456,False
tile_33150.npy,0.041229047,1.1640159e-05,0.082446456,False
tile_33151.npy,0.041229047,1.1640159e-05,0.082446456,False
tile_33168.npy,0.041229047,1.1640159e-05,0.082446456,False
tile_33174.npy,0.041229047,1.1640159e-05,0.082446456,False
tile_33182.npy,0.041229047,1.1640159e-05,0.082446456,False
tile_33183.npy,0.041229047,1.1640159e-05,0.082446456,False
tile_33442.npy,0.041229047,1.1640159e-05,0.082446456,False
tile_33465.npy,0.041229047,1.1640159e-05,0.082446456,False
tile_33491.npy,0.041229047,1.1640159e-05,0.082446456,False
tile_33493.npy,0.041229047,1.1640159e-05,0.082446456,False
tile_33498.npy,0.041229047,1.1640159e-05,0.082446456,False
tile_33507.npy,0.041229047,1.1640159e-05,0.082446456,False
tile_33515.npy,0.041229047,1.1640159e-05,0.082446456,False
tile_33269.npy,0.041229047,1.1640159e-05,0.082446456,False
tile_33279.npy,0.041229047,1.1640159e-05,0.082446456,False
tile_33281.npy,0.041229047,1.1640159e-05,0.082446456,False
tile_33286.npy,0.041229047,1.1640159e-05,0.082446456,False
tile_33297.npy,0.041229047,1.1640159e-05,0.082446456,False
tile_33300.npy,0.041229047,1.1640159e-05,0.082446456,False
tile_33304.npy,0.041229047,1.1640159e-05,0.082446456,False
tile_33311.npy,0.041229047,1.1640159e-05,0.082446456,False
tile_33329.npy,0.041229047,1.1640159e-05,0.082446456,False
tile_33578.npy,0.041229047,1.1640159e-05,0.082446456,False
tile_33587.npy,0.041229047,1.1640159e-05,0.082446456,False
tile_33596.npy,0.041229047,1.1640159e-05,0.082446456,False
tile_3361.npy,0.041229047,1.1640159e-05,0.082446456,False
tile_33613.npy,0.041229047,1.1640159e-05,0.082446456,False
tile_33632.npy,0.041229047,1.1640159e-05,0.082446456,False
tile_33650.npy,0.041229047,1.1640159e-05,0.082446456,False
tile_33369.npy,0.041229047,1.1640159e-05,0.082446456,False
tile_33372.npy,0.041229047,1.1640159e-05,0.082446456,False
tile_33374.npy,0.041229047,1.1640159e-05,0.082446456,False
tile_33377.npy,0.041229047,1.1640159e-05,0.082446456,False
tile_33382.npy,0.041229047,1.1640159e-05,0.082446456,False
tile_334.npy,0.041229047,1.1640159e-05,0.082446456,False
tile_33400.npy,0.041229047,1.1640159e-05,0.082446456,False
tile_33408.npy,0.041229047,1.1640159e-05,0.082446456,False
tile_33420.npy,0.041229047,1.1640159e-05,0.082446456,False
tile_33719.npy,0.041229047,1.1640159e-05,0.082446456,False
tile_33720.npy,0.041229047,1.1640159e-05,0.082446456,False
tile_33728.npy,0.041229047,1.1640159e-05,0.082446456,False
tile_33733.npy,0.041229047,1.1640159e-05,0.082446456,False
tile_33734.npy,0.041229047,1.1640159e-05,0.082446456,False
tile_33744.npy,0.041229047,1.1640159e-05,0.082446456,False
tile_33749.npy,0.041229047,1.1640159e-05,0.082446456,False
tile_33517.npy,0.041229047,1.1640159e-05,0.082446456,False
tile_33520.npy,0.041229047,1.1640159e-05,0.082446456,False
tile_33538.npy,0.041229047,1.1640159e-05,0.082446456,False
tile_33541.npy,0.041229047,1.1640159e-05,0.082446456,False
tile_33551.npy,0.041229047,1.1640159e-05,0.082446456,False
tile_33559.npy,0.041229047,1.1640159e-05,0.082446456,False
tile_33566.npy,0.041229047,1.1640159e-05,0.082446456,False
tile_33569.npy,0.041229047,1.1640159e-05,0.082446456,False
tile_33572.npy,0.041229047,1.1640159e-05,0.082446456,False
tile_33803.npy,0.041229047,1.1640159e-05,0.082446456,False
tile_33810.npy,0.041229047,1.1640159e-05,0.082446456,False
tile_33818.npy,0.041229047,1.1640159e-05,0.082446456,False
tile_33829.npy,0.041229047,1.1640159e-05,0.082446456,False
tile_33850.npy,0.041229047,1.1640159e-05,0.082446456,False
tile_33854.npy,0.041229047,1.1640159e-05,0.082446456,False
tile_33880.npy,0.041229047,1.1640159e-05,0.082446456,False
tile_33651.npy,0.041229047,1.1640159e-05,0.082446456,False
tile_33659.npy,0.041229047,1.1640159e-05,0.082446456,False
tile_33668.npy,0.041229047,1.1640159e-05,0.082446456,False
tile_33675.npy,0.041229047,1.1640159e-05,0.082446456,False
tile_33677.npy,0.041229047,1.1640159e-05,0.082446456,False
tile_33679.npy,0.041229047,1.1640159e-05,0.082446456,False
tile_1843.npy,0.041229047,1.1640159e-05,0.082446456,False
tile_33707.npy,0.041229047,1.1640159e-05,0.082446456,False
tile_33718.npy,0.041229047,1.1640159e-05,0.082446456,False
tile_33922.npy,0.041229047,1.1640159e-05,0.082446456,False
tile_33923.npy,0.041229047,1.1640159e-05,0.082446456,False
tile_33948.npy,0.041229047,1.1640159e-05,0.082446456,False
tile_33952.npy,0.041229047,1.1640159e-05,0.082446456,False
tile_33953.npy,0.041229047,1.1640159e-05,0.082446456,False
tile_33973.npy,0.041229047,1.1640159e-05,0.082446456,False
tile_33983.npy,0.041229047,1.1640159e-05,0.082446456,False
tile_33999.npy,0.041229047,1.1640159e-05,0.082446456,False
tile_33750.npy,0.041229047,1.1640159e-05,0.082446456,False
tile_33755.npy,0.041229047,1.1640159e-05,0.082446456,False
tile_33766.npy,0.041229047,1.1640159e-05,0.082446456,False
tile_33772.npy,0.041229047,1.1640159e-05,0.082446456,False
tile_33774.npy,0.041229047,1.1640159e-05,0.082446456,False
tile_33785.npy,0.041229047,1.1640159e-05,0.082446456,False
tile_33797.npy,0.041229047,1.1640159e-05,0.082446456,False
tile_33802.npy,0.041229047,1.1640159e-05,0.082446456,False
tile_34089.npy,0.041229047,1.1640159e-05,0.082446456,False
tile_34090.npy,0.041229047,1.1640159e-05,0.082446456,False
tile_34093.npy,0.041229047,1.1640159e-05,0.082446456,False
tile_34098.npy,0.041229047,1.1640159e-05,0.082446456,False
tile_10249.npy,0.041229047,1.1640159e-05,0.082446456,False
tile_3461.npy,0.041229047,1.1640159e-05,0.082446456,False
tile_347.npy,0.041229047,1.1640159e-05,0.082446456,False
tile_3472.npy,0.041229047,1.1640159e-05,0.082446456,False
tile_33885.npy,0.041229047,1.1640159e-05,0.082446456,False
tile_33888.npy,0.041229047,1.1640159e-05,0.082446456,False
tile_33894.npy,0.041229047,1.1640159e-05,0.082446456,False
tile_33896.npy,0.041229047,1.1640159e-05,0.082446456,False
tile_33899.npy,0.041229047,1.1640159e-05,0.082446456,False
tile_33901.npy,0.041229047,1.1640159e-05,0.082446456,False
tile_33904.npy,0.041229047,1.1640159e-05,0.082446456,False
tile_33914.npy,0.041229047,1.1640159e-05,0.082446456,False
tile_10082.npy,0.041229047,1.1640159e-05,0.082446456,False
tile_1023.npy,0.041229047,1.1640159e-05,0.082446456,False
tile_358.npy,0.041229047,1.1640159e-05,0.082446456,False
tile_10095.npy,0.041229047,1.1640159e-05,0.082446456,False
tile_941.npy,0.041229047,1.1640159e-05,0.082446456,False
tile_3598.npy,0.041229047,1.1640159e-05,0.082446456,False
tile_3603.npy,0.041229047,1.1640159e-05,0.082446456,False
tile_3625.npy,0.041229047,1.1640159e-05,0.082446456,False
tile_3629.npy,0.041229047,1.1640159e-05,0.082446456,False
tile_340.npy,0.041229047,1.1640159e-05,0.082446456,False
tile_34004.npy,0.041229047,1.1640159e-05,0.082446456,False
tile_34054.npy,0.041229047,1.1640159e-05,0.082446456,False
tile_34058.npy,0.041229047,1.1640159e-05,0.082446456,False
tile_34069.npy,0.041229047,1.1640159e-05,0.082446456,False
tile_34082.npy,0.041229047,1.1640159e-05,0.082446456,False
tile_34087.npy,0.041229047,1.1640159e-05,0.082446456,False
tile_3774.npy,0.041229047,1.1640159e-05,0.082446456,False
tile_1554.npy,0.041229047,1.1640159e-05,0.082446456,False
tile_1563.npy,0.041229047,1.1640159e-05,0.082446456,False
tile_1565.npy,0.041229047,1.1640159e-05,0.082446456,False
tile_18440.npy,0.041229047,1.1640159e-05,0.082446456,False
tile_2111.npy,0.041229047,1.1640159e-05,0.082446456,False
tile_2112.npy,0.041229047,1.1640159e-05,0.082446456,False
tile_18444.npy,0.041229047,1.1640159e-05,0.082446456,False
tile_21234.npy,0.041229047,1.1640159e-05,0.082446456,False
tile_2125.npy,0.041229047,1.1640159e-05,0.082446456,False
tile_3476.npy,0.041229047,1.1640159e-05,0.082446456,False
tile_3485.npy,0.041229047,1.1640159e-05,0.082446456,False
tile_3489.npy,0.041229047,1.1640159e-05,0.082446456,False
tile_35.npy,0.041229047,1.1640159e-05,0.082446456,False
tile_3518.npy,0.041229047,1.1640159e-05,0.082446456,False
tile_3519.npy,0.041229047,1.1640159e-05,0.082446456,False
tile_1845.npy,0.041229047,1.1640159e-05,0.082446456,False
tile_2105.npy,0.041229047,1.1640159e-05,0.082446456,False
tile_21060.npy,0.041229047,1.1640159e-05,0.082446456,False
tile_1571.npy,0.041229047,1.1640159e-05,0.082446456,False
tile_1581.npy,0.041229047,1.1640159e-05,0.082446456,False
tile_15824.npy,0.041229047,1.1640159e-05,0.082446456,False
tile_3652.npy,0.041229047,1.1640159e-05,0.082446456,False
tile_3664.npy,0.041229047,1.1640159e-05,0.082446456,False
tile_369.npy,0.041229047,1.1640159e-05,0.082446456,False
tile_3703.npy,0.041229047,1.1640159e-05,0.082446456,False
tile_1848.npy,0.041229047,1.1640159e-05,0.082446456,False
tile_372.npy,0.041229047,1.1640159e-05,0.082446456,False
tile_9377.npy,0.041229047,1.1640159e-05,0.082446456,False
tile_9378.npy,0.041229047,1.1640159e-05,0.082446456,False
tile_376.npy,0.041229047,1.1640159e-05,0.082446456,False
tile_9390.npy,0.041229047,1.1640159e-05,0.082446456,False
tile_405.npy,0.041229047,1.1640159e-05,0.082446456,False
tile_4050.npy,0.041229047,1.1640159e-05,0.082446456,False
tile_9399.npy,0.041229047,1.1640159e-05,0.082446456,False
tile_3780.npy,0.041229047,1.1640159e-05,0.082446456,False
tile_3789.npy,0.041229047,1.1640159e-05,0.082446456,False
tile_3796.npy,0.041229047,1.1640159e-05,0.082446456,False
tile_3804.npy,0.041229047,1.1640159e-05,0.082446456,False
tile_381.npy,0.041229047,1.1640159e-05,0.082446456,False
tile_3818.npy,0.041229047,1.1640159e-05,0.082446456,False
tile_3830.npy,0.041229047,1.1640159e-05,0.082446456,False
tile_3838.npy,0.041229047,1.1640159e-05,0.082446456,False
tile_3840.npy,0.041229047,1.1640159e-05,0.082446456,False
tile_3850.npy,0.041229047,1.1640159e-05,0.082446456,False
tile_3860.npy,0.041229047,1.1640159e-05,0.082446456,False
tile_94.npy,0.041229047,1.1640159e-05,0.082446456,False
tile_389.npy,0.041229047,1.1640159e-05,0.082446456,False
tile_20874.npy,0.041229047,1.1640159e-05,0.082446456,False
tile_9403.npy,0.041229047,1.1640159e-05,0.082446456,False
tile_2095.npy,0.041229047,1.1640159e-05,0.082446456,False
tile_21.npy,0.041229047,1.1640159e-05,0.082446456,False
tile_25036.npy,0.041229047,1.1640159e-05,0.082446456,False
tile_3959.npy,0.041229047,1.1640159e-05,0.082446456,False
tile_3968.npy,0.041229047,1.1640159e-05,0.082446456,False
tile_397.npy,0.041229047,1.1640159e-05,0.082446456,False
tile_3976.npy,0.041229047,1.1640159e-05,0.082446456,False
tile_3981.npy,0.041229047,1.1640159e-05,0.082446456,False
tile_3997.npy,0.041229047,1.1640159e-05,0.082446456,False
tile_4014.npy,0.041229047,1.1640159e-05,0.082446456,False
tile_4020.npy,0.041229047,1.1640159e-05,0.082446456,False
tile_4037.npy,0.041229047,1.1640159e-05,0.082446456,False
tile_4045.npy,0.041229047,1.1640159e-05,0.082446456,False
tile_4049.npy,0.041229047,1.1640159e-05,0.082446456,False
tile_4312.npy,0.041229047,1.1640159e-05,0.082446456,False
tile_4313.npy,0.041229047,1.1640159e-05,0.082446456,False
tile_4319.npy,0.041229047,1.1640159e-05,0.082446456,False
tile_4325.npy,0.041229047,1.1640159e-05,0.082446456,False
tile_408.npy,0.041229047,1.1640159e-05,0.082446456,False
tile_25064.npy,0.041229047,1.1640159e-05,0.082446456,False
tile_4143.npy,0.041229047,1.1640159e-05,0.082446456,False
tile_4146.npy,0.041229047,1.1640159e-05,0.082446456,False
tile_4168.npy,0.041229047,1.1640159e-05,0.082446456,False
tile_4169.npy,0.041229047,1.1640159e-05,0.082446456,False
tile_4171.npy,0.041229047,1.1640159e-05,0.082446456,False
tile_4178.npy,0.041229047,1.1640159e-05,0.082446456,False
tile_4181.npy,0.041229047,1.1640159e-05,0.082446456,False
tile_2083.npy,0.041229047,1.1640159e-05,0.082446456,False
tile_25076.npy,0.041229047,1.1640159e-05,0.082446456,False
tile_20871.npy,0.041229047,1.1640159e-05,0.082446456,False
tile_4495.npy,0.041229047,1.1640159e-05,0.082446456,False
tile_450.npy,0.041229047,1.1640159e-05,0.082446456,False
tile_2078.npy,0.041229047,1.1640159e-05,0.082446456,False
tile_15825.npy,0.041229047,1.1640159e-05,0.082446456,False
tile_15829.npy,0.041229047,1.1640159e-05,0.082446456,False
tile_1592.npy,0.041229047,1.1640159e-05,0.082446456,False
tile_1593.npy,0.041229047,1.1640159e-05,0.082446456,False
tile_1595.npy,0.041229047,1.1640159e-05,0.082446456,False
tile_4189.npy,0.041229047,1.1640159e-05,0.082446456,False
tile_4196.npy,0.041229047,1.1640159e-05,0.082446456,False
tile_4207.npy,0.041229047,1.1640159e-05,0.082446456,False
tile_4210.npy,0.041229047,1.1640159e-05,0.082446456,False
tile_4217.npy,0.041229047,1.1640159e-05,0.082446456,False
tile_25211.npy,0.041229047,1.1640159e-05,0.082446456,False
tile_25218.npy,0.041229047,1.1640159e-05,0.082446456,False
tile_25222.npy,0.041229047,1.1640159e-05,0.082446456,False
tile_4659.npy,0.041229047,1.1640159e-05,0.082446456,False
tile_4665.npy,0.041229047,1.1640159e-05,0.082446456,False
tile_4667.npy,0.041229047,1.1640159e-05,0.082446456,False
tile_4676.npy,0.041229047,1.1640159e-05,0.082446456,False
tile_4702.npy,0.041229047,1.1640159e-05,0.082446456,False
tile_4362.npy,0.041229047,1.1640159e-05,0.082446456,False
tile_4363.npy,0.041229047,1.1640159e-05,0.082446456,False
tile_4369.npy,0.041229047,1.1640159e-05,0.082446456,False
tile_25232.npy,0.041229047,1.1640159e-05,0.082446456,False
tile_25234.npy,0.041229047,1.1640159e-05,0.082446456,False
tile_25240.npy,0.041229047,1.1640159e-05,0.082446456,False
tile_445.npy,0.041229047,1.1640159e-05,0.082446456,False
tile_446.npy,0.041229047,1.1640159e-05,0.082446456,False
tile_1365.npy,0.041229047,1.1640159e-05,0.082446456,False
tile_4478.npy,0.041229047,1.1640159e-05,0.082446456,False
tile_4485.npy,0.041229047,1.1640159e-05,0.082446456,False
tile_4733.npy,0.041229047,1.1640159e-05,0.082446456,False
tile_12188.npy,0.041229047,1.1640159e-05,0.082446456,False
tile_12189.npy,0.041229047,1.1640159e-05,0.082446456,False
tile_1221.npy,0.041229047,1.1640159e-05,0.082446456,False
tile_1228.npy,0.041229047,1.1640159e-05,0.082446456,False
tile_1234.npy,0.041229047,1.1640159e-05,0.082446456,False
tile_12358.npy,0.041229047,1.1640159e-05,0.082446456,False
tile_451.npy,0.041229047,1.1640159e-05,0.082446456,False
tile_4522.npy,0.041229047,1.1640159e-05,0.082446456,False
tile_4524.npy,0.041229047,1.1640159e-05,0.082446456,False
tile_4537.npy,0.041229047,1.1640159e-05,0.082446456,False
tile_4554.npy,0.041229047,1.1640159e-05,0.082446456,False
tile_4555.npy,0.041229047,1.1640159e-05,0.082446456,False
tile_4560.npy,0.041229047,1.1640159e-05,0.082446456,False
tile_1369.npy,0.041229047,1.1640159e-05,0.082446456,False
tile_1371.npy,0.041229047,1.1640159e-05,0.082446456,False
tile_4834.npy,0.041229047,1.1640159e-05,0.082446456,False
tile_4841.npy,0.041229047,1.1640159e-05,0.082446456,False
tile_4842.npy,0.041229047,1.1640159e-05,0.082446456,False
tile_4847.npy,0.041229047,1.1640159e-05,0.082446456,False
tile_4863.npy,0.041229047,1.1640159e-05,0.082446456,False
tile_4864.npy,0.041229047,1.1640159e-05,0.082446456,False
tile_4895.npy,0.041229047,1.1640159e-05,0.082446456,False
tile_25390.npy,0.041229047,1.1640159e-05,0.082446456,False
tile_254.npy,0.041229047,1.1640159e-05,0.082446456,False
tile_4706.npy,0.041229047,1.1640159e-05,0.082446456,False
tile_4708.npy,0.041229047,1.1640159e-05,0.082446456,False
tile_4723.npy,0.041229047,1.1640159e-05,0.082446456,False
tile_4724.npy,0.041229047,1.1640159e-05,0.082446456,False
tile_4727.npy,0.041229047,1.1640159e-05,0.082446456,False
tile_4728.npy,0.041229047,1.1640159e-05,0.082446456,False
tile_4730.npy,0.041229047,1.1640159e-05,0.082446456,False
tile_2540.npy,0.041229047,1.1640159e-05,0.082446456,False
tile_16172.npy,0.041229047,1.1640159e-05,0.082446456,False
tile_16177.npy,0.041229047,1.1640159e-05,0.082446456,False
tile_16181.npy,0.041229047,1.1640159e-05,0.082446456,False
tile_2054.npy,0.041229047,1.1640159e-05,0.082446456,False
tile_2063.npy,0.041229047,1.1640159e-05,0.082446456,False
tile_25405.npy,0.041229047,1.1640159e-05,0.082446456,False
tile_25406.npy,0.041229047,1.1640159e-05,0.082446456,False
tile_25412.npy,0.041229047,1.1640159e-05,0.082446456,False
tile_20695.npy,0.041229047,1.1640159e-05,0.082446456,False
tile_20701.npy,0.041229047,1.1640159e-05,0.082446456,False
tile_20703.npy,0.041229047,1.1640159e-05,0.082446456,False
tile_25425.npy,0.041229047,1.1640159e-05,0.082446456,False
tile_25428.npy,0.041229047,1.1640159e-05,0.082446456,False
tile_2502.npy,0.041229047,1.1640159e-05,0.082446456,False
tile_4830.npy,0.041229047,1.1640159e-05,0.082446456,False
tile_12018.npy,0.041229047,1.1640159e-05,0.082446456,False
tile_12020.npy,0.041229047,1.1640159e-05,0.082446456,False
tile_12021.npy,0.041229047,1.1640159e-05,0.082446456,False
tile_1205.npy,0.041229047,1.1640159e-05,0.082446456,False
tile_121.npy,0.041229047,1.1640159e-05,0.082446456,False
tile_1213.npy,0.041229047,1.1640159e-05,0.082446456,False
tile_5029.npy,0.041229047,1.1640159e-05,0.082446456,False
tile_5034.npy,0.041229047,1.1640159e-05,0.082446456,False
tile_5037.npy,0.041229047,1.1640159e-05,0.082446456,False
tile_5063.npy,0.041229047,1.1640159e-05,0.082446456,False
tile_507.npy,0.041229047,1.1640159e-05,0.082446456,False
tile_5070.npy,0.041229047,1.1640159e-05,0.082446456,False
tile_5082.npy,0.041229047,1.1640159e-05,0.082446456,False
tile_25752.npy,0.041229047,1.1640159e-05,0.082446456,False
tile_509.npy,0.041229047,1.1640159e-05,0.082446456,False
tile_25755.npy,0.041229047,1.1640159e-05,0.082446456,False
tile_2484.npy,0.041229047,1.1640159e-05,0.082446456,False
tile_2046.npy,0.041229047,1.1640159e-05,0.082446456,False
tile_205.npy,0.041229047,1.1640159e-05,0.082446456,False
tile_2050.npy,0.041229047,1.1640159e-05,0.082446456,False
tile_20523.npy,0.041229047,1.1640159e-05,0.082446456,False
tile_20539.npy,0.041229047,1.1640159e-05,0.082446456,False
tile_16.npy,0.041229047,1.1640159e-05,0.082446456,False
tile_1603.npy,0.041229047,1.1640159e-05,0.082446456,False
tile_24876.npy,0.041229047,1.1640159e-05,0.082446456,False
tile_1613.npy,0.041229047,1.1640159e-05,0.082446456,False
tile_5187.npy,0.041229047,1.1640159e-05,0.082446456,False
tile_5188.npy,0.041229047,1.1640159e-05,0.082446456,False
tile_5194.npy,0.041229047,1.1640159e-05,0.082446456,False
tile_5218.npy,0.041229047,1.1640159e-05,0.082446456,False
tile_5232.npy,0.041229047,1.1640159e-05,0.082446456,False
tile_524.npy,0.041229047,1.1640159e-05,0.082446456,False
tile_5534.npy,0.041229047,1.1640159e-05,0.082446456,False
tile_5554.npy,0.041229047,1.1640159e-05,0.082446456,False
tile_5557.npy,0.041229047,1.1640159e-05,0.082446456,False
tile_5240.npy,0.041229047,1.1640159e-05,0.082446456,False
tile_5241.npy,0.041229047,1.1640159e-05,0.082446456,False
tile_5242.npy,0.041229047,1.1640159e-05,0.082446456,False
tile_5243.npy,0.041229047,1.1640159e-05,0.082446456,False
tile_5247.npy,0.041229047,1.1640159e-05,0.082446456,False
tile_5253.npy,0.041229047,1.1640159e-05,0.082446456,False
tile_5258.npy,0.041229047,1.1640159e-05,0.082446456,False
tile_529.npy,0.041229047,1.1640159e-05,0.082446456,False
tile_24879.npy,0.041229047,1.1640159e-05,0.082446456,False
tile_535.npy,0.041229047,1.1640159e-05,0.082446456,False
tile_24888.npy,0.041229047,1.1640159e-05,0.082446456,False
tile_5361.npy,0.041229047,1.1640159e-05,0.082446456,False
tile_5369.npy,0.041229047,1.1640159e-05,0.082446456,False
tile_11838.npy,0.041229047,1.1640159e-05,0.082446456,False
tile_24893.npy,0.041229047,1.1640159e-05,0.082446456,False
tile_24896.npy,0.041229047,1.1640159e-05,0.082446456,False
tile_1188.npy,0.041229047,1.1640159e-05,0.082446456,False
tile_24897.npy,0.041229047,1.1640159e-05,0.082446456,False
tile_5388.npy,0.041229047,1.1640159e-05,0.082446456,False
tile_539.npy,0.041229047,1.1640159e-05,0.082446456,False
tile_5399.npy,0.041229047,1.1640159e-05,0.082446456,False
tile_5408.npy,0.041229047,1.1640159e-05,0.082446456,False
tile_5414.npy,0.041229047,1.1640159e-05,0.082446456,False
tile_5417.npy,0.041229047,1.1640159e-05,0.082446456,False
tile_5420.npy,0.041229047,1.1640159e-05,0.082446456,False
tile_5427.npy,0.041229047,1.1640159e-05,0.082446456,False
tile_2491.npy,0.041229047,1.1640159e-05,0.082446456,False
tile_544.npy,0.041229047,1.1640159e-05,0.082446456,False
tile_545.npy,0.041229047,1.1640159e-05,0.082446456,False
tile_5735.npy,0.041229047,1.1640159e-05,0.082446456,False
tile_5740.npy,0.041229047,1.1640159e-05,0.082446456,False
tile_5750.npy,0.041229047,1.1640159e-05,0.082446456,False
tile_5755.npy,0.041229047,1.1640159e-05,0.082446456,False
tile_5757.npy,0.041229047,1.1640159e-05,0.082446456,False
tile_5767.npy,0.041229047,1.1640159e-05,0.082446456,False
tile_5566.npy,0.041229047,1.1640159e-05,0.082446456,False
tile_5567.npy,0.041229047,1.1640159e-05,0.082446456,False
tile_5568.npy,0.041229047,1.1640159e-05,0.082446456,False
tile_5569.npy,0.041229047,1.1640159e-05,0.082446456,False
tile_5570.npy,0.041229047,1.1640159e-05,0.082446456,False
tile_5600.npy,0.041229047,1.1640159e-05,0.082446456,False
tile_5604.npy,0.041229047,1.1640159e-05,0.082446456,False
tile_2492.npy,0.041229047,1.1640159e-05,0.082446456,False
tile_25558.npy,0.041229047,1.1640159e-05,0.082446456,False
tile_13569.npy,0.041229047,1.1640159e-05,0.082446456,False
tile_1640.npy,0.041229047,1.1640159e-05,0.082446456,False
tile_1357.npy,0.041229047,1.1640159e-05,0.082446456,False
tile_24699.npy,0.041229047,1.1640159e-05,0.082446456,False
tile_20357.npy,0.041229047,1.1640159e-05,0.082446456,False
tile_24704.npy,0.041229047,1.1640159e-05,0.082446456,False
tile_2471.npy,0.041229047,1.1640159e-05,0.082446456,False
tile_162.npy,0.041229047,1.1640159e-05,0.082446456,False
tile_12002.npy,0.041229047,1.1640159e-05,0.082446456,False
tile_12006.npy,0.041229047,1.1640159e-05,0.082446456,False
tile_12008.npy,0.041229047,1.1640159e-05,0.082446456,False
tile_564.npy,0.041229047,1.1640159e-05,0.082446456,False
tile_568.npy,0.041229047,1.1640159e-05,0.082446456,False
tile_2472.npy,0.041229047,1.1640159e-05,0.082446456,False
tile_57.npy,0.041229047,1.1640159e-05,0.082446456,False
tile_570.npy,0.041229047,1.1640159e-05,0.082446456,False
tile_572.npy,0.041229047,1.1640159e-05,0.082446456,False
tile_5938.npy,0.041229047,1.1640159e-05,0.082446456,False
tile_594.npy,0.041229047,1.1640159e-05,0.082446456,False
tile_5941.npy,0.041229047,1.1640159e-05,0.082446456,False
tile_5946.npy,0.041229047,1.1640159e-05,0.082446456,False
tile_24728.npy,0.041229047,1.1640159e-05,0.082446456,False
tile_13738.npy,0.041229047,1.1640159e-05,0.082446456,False
tile_25567.npy,0.041229047,1.1640159e-05,0.082446456,False
tile_5771.npy,0.041229047,1.1640159e-05,0.082446456,False
tile_580.npy,0.041229047,1.1640159e-05,0.082446456,False
tile_585.npy,0.041229047,1.1640159e-05,0.082446456,False
tile_25587.npy,0.041229047,1.1640159e-05,0.082446456,False
tile_25592.npy,0.041229047,1.1640159e-05,0.082446456,False
tile_588.npy,0.041229047,1.1640159e-05,0.082446456,False
tile_5886.npy,0.041229047,1.1640159e-05,0.082446456,False
tile_5887.npy,0.041229047,1.1640159e-05,0.082446456,False
tile_5907.npy,0.041229047,1.1640159e-05,0.082446456,False
tile_25596.npy,0.041229047,1.1640159e-05,0.082446456,False
tile_6057.npy,0.041229047,1.1640159e-05,0.082446456,False
tile_6065.npy,0.041229047,1.1640159e-05,0.082446456,False
tile_6070.npy,0.041229047,1.1640159e-05,0.082446456,False
tile_6071.npy,0.041229047,1.1640159e-05,0.082446456,False
tile_6077.npy,0.041229047,1.1640159e-05,0.082446456,False
tile_6081.npy,0.041229047,1.1640159e-05,0.082446456,False
tile_6084.npy,0.041229047,1.1640159e-05,0.082446456,False
tile_6090.npy,0.041229047,1.1640159e-05,0.082446456,False
tile_6091.npy,0.041229047,1.1640159e-05,0.082446456,False
tile_25736.npy,0.041229047,1.1640159e-05,0.082446456,False
tile_11823.npy,0.041229047,1.1640159e-05,0.082446456,False
tile_5913.npy,0.041229047,1.1640159e-05,0.082446456,False
tile_5917.npy,0.041229047,1.1640159e-05,0.082446456,False
tile_5919.npy,0.041229047,1.1640159e-05,0.082446456,False
tile_5937.npy,0.041229047,1.1640159e-05,0.082446456,False
tile_6253.npy,0.041229047,1.1640159e-05,0.082446456,False
tile_25738.npy,0.041229047,1.1640159e-05,0.082446456,False
tile_25913.npy,0.041229047,1.1640159e-05,0.082446456,False
tile_25915.npy,0.041229047,1.1640159e-05,0.082446456,False
tile_20173.npy,0.041229047,1.1640159e-05,0.082446456,False
tile_20180.npy,0.041229047,1.1640159e-05,0.082446456,False
tile_20188.npy,0.041229047,1.1640159e-05,0.082446456,False
tile_20196.npy,0.041229047,1.1640159e-05,0.082446456,False
tile_2023.npy,0.041229047,1.1640159e-05,0.082446456,False
tile_16346.npy,0.041229047,1.1640159e-05,0.082446456,False
tile_16359.npy,0.041229047,1.1640159e-05,0.082446456,False
tile_25920.npy,0.041229047,1.1640159e-05,0.082446456,False
tile_1637.npy,0.041229047,1.1640159e-05,0.082446456,False
tile_25938.npy,0.041229047,1.1640159e-05,0.082446456,False
tile_25948.npy,0.041229047,1.1640159e-05,0.082446456,False
tile_605.npy,0.041229047,1.1640159e-05,0.082446456,False
tile_6441.npy,0.041229047,1.1640159e-05,0.082446456,False
tile_6446.npy,0.041229047,1.1640159e-05,0.082446456,False
tile_6456.npy,0.041229047,1.1640159e-05,0.082446456,False
tile_25768.npy,0.041229047,1.1640159e-05,0.082446456,False
tile_6099.npy,0.041229047,1.1640159e-05,0.082446456,False
tile_6106.npy,0.041229047,1.1640159e-05,0.082446456,False
tile_611.npy,0.041229047,1.1640159e-05,0.082446456,False
tile_6112.npy,0.041229047,1.1640159e-05,0.082446456,False
tile_6114.npy,0.041229047,1.1640159e-05,0.082446456,False
tile_2581.npy,0.041229047,1.1640159e-05,0.082446456,False
tile_1349.npy,0.041229047,1.1640159e-05,0.082446456,False
tile_616.npy,0.041229047,1.1640159e-05,0.082446456,False
tile_62.npy,0.041229047,1.1640159e-05,0.082446456,False
tile_1351.npy,0.041229047,1.1640159e-05,0.082446456,False
tile_13560.npy,0.041229047,1.1640159e-05,0.082446456,False
tile_6248.npy,0.041229047,1.1640159e-05,0.082446456,False
tile_2450.npy,0.041229047,1.1640159e-05,0.082446456,False
tile_2451.npy,0.041229047,1.1640159e-05,0.082446456,False
tile_1646.npy,0.041229047,1.1640159e-05,0.082446456,False
tile_1648.npy,0.041229047,1.1640159e-05,0.082446456,False
tile_16523.npy,0.041229047,1.1640159e-05,0.082446456,False
tile_2000.npy,0.041229047,1.1640159e-05,0.082446456,False
tile_20018.npy,0.041229047,1.1640159e-05,0.082446456,False
tile_2003.npy,0.041229047,1.1640159e-05,0.082446456,False
tile_2005.npy,0.041229047,1.1640159e-05,0.082446456,False
tile_2006.npy,0.041229047,1.1640159e-05,0.082446456,False
tile_6272.npy,0.041229047,1.1640159e-05,0.082446456,False
tile_6274.npy,0.041229047,1.1640159e-05,0.082446456,False
tile_6283.npy,0.041229047,1.1640159e-05,0.082446456,False
tile_6409.npy,0.041229047,1.1640159e-05,0.082446456,False
tile_6414.npy,0.041229047,1.1640159e-05,0.082446456,False
tile_6431.npy,0.041229047,1.1640159e-05,0.082446456,False
tile_16868.npy,0.041229047,1.1640159e-05,0.082446456,False
tile_24515.npy,0.041229047,1.1640159e-05,0.082446456,False
tile_24523.npy,0.041229047,1.1640159e-05,0.082446456,False
tile_24536.npy,0.041229047,1.1640159e-05,0.082446456,False
tile_2.npy,0.041229047,1.1640159e-05,0.082446456,False
tile_1661.npy,0.041229047,1.1640159e-05,0.082446456,False
tile_1665.npy,0.041229047,1.1640159e-05,0.082446456,False
tile_1668.npy,0.041229047,1.1640159e-05,0.082446456,False
tile_16707.npy,0.041229047,1.1640159e-05,0.082446456,False
tile_654.npy,0.041229047,1.1640159e-05,0.082446456,False
tile_24542.npy,0.041229047,1.1640159e-05,0.082446456,False
tile_24553.npy,0.041229047,1.1640159e-05,0.082446456,False
tile_11645.npy,0.041229047,1.1640159e-05,0.082446456,False
tile_11646.npy,0.041229047,1.1640159e-05,0.082446456,False
tile_11669.npy,0.041229047,1.1640159e-05,0.082446456,False
tile_13916.npy,0.041229047,1.1640159e-05,0.082446456,False
tile_13918.npy,0.041229047,1.1640159e-05,0.082446456,False
tile_686.npy,0.041229047,1.1640159e-05,0.082446456,False
tile_6930.npy,0.041229047,1.1640159e-05,0.082446456,False
tile_6583.npy,0.041229047,1.1640159e-05,0.082446456,False
tile_6601.npy,0.041229047,1.1640159e-05,0.082446456,False
tile_6602.npy,0.041229047,1.1640159e-05,0.082446456,False
tile_6606.npy,0.041229047,1.1640159e-05,0.082446456,False
tile_661.npy,0.041229047,1.1640159e-05,0.082446456,False
tile_6611.npy,0.041229047,1.1640159e-05,0.082446456,False
tile_6615.npy,0.041229047,1.1640159e-05,0.082446456,False
tile_6619.npy,0.041229047,1.1640159e-05,0.082446456,False
tile_6628.npy,0.041229047,1.1640159e-05,0.082446456,False
tile_6632.npy,0.041229047,1.1640159e-05,0.082446456,False
tile_13926.npy,0.041229047,1.1640159e-05,0.082446456,False
tile_672.npy,0.041229047,1.1640159e-05,0.082446456,False
tile_13563.npy,0.041229047,1.1640159e-05,0.082446456,False
tile_17045.npy,0.041229047,1.1640159e-05,0.082446456,False
tile_17050.npy,0.041229047,1.1640159e-05,0.082446456,False
tile_17054.npy,0.041229047,1.1640159e-05,0.082446456,False
tile_13568.npy,0.041229047,1.1640159e-05,0.082446456,False
tile_1974.npy,0.041229047,1.1640159e-05,0.082446456,False
tile_19833.npy,0.041229047,1.1640159e-05,0.082446456,False
tile_19843.npy,0.041229047,1.1640159e-05,0.082446456,False
tile_2431.npy,0.041229047,1.1640159e-05,0.082446456,False
tile_6762.npy,0.041229047,1.1640159e-05,0.082446456,False
tile_677.npy,0.041229047,1.1640159e-05,0.082446456,False
tile_6789.npy,0.041229047,1.1640159e-05,0.082446456,False
tile_6793.npy,0.041229047,1.1640159e-05,0.082446456,False
tile_6799.npy,0.041229047,1.1640159e-05,0.082446456,False
tile_6802.npy,0.041229047,1.1640159e-05,0.082446456,False
tile_6808.npy,0.041229047,1.1640159e-05,0.082446456,False
tile_6809.npy,0.041229047,1.1640159e-05,0.082446456,False
tile_11488.npy,0.041229047,1.1640159e-05,0.082446456,False
tile_11490.npy,0.041229047,1.1640159e-05,0.082446456,False
tile_24352.npy,0.041229047,1.1640159e-05,0.082446456,False
tile_6953.npy,0.041229047,1.1640159e-05,0.082446456,False
tile_6958.npy,0.041229047,1.1640159e-05,0.082446456,False
tile_6961.npy,0.041229047,1.1640159e-05,0.082446456,False
tile_6967.npy,0.041229047,1.1640159e-05,0.082446456,False
tile_697.npy,0.041229047,1.1640159e-05,0.082446456,False
tile_6972.npy,0.041229047,1.1640159e-05,0.082446456,False
tile_6974.npy,0.041229047,1.1640159e-05,0.082446456,False
tile_6983.npy,0.041229047,1.1640159e-05,0.082446456,False
tile_6988.npy,0.041229047,1.1640159e-05,0.082446456,False
tile_24355.npy,0.041229047,1.1640159e-05,0.082446456,False
tile_7.npy,0.041229047,1.1640159e-05,0.082446456,False
tile_24360.npy,0.041229047,1.1640159e-05,0.082446456,False
tile_24368.npy,0.041229047,1.1640159e-05,0.082446456,False
tile_1138.npy,0.041229047,1.1640159e-05,0.082446456,False
tile_17233.npy,0.041229047,1.1640159e-05,0.082446456,False
tile_24376.npy,0.041229047,1.1640159e-05,0.082446456,False
tile_1953.npy,0.041229047,1.1640159e-05,0.082446456,False
tile_19657.npy,0.041229047,1.1640159e-05,0.082446456,False
tile_19659.npy,0.041229047,1.1640159e-05,0.082446456,False
tile_24378.npy,0.041229047,1.1640159e-05,0.082446456,False
tile_26087.npy,0.041229047,1.1640159e-05,0.082446456,False
tile_26089.npy,0.041229047,1.1640159e-05,0.082446456,False
tile_7105.npy,0.041229047,1.1640159e-05,0.082446456,False
tile_7109.npy,0.041229047,1.1640159e-05,0.082446456,False
tile_7138.npy,0.041229047,1.1640159e-05,0.082446456,False
tile_7142.npy,0.041229047,1.1640159e-05,0.082446456,False
tile_7143.npy,0.041229047,1.1640159e-05,0.082446456,False
tile_1145.npy,0.041229047,1.1640159e-05,0.082446456,False
tile_1146.npy,0.041229047,1.1640159e-05,0.082446456,False
tile_19486.npy,0.041229047,1.1640159e-05,0.082446456,False
tile_1951.npy,0.041229047,1.1640159e-05,0.082446456,False
tile_1710.npy,0.041229047,1.1640159e-05,0.082446456,False
tile_1718.npy,0.041229047,1.1640159e-05,0.082446456,False
tile_1720.npy,0.041229047,1.1640159e-05,0.082446456,False
tile_17225.npy,0.041229047,1.1640159e-05,0.082446456,False
tile_17230.npy,0.041229047,1.1640159e-05,0.082446456,False
tile_7145.npy,0.041229047,1.1640159e-05,0.082446456,False
tile_7149.npy,0.041229047,1.1640159e-05,0.082446456,False
tile_261.npy,0.041229047,1.1640159e-05,0.082446456,False
tile_722.npy,0.041229047,1.1640159e-05,0.082446456,False
tile_724.npy,0.041229047,1.1640159e-05,0.082446456,False
tile_26108.npy,0.041229047,1.1640159e-05,0.082446456,False
tile_26114.npy,0.041229047,1.1640159e-05,0.082446456,False
tile_26469.npy,0.041229047,1.1640159e-05,0.082446456,False
tile_1136.npy,0.041229047,1.1640159e-05,0.082446456,False
tile_19320.npy,0.041229047,1.1640159e-05,0.082446456,False
tile_1933.npy,0.041229047,1.1640159e-05,0.082446456,False
tile_2647.npy,0.041229047,1.1640159e-05,0.082446456,False
tile_1728.npy,0.041229047,1.1640159e-05,0.082446456,False
tile_727.npy,0.041229047,1.1640159e-05,0.082446456,False
tile_26473.npy,0.041229047,1.1640159e-05,0.082446456,False
tile_7290.npy,0.041229047,1.1640159e-05,0.082446456,False
tile_7298.npy,0.041229047,1.1640159e-05,0.082446456,False
tile_7301.npy,0.041229047,1.1640159e-05,0.082446456,False
tile_731.npy,0.041229047,1.1640159e-05,0.082446456,False
tile_7317.npy,0.041229047,1.1640159e-05,0.082446456,False
tile_7329.npy,0.041229047,1.1640159e-05,0.082446456,False
tile_2649.npy,0.041229047,1.1640159e-05,0.082446456,False
tile_1937.npy,0.041229047,1.1640159e-05,0.082446456,False
tile_1940.npy,0.041229047,1.1640159e-05,0.082446456,False
tile_1945.npy,0.041229047,1.1640159e-05,0.082446456,False
tile_1120.npy,0.041229047,1.1640159e-05,0.082446456,False
tile_26253.npy,0.041229047,1.1640159e-05,0.082446456,False
tile_11294.npy,0.041229047,1.1640159e-05,0.082446456,False
tile_1130.npy,0.041229047,1.1640159e-05,0.082446456,False
tile_7466.npy,0.041229047,1.1640159e-05,0.082446456,False
tile_7473.npy,0.041229047,1.1640159e-05,0.082446456,False
tile_7475.npy,0.041229047,1.1640159e-05,0.082446456,False
tile_748.npy,0.041229047,1.1640159e-05,0.082446456,False
tile_7483.npy,0.041229047,1.1640159e-05,0.082446456,False
tile_7487.npy,0.041229047,1.1640159e-05,0.082446456,False
tile_16184.npy,0.041229047,1.1640159e-05,0.082446456,False
tile_75.npy,0.041229047,1.1640159e-05,0.082446456,False
tile_7504.npy,0.041229047,1.1640159e-05,0.082446456,False
tile_7507.npy,0.041229047,1.1640159e-05,0.082446456,False
tile_7508.npy,0.041229047,1.1640159e-05,0.082446456,False
tile_26260.npy,0.041229047,1.1640159e-05,0.082446456,False
tile_1919.npy,0.041229047,1.1640159e-05,0.082446456,False
tile_1737.npy,0.041229047,1.1640159e-05,0.082446456,False
tile_26263.npy,0.041229047,1.1640159e-05,0.082446456,False
tile_17399.npy,0.041229047,1.1640159e-05,0.082446456,False
tile_17401.npy,0.041229047,1.1640159e-05,0.082446456,False
tile_26283.npy,0.041229047,1.1640159e-05,0.082446456,False
tile_1745.npy,0.041229047,1.1640159e-05,0.082446456,False
tile_7633.npy,0.041229047,1.1640159e-05,0.082446456,False
tile_7667.npy,0.041229047,1.1640159e-05,0.082446456,False
tile_7675.npy,0.041229047,1.1640159e-05,0.082446456,False
tile_7678.npy,0.041229047,1.1640159e-05,0.082446456,False
tile_7682.npy,0.041229047,1.1640159e-05,0.082446456,False
tile_26287.npy,0.041229047,1.1640159e-05,0.082446456,False
tile_26293.npy,0.041229047,1.1640159e-05,0.082446456,False
tile_1118.npy,0.041229047,1.1640159e-05,0.082446456,False
tile_1119.npy,0.041229047,1.1640159e-05,0.082446456,False
tile_804.npy,0.041229047,1.1640159e-05,0.082446456,False
tile_26294.npy,0.041229047,1.1640159e-05,0.082446456,False
tile_811.npy,0.041229047,1.1640159e-05,0.082446456,False
tile_11307.npy,0.041229047,1.1640159e-05,0.082446456,False
tile_1132.npy,0.041229047,1.1640159e-05,0.082446456,False
tile_777.npy,0.041229047,1.1640159e-05,0.082446456,False
tile_7826.npy,0.041229047,1.1640159e-05,0.082446456,False
tile_7841.npy,0.041229047,1.1640159e-05,0.082446456,False
tile_787.npy,0.041229047,1.1640159e-05,0.082446456,False
tile_789.npy,0.041229047,1.1640159e-05,0.082446456,False
tile_26297.npy,0.041229047,1.1640159e-05,0.082446456,False
tile_26299.npy,0.041229047,1.1640159e-05,0.082446456,False
tile_11123.npy,0.041229047,1.1640159e-05,0.082446456,False
tile_11125.npy,0.041229047,1.1640159e-05,0.082446456,False
tile_19141.npy,0.041229047,1.1640159e-05,0.082446456,False
tile_19150.npy,0.041229047,1.1640159e-05,0.082446456,False
tile_1900.npy,0.041229047,1.1640159e-05,0.082446456,False
tile_1906.npy,0.041229047,1.1640159e-05,0.082446456,False
tile_1907.npy,0.041229047,1.1640159e-05,0.082446456,False
tile_1909.npy,0.041229047,1.1640159e-05,0.082446456,False
tile_17567.npy,0.041229047,1.1640159e-05,0.082446456,False
tile_1757.npy,0.041229047,1.1640159e-05,0.082446456,False
tile_1762.npy,0.041229047,1.1640159e-05,0.082446456,False
tile_11126.npy,0.041229047,1.1640159e-05,0.082446456,False
tile_11136.npy,0.041229047,1.1640159e-05,0.082446456,False
tile_11151.npy,0.041229047,1.1640159e-05,0.082446456,False
tile_2636.npy,0.041229047,1.1640159e-05,0.082446456,False
tile_24198.npy,0.041229047,1.1640159e-05,0.082446456,False
tile_7991.npy,0.041229047,1.1640159e-05,0.082446456,False
tile_8013.npy,0.041229047,1.1640159e-05,0.082446456,False
tile_8028.npy,0.041229047,1.1640159e-05,0.082446456,False
tile_8029.npy,0.041229047,1.1640159e-05,0.082446456,False
tile_2429.npy,0.041229047,1.1640159e-05,0.082446456,False
tile_845.npy,0.041229047,1.1640159e-05,0.082446456,False
tile_848.npy,0.041229047,1.1640159e-05,0.082446456,False
tile_8157.npy,0.041229047,1.1640159e-05,0.082446456,False
tile_8162.npy,0.041229047,1.1640159e-05,0.082446456,False
tile_8184.npy,0.041229047,1.1640159e-05,0.082446456,False
tile_8202.npy,0.041229047,1.1640159e-05,0.082446456,False
tile_1401.npy,0.041229047,1.1640159e-05,0.082446456,False
tile_14086.npy,0.041229047,1.1640159e-05,0.082446456,False
tile_821.npy,0.041229047,1.1640159e-05,0.082446456,False
tile_1092.npy,0.041229047,1.1640159e-05,0.082446456,False
tile_1094.npy,0.041229047,1.1640159e-05,0.082446456,False
tile_10946.npy,0.041229047,1.1640159e-05,0.082446456,False
tile_10958.npy,0.041229047,1.1640159e-05,0.082446456,False
tile_10959.npy,0.041229047,1.1640159e-05,0.082446456,False
tile_1787.npy,0.041229047,1.1640159e-05,0.082446456,False
tile_14096.npy,0.041229047,1.1640159e-05,0.082446456,False
tile_857.npy,0.041229047,1.1640159e-05,0.082446456,False
tile_10787.npy,0.041229047,1.1640159e-05,0.082446456,False
tile_10791.npy,0.041229047,1.1640159e-05,0.082446456,False
tile_10794.npy,0.041229047,1.1640159e-05,0.082446456,False
tile_1082.npy,0.041229047,1.1640159e-05,0.082446456,False
tile_10969.npy,0.041229047,1.1640159e-05,0.082446456,False
tile_1097.npy,0.041229047,1.1640159e-05,0.082446456,False
tile_10970.npy,0.041229047,1.1640159e-05,0.082446456,False
tile_141.npy,0.041229047,1.1640159e-05,0.082446456,False
tile_26426.npy,0.041229047,1.1640159e-05,0.082446456,False
tile_8349.npy,0.041229047,1.1640159e-05,0.082446456,False
tile_835.npy,0.041229047,1.1640159e-05,0.082446456,False
tile_8374.npy,0.041229047,1.1640159e-05,0.082446456,False
tile_26435.npy,0.041229047,1.1640159e-05,0.082446456,False
tile_26451.npy,0.041229047,1.1640159e-05,0.082446456,False
tile_26453.npy,0.041229047,1.1640159e-05,0.082446456,False
tile_26458.npy,0.041229047,1.1640159e-05,0.082446456,False
tile_26459.npy,0.041229047,1.1640159e-05,0.082446456,False
tile_26460.npy,0.041229047,1.1640159e-05,0.082446456,False
tile_24022.npy,0.041229047,1.1640159e-05,0.082446456,False
tile_14275.npy,0.041229047,1.1640159e-05,0.082446456,False
tile_1430.npy,0.041229047,1.1640159e-05,0.082446456,False
tile_17739.npy,0.041229047,1.1640159e-05,0.082446456,False
tile_17740.npy,0.041229047,1.1640159e-05,0.082446456,False
tile_17759.npy,0.041229047,1.1640159e-05,0.082446456,False
tile_8524.npy,0.041229047,1.1640159e-05,0.082446456,False
tile_8535.npy,0.041229047,1.1640159e-05,0.082446456,False
tile_8539.npy,0.041229047,1.1640159e-05,0.082446456,False
tile_8545.npy,0.041229047,1.1640159e-05,0.082446456,False
tile_8548.npy,0.041229047,1.1640159e-05,0.082446456,False
tile_8549.npy,0.041229047,1.1640159e-05,0.082446456,False
tile_18799.npy,0.041229047,1.1640159e-05,0.082446456,False
tile_1880.npy,0.041229047,1.1640159e-05,0.082446456,False
tile_17925.npy,0.041229047,1.1640159e-05,0.082446456,False
tile_17931.npy,0.041229047,1.1640159e-05,0.082446456,False
tile_2658.npy,0.041229047,1.1640159e-05,0.082446456,False
tile_2660.npy,0.041229047,1.1640159e-05,0.082446456,False
tile_1803.npy,0.041229047,1.1640159e-05,0.082446456,False
tile_866.npy,0.041229047,1.1640159e-05,0.082446456,False
tile_8684.npy,0.041229047,1.1640159e-05,0.082446456,False
tile_8690.npy,0.041229047,1.1640159e-05,0.082446456,False
tile_8703.npy,0.041229047,1.1640159e-05,0.082446456,False
tile_871.npy,0.041229047,1.1640159e-05,0.082446456,False
tile_8718.npy,0.041229047,1.1640159e-05,0.082446456,False
tile_1431.npy,0.041229047,1.1640159e-05,0.082446456,False
tile_2405.npy,0.041229047,1.1640159e-05,0.082446456,False
tile_880.npy,0.041229047,1.1640159e-05,0.082446456,False
tile_9066.npy,0.041229047,1.1640159e-05,0.082446456,False
tile_9069.npy,0.041229047,1.1640159e-05,0.082446456,False
tile_912.npy,0.041229047,1.1640159e-05,0.082446456,False
tile_2413.npy,0.041229047,1.1640159e-05,0.082446456,False
tile_8854.npy,0.041229047,1.1640159e-05,0.082446456,False
tile_886.npy,0.041229047,1.1640159e-05,0.082446456,False
tile_89.npy,0.041229047,1.1640159e-05,0.082446456,False
tile_24168.npy,0.041229047,1.1640159e-05,0.082446456,False
tile_24173.npy,0.041229047,1.1640159e-05,0.082446456,False
tile_24187.npy,0.041229047,1.1640159e-05,0.082446456,False
tile_1075.npy,0.041229047,1.1640159e-05,0.082446456,False
tile_1076.npy,0.041229047,1.1640159e-05,0.082446456,False
tile_23825.npy,0.041229047,1.1640159e-05,0.082446456,False
tile_23855.npy,0.041229047,1.1640159e-05,0.082446456,False
tile_18794.npy,0.041229047,1.1640159e-05,0.082446456,False
tile_18796.npy,0.041229047,1.1640159e-05,0.082446456,False
tile_10615.npy,0.041229047,1.1640159e-05,0.082446456,False
tile_10625.npy,0.041229047,1.1640159e-05,0.082446456,False
tile_18088.npy,0.041229047,1.1640159e-05,0.082446456,False
tile_1816.npy,0.041229047,1.1640159e-05,0.082446456,False
tile_182.npy,0.041229047,1.1640159e-05,0.082446456,False
tile_23857.npy,0.041229047,1.1640159e-05,0.082446456,False
tile_2390.npy,0.041229047,1.1640159e-05,0.082446456,False
tile_18616.npy,0.041229047,1.1640159e-05,0.082446456,False
tile_10782.npy,0.041229047,1.1640159e-05,0.082446456,False
tile_2672.npy,0.041229047,1.1640159e-05,0.082446456,False
tile_894.npy,0.041229047,1.1640159e-05,0.082446456,False
tile_13385.npy,0.041229047,1.1640159e-05,0.082446456,False
tile_13400.npy,0.041229047,1.1640159e-05,0.082446456,False
tile_13403.npy,0.041229047,1.1640159e-05,0.082446456,False
tile_9052.npy,0.041229047,1.1640159e-05,0.082446456,False
tile_9054.npy,0.041229047,1.1640159e-05,0.082446456,False
tile_9242.npy,0.041229047,1.1640159e-05,0.082446456,False
tile_93.npy,0.041229047,1.1640159e-05,0.082446456,False
tile_934.npy,0.041229047,1.1640159e-05,0.082446456,False
tile_1348.npy,0.041229047,1.1640159e-05,0.082446456,False
tile_936.npy,0.041229047,1.1640159e-05,0.082446456,False
tile_918.npy,0.041229047,1.1640159e-05,0.082446456,False
tile_26947.npy,0.041229047,1.1640159e-05,0.082446456,False
tile_92.npy,0.041229047,1.1640159e-05,0.082446456,False
tile_9209.npy,0.041229047,1.1640159e-05,0.082446456,False
tile_26953.npy,0.041229047,1.1640159e-05,0.082446456,False
tile_1047.npy,0.041229047,1.1640159e-05,0.082446456,False
tile_1051.npy,0.041229047,1.1640159e-05,0.082446456,False
tile_26961.npy,0.041229047,1.1640159e-05,0.082446456,False
tile_26972.npy,0.041229047,1.1640159e-05,0.082446456,False
tile_1059.npy,0.041229047,1.1640159e-05,0.082446456,False
tile_10613.npy,0.041229047,1.1640159e-05,0.082446456,False
tile_26986.npy,0.041229047,1.1640159e-05,0.082446456,False
tile_943.npy,0.041229047,1.1640159e-05,0.082446456,False
tile_10258.npy,0.041229047,1.1640159e-05,0.082446456,False
tile_10265.npy,0.041229047,1.1640159e-05,0.082446456,False
tile_10271.npy,0.041229047,1.1640159e-05,0.082446456,False
tile_10274.npy,0.041229047,1.1640159e-05,0.082446456,False
tile_10282.npy,0.041229047,1.1640159e-05,0.082446456,False
tile_1034.npy,0.041229047,1.1640159e-05,0.082446456,False
tile_26781.npy,0.041229047,1.1640159e-05,0.082446456,False
tile_9210.npy,0.041229047,1.1640159e-05,0.082446456,False
tile_9214.npy,0.041229047,1.1640159e-05,0.082446456,False
tile_9218.npy,0.041229047,1.1640159e-05,0.082446456,False
tile_9219.npy,0.041229047,1.1640159e-05,0.082446456,False
tile_9226.npy,0.041229047,1.1640159e-05,0.082446456,False
tile_9228.npy,0.041229047,1.1640159e-05,0.082446456,False
tile_9235.npy,0.041229047,1.1640159e-05,0.082446456,False
tile_26794.npy,0.041229047,1.1640159e-05,0.082446456,False
tile_26802.npy,0.041229047,1.1640159e-05,0.082446456,False
tile_10072.npy,0.041229047,1.1640159e-05,0.082446456,False
tile_26814.npy,0.041229047,1.1640159e-05,0.082446456,False
tile_10435.npy,0.041229047,1.1640159e-05,0.082446456,False
tile_26815.npy,0.041229047,1.1640159e-05,0.082446456,False
tile_1838.npy,0.041229047,1.1640159e-05,0.082446456,False
tile_954.npy,0.041229047,1.1640159e-05,0.082446456,False
tile_9562.npy,0.041229047,1.1640159e-05,0.082446456,False
tile_9563.npy,0.041229047,1.1640159e-05,0.082446456,False
tile_9581.npy,0.041229047,1.1640159e-05,0.082446456,False
tile_9587.npy,0.041229047,1.1640159e-05,0.082446456,False
tile_26820.npy,0.041229047,1.1640159e-05,0.082446456,False
tile_1829.npy,0.041229047,1.1640159e-05,0.082446456,False
tile_26824.npy,0.041229047,1.1640159e-05,0.082446456,False
tile_23655.npy,0.041229047,1.1640159e-05,0.082446456,False
tile_2366.npy,0.041229047,1.1640159e-05,0.082446456,False
tile_23673.npy,0.041229047,1.1640159e-05,0.082446456,False
tile_23682.npy,0.041229047,1.1640159e-05,0.082446456,False
tile_2372.npy,0.041229047,1.1640159e-05,0.082446456,False
tile_13739.npy,0.041229047,1.1640159e-05,0.082446456,False
tile_1375.npy,0.041229047,1.1640159e-05,0.082446456,False
tile_1376.npy,0.041229047,1.1640159e-05,0.082446456,False
tile_1440.npy,0.041229047,1.1640159e-05,0.082446456,False
tile_1385.npy,0.041229047,1.1640159e-05,0.082446456,False
tile_10076.npy,0.041229047,1.1640159e-05,0.082446456,False
tile_14436.npy,0.041229047,1.1640159e-05,0.082446456,False
tile_14446.npy,0.041229047,1.1640159e-05,0.082446456,False
tile_1824.npy,0.041229047,1.1640159e-05,0.082446456,False
tile_1826.npy,0.041229047,1.1640159e-05,0.082446456,False
tile_18262.npy,0.041229047,1.1640159e-05,0.082446456,False
tile_7497.npy,0.041229047,1.1640159e-05,0.082446456,False
tile_9918.npy,0.04122881,1.1640314e-05,0.08244598,False
tile_9919.npy,0.04122881,1.1640314e-05,0.08244598,False
tile_9921.npy,0.04122881,1.1640314e-05,0.08244598,False
tile_9923.npy,0.04122881,1.1640314e-05,0.08244598,False
tile_9933.npy,0.04122881,1.1640314e-05,0.08244598,False
tile_971.npy,0.04122881,1.1640314e-05,0.08244598,False
tile_973.npy,0.04122881,1.1640314e-05,0.08244598,False
tile_9735.npy,0.04122881,1.1640314e-05,0.08244598,False
tile_9738.npy,0.04122881,1.1640314e-05,0.08244598,False
tile_974.npy,0.04122881,1.1640314e-05,0.08244598,False
tile_9746.npy,0.04122881,1.1640314e-05,0.08244598,False
tile_9758.npy,0.04122881,1.1640314e-05,0.08244598,False
tile_98.npy,0.04122881,1.1640314e-05,0.08244598,False
tile_97.npy,0.04122881,1.1640314e-05,0.08244598,False
